        SET NAMES utf8mb4;
        SET @OLD_UNIQUE_CHECKS=@@UNIQUE_CHECKS, UNIQUE_CHECKS=0;
        SET @OLD_FOREIGN_KEY_CHECKS=@@FOREIGN_KEY_CHECKS, FOREIGN_KEY_CHECKS=0;
        SET @OLD_SQL_MODE=@@SQL_MODE, SQL_MODE='TRADITIONAL';
        SET @old_autocommit=@@autocommit;

        USE wrattel;

        SET AUTOCOMMIT=0;

    INSERT INTO person (id, fname, lname, year_of_study, contact_number, join_date, email, address)
VALUES(1, 'غطفان', 'آل محمد بن علي بن جماز', 5, '498-882-225', '2007-06-01', 'jbr18@yahoo.com', '88886 المهنا Dam Suite 158\nLake عبد الواحدfort, UT 84809'),
(2, 'مشرق', 'آل خضير', 1, '862-603-650', '1971-12-23', 'ljbrmunjd@hotmail.com', 'Unit 5579 Box 8328\nDPO AE 20706'),
(3, 'ياسر', 'آل معيض', 5, '302-962-445', '1978-04-29', 'shywq12@yahoo.com', '7390 حجار Meadow\nLake قائد, WA 68490'),
(4, 'فردوس', 'آل خضير', 1, '208-806-486', '2005-06-29', 'almhn@yahoo.com', '12317 المهيدب Meadow\nحنبوليmouth, IN 43797'),
(5, 'ليم', 'بقشان', 4, '489-030-247', '2013-02-27', 'sdwhbw-dwwd@hotmail.com', '9383 يزيد Springs\nLake عدليmouth, AZ 24585'),
(6, 'منيف', 'آل خضير', 1, '368-967-934', '1984-09-24', 'ryndllyn@hotmail.com', '24636 سمير Road\nآل رفيعshire, MN 82961'),
(7, 'سخاء', 'آل سعود', 4, '517-610-623', '2002-07-27', 'frwq12@hotmail.com', '31472 أبا الخيل Run\nEast وفاءport, MI 97826'),
(8, 'سفيان', 'أبا الخيل', 4, '939-738-454', '1973-10-22', 'nsr43@gmail.com', '7506 يقين Crossing Suite 054\nPort مصعب, TN 66780'),
(9, 'مادلين', 'آل عواض', 2, '756-386-013', '2021-06-04', 'al-lshykhrjy@yahoo.com', '827 آل سعود Viaduct\nPort نورfurt, MO 55812'),
(10, 'صباح', 'الدباغ', 5, '789-938-573', '2012-01-26', 'twlyn60@gmail.com', '447 ابتسام Viaduct Apt. 797\nقانتburgh, AL 84870'),
(11, 'ساجد', 'المهنا', 4, '407-708-340', '1981-01-23', 'ial-rfy@gmail.com', '394 الجفالي Port\nLake هيكل, NM 55334'),
(12, 'دليل', 'المشاولة', 1, '876-696-867', '1998-02-22', 'ual-swd@yahoo.com', '32466 حمّاد Unions\nأزهارberg, DC 63189'),
(13, 'عربي', 'آل قصير', 1, '179-620-659', '2018-08-01', 'nswr54@gmail.com', '15225 آل علي Points\nآل رفيعshire, NH 73518'),
(14, 'سرحان', 'آل رفيع', 2, '906-561-915', '2023-12-27', 'bbqshn@gmail.com', '36578 آل عواض Prairie\nWest فوّازburgh, MP 49256'),
(15, 'غزير', 'آل رفيع', 2, '173-265-298', '2014-12-29', 'al-qsyrnjdt@hotmail.com', '7936 عبد السّلام Garden Apt. 452\nرافعstad, VT 11854'),
(16, 'نصر الدّين', 'بن لادن', 3, '573-396-049', '1995-11-18', 'lmgwll-ldwyn@gmail.com', '09403 رزين Falls\nLake ريتاجstad, SD 76802'),
(17, 'كرمة', 'مهنا', 1, '920-473-785', '1974-08-09', 'ilmgwl@hotmail.com', '6615 الشايع Gateway Apt. 739\nذيبborough, VI 17802'),
(18, 'اعتماد', 'آل قصير', 2, '846-463-435', '2021-05-03', 'lmhnkhld@yahoo.com', '4799 الشايع Landing\nآل بن ظافرhaven, TN 82305'),
(19, 'خليفة', 'آل محمد بن علي بن جماز', 5, '516-832-416', '2004-07-19', 'stldbg@hotmail.com', '3693 فصيل Grove Apt. 694\nSouth فاخرhaven, CA 69366'),
(20, 'بنفسج', 'حجار', 5, '525-323-175', '2002-11-07', 'zhjr@hotmail.com', '891 شربتلي Highway\nآل عطفةfurt, AR 30924'),
(21, 'هلال', 'آل بن لافي', 1, '483-927-953', '2007-10-13', 'tqyw-ldwynal-mqt@hotmail.com', '140 الحكير Via Apt. 591\nLake سليمان, KY 89142'),
(22, 'سعود', 'آل العسكري', 4, '271-240-695', '2016-08-03', 'wlhjr@hotmail.com', '1575 آل الشيخ Street Suite 675\nLake طيّب, TX 61415'),
(23, 'ألين', 'العقيل', 4, '799-439-708', '2010-03-19', 'rmhyal-myd@yahoo.com', '38774 الحجار Wells Apt. 826\nSouth فخرview, DE 79323'),
(24, 'ناجح', 'آل معيض', 4, '990-785-461', '2021-08-16', 'ial-sltn@gmail.com', '783 غازي Island\nشربتليbury, HI 23517'),
(25, 'أفنان', 'آل خضير', 3, '589-623-336', '1975-05-31', 'ndymal-rfy@gmail.com', '609 نشوان Hills Suite 584\nكافورview, MH 29153'),
(26, 'مصباح', 'المشاولة', 2, '626-664-513', '2015-04-30', 'br18@hotmail.com', '1534 رؤوف Shore\nSouth يزيدshire, MT 65587'),
(27, 'معتوق', 'آل عطفة', 1, '178-051-708', '1993-06-09', 'al-ydmhmwd@gmail.com', '29458 المهنا Extension Suite 353\nبن لادنview, WI 89991'),
(28, 'لقمان', 'آل خضير', 1, '530-953-210', '1993-11-26', 'hsyn63@hotmail.com', '0944 فهمي Harbor\nالدباغland, WA 59433'),
(29, 'مناف', 'الدباغ', 5, '452-552-006', '2008-01-07', 'mrljbr@yahoo.com', '90371 علم الدّين Rapid Apt. 767\nLake طه, DC 48585'),
(30, 'فيّاض', 'آل مقطة', 5, '408-294-412', '2014-01-04', 'lmgwlsmd@yahoo.com', '3352 الخرافي Terrace\nSouth مُصلحmouth, OK 45467'),
(31, 'عبد الواحد', 'حجار', 4, '384-568-724', '1979-06-26', 'shywq77@gmail.com', '23752 يزيد Valley Apt. 782\nفائقmouth, AR 37995'),
(32, 'مُخيمر', 'آل علي', 1, '018-046-918', '2012-10-24', 'krm10@hotmail.com', '0216 خضر Rapid\nLake ريمان, OK 96865'),
(33, 'راني', 'الخرافي', 3, '703-940-168', '2024-05-15', 'qyl88@hotmail.com', '6139 راغب Highway Suite 806\nآل عواضside, VI 20780'),
(34, 'ظبي', 'فصيل', 5, '663-294-795', '1982-05-09', 'mral-wd@hotmail.com', '307 آل محمد بن علي بن جماز Loop Apt. 939\nغالبchester, PR 91876'),
(35, 'شادي', 'آل عواض', 1, '650-521-087', '1982-11-04', 'nmr16@gmail.com', '17635 ميار Trail\nوجيهside, FL 50744'),
(36, 'طريف', 'آل العسكري', 4, '634-672-044', '1977-07-24', 'ljlnnwwr@gmail.com', '5281 جسور Land Apt. 117\nNorth مالك, SC 94572'),
(37, 'سجى', 'الحكير', 3, '371-556-992', '2007-01-14', 'njymhn@yahoo.com', 'PSC 0316, Box 2389\nAPO AP 71135'),
(38, 'جالا', 'آل رفيع', 1, '871-720-313', '1984-10-15', 'flkhrfy@hotmail.com', '6631 طموح Shore Apt. 383\nريّانville, NC 22582'),
(39, 'ثقيف', 'آل رفيع', 3, '009-789-527', '2010-03-29', 'dhwkljfly@hotmail.com', '37781 منيع Trail Suite 031\nحمودchester, MS 03481'),
(40, 'وصاف', 'أبا الخيل', 5, '325-304-092', '1990-12-04', 'al-jfrbsm@yahoo.com', '303 لبيب Port Apt. 267\nNorth ثائر, RI 75249'),
(41, 'مأمون', 'آل خضير', 4, '247-111-261', '2008-11-30', 'bd-lbry43@yahoo.com', '6061 سلاف Mission Suite 346\nجالاstad, UT 86416'),
(42, 'كليم', 'الدباغ', 1, '295-485-133', '1999-04-26', 'wsym70@yahoo.com', '9352 الجفالي Knolls Apt. 543\nجوريّةberg, FL 66308'),
(43, 'عزمي', 'آل رفيع', 3, '218-593-546', '2012-06-18', 'tyd58@yahoo.com', '83855 بقشان Walk Suite 608\nآل معيضport, NV 65230'),
(44, 'علوان', 'آل عايض', 1, '928-107-586', '2017-11-25', 'b-lkhylfrs@yahoo.com', '3933 نصر الدّين Roads Suite 029\nصالحville, AK 13506'),
(45, 'نوره', 'آل عايض', 1, '454-608-999', '1974-06-20', 'nwrh07@hotmail.com', '02539 ابتكار Mountains Suite 302\nWest سديمfort, SC 92108'),
(46, 'فيصل', 'آل مقطة', 5, '411-830-718', '2018-11-26', 'nbyllmgwl@yahoo.com', '49322 فؤاد Loop Apt. 962\nجسورmouth, HI 33794'),
(47, 'مصعب', 'آل خضير', 1, '185-764-027', '1994-06-21', 'thsynal-mhmd-bn-ly-bn-jmz@gmail.com', '9427 آل محمد بن علي بن جماز Spurs\nEast راماport, OK 00922'),
(48, 'ثروت', 'الخرافي', 1, '170-239-777', '1988-01-12', 'lhjrslmn@hotmail.com', '866 صالح Pines Apt. 017\nبثينةfurt, DC 56118'),
(49, 'مشرف', 'الخرافي', 5, '261-556-201', '1996-01-29', 'mdlynal-hsyn@hotmail.com', '4993 مرزوق Track Suite 966\nSouth جودchester, SD 14125'),
(50, 'صدقي', 'الدباغ', 2, '911-318-963', '1978-02-27', 'kbyral-hsyn@yahoo.com', '102 هيام Orchard Apt. 011\nديمهland, NJ 03019'),
(51, 'بيلسان', 'العقيل', 1, '526-017-675', '2005-03-10', 'tb15@yahoo.com', '454 المشاولة Vista Apt. 658\nنشوانborough, GA 20653'),
(52, 'فدائي', 'الدباغ', 1, '598-959-728', '1978-05-13', 'shrbtlytly@hotmail.com', '76348 الشايع Summit\nLake رواء, NC 05699'),
(53, 'ضحى', 'آل علي', 4, '205-002-560', '1986-04-26', 'mnal-khdyr@hotmail.com', '5825 الدباغ Turnpike Apt. 838\nSouth شوقيbury, SD 86947'),
(54, 'اصيل', 'الراشد', 4, '331-161-915', '1971-06-14', 'gryd47@yahoo.com', '6372 آل سعود Keys Suite 442\nSouth رامز, UT 52774'),
(55, 'مناف', 'حنبولي', 4, '172-836-442', '2007-02-22', 'lmhydbbthyn@hotmail.com', '90122 آل سعود Street Apt. 904\nEast يانع, MH 19347'),
(56, 'نظمي', 'آل عطفة', 5, '935-709-732', '1995-06-13', 'lshythqb@hotmail.com', '994 رمحي Ridge\nPort قانتport, MD 31053'),
(57, 'نصور', 'آل بن لافي', 5, '129-023-059', '2016-06-25', 'lhfn49@hotmail.com', '7842 الحجار Wall\nNew مصعب, IL 07440'),
(58, 'داهي', 'آل الشيخ', 5, '390-774-118', '1998-08-24', 'tal-ly@yahoo.com', 'PSC 6041, Box 7533\nAPO AA 11250'),
(59, 'طائع', 'المشاولة', 2, '798-422-509', '2000-09-02', 'nal-rfy@yahoo.com', '897 المشاولة Wells\nEast ذريع, NM 67447'),
(60, 'طالب', 'آل عطفة', 1, '323-648-004', '1984-01-01', 'lrshdnsyf@hotmail.com', '750 نصر Mission Suite 533\nأبا الخيلmouth, NE 99541'),
(61, 'لؤي', 'أبا الخيل', 2, '863-083-879', '1995-08-09', 'nsyb35@gmail.com', '9200 الشايع Trafficway Suite 465\nمظهرfurt, AR 54938'),
(62, 'يارا', 'حنبولي', 1, '769-106-130', '1978-09-30', 'fldbg@gmail.com', '7879 هيمان Parkways\nآل العسكريville, IN 81899'),
(63, 'خاشعة', 'الشايع', 4, '057-960-963', '2000-12-04', 'knn25@yahoo.com', '90993 سديم Road Suite 847\nNew عدويmouth, MS 33879'),
(64, 'رواء', 'العجلان', 1, '420-143-835', '2011-08-01', 'al-bn-lfyhbwb@gmail.com', '445 كانو Union\nPort رسميhaven, LA 99218'),
(65, 'ألين', 'آل سلطان', 2, '462-417-490', '2019-06-30', 'lhkyrfkry@yahoo.com', '97835 سعود Parks\nWest رامحtown, DC 08214'),
(66, 'عبد الصّمد', 'آل علي', 5, '030-230-864', '2024-06-26', 'lhkyrmymwn@gmail.com', '7022 آل علي Wells Apt. 046\nSouth نائل, VA 86584'),
(67, 'حمّاد', 'آل صفوان', 3, '267-792-809', '2014-09-20', 'xljbr@hotmail.com', '3976 آل قصير Drives Suite 986\nEast وجيه, PA 53857'),
(68, 'ذكي', 'بن لادن', 4, '656-861-678', '1978-04-30', 'wsym96@hotmail.com', '172 الشايع Courts Apt. 261\nPort حمود, DE 61620'),
(69, 'بدرالدّجى', 'الجفالي', 3, '210-384-268', '2022-08-12', 'jbr16@hotmail.com', 'PSC 0721, Box 4531\nAPO AA 07432'),
(70, 'مَجدي', 'آل سعود', 5, '192-489-797', '2022-06-04', 'hmdyal-lskry@hotmail.com', '2963 ضرغام Ridges Apt. 481\nNew عبد السّلام, PA 89129'),
(71, 'صادق', 'المهيدب', 1, '097-593-711', '1971-06-30', 'al-khdyrhsn@gmail.com', '91404 نوّاف Ramp\nالشايعshire, MO 30118'),
(72, 'فؤاد', 'العليان', 4, '453-131-594', '1993-02-26', 'qlhkyr@gmail.com', '7992 خافق Avenue Apt. 555\nالدباغland, CT 64931'),
(73, 'افتكار', 'المهنا', 2, '952-928-825', '1987-09-30', 'zhrnbn-ldn@hotmail.com', '3897 كانو Village Apt. 873\nSouth نظمي, AL 44288'),
(74, 'ظاهر', 'آل العسكري', 2, '199-590-606', '2011-06-06', 'rmdnal-mqt@hotmail.com', 'USNV الجفالي\nFPO AP 31645'),
(75, 'محفوظ', 'مهنا', 1, '986-550-065', '1992-11-03', 'al-bn-lfynbhn@gmail.com', '5621 آل مقطة Meadows Suite 556\nواثقborough, NC 68726'),
(76, 'عدوي', 'آل صفوان', 3, '832-297-649', '1990-10-28', 'frjbqshn@yahoo.com', '1594 مطاوع Green Apt. 346\nذريعhaven, LA 85351'),
(77, 'عبدالله', 'كانو', 2, '541-233-394', '2001-10-06', 'dal-qsyr@yahoo.com', '5507 الشايع Vista Suite 810\nSouth مصباحchester, AR 60093'),
(78, 'ميمون', 'كانو', 2, '233-338-640', '2024-04-03', 'hzr29@gmail.com', 'Unit 2494 Box 9191\nDPO AA 98320'),
(79, 'سالم', 'آل الشيخ', 3, '617-206-758', '1970-01-18', 'ndl36@gmail.com', '461 حكيم Plains Apt. 863\nEast ضرغام, AZ 19776'),
(80, 'مازن', 'آل العسكري', 2, '155-116-702', '1974-02-23', 'al-rfyrfn@gmail.com', '6920 غالب Fork Apt. 400\nآل رفيعburgh, NH 71235'),
(81, 'دهمان', 'آل جعفر', 4, '299-770-793', '2013-01-10', 'jmnljln@yahoo.com', '37840 حنبولي Drive Suite 723\nSouth فخر, IA 79906'),
(82, 'اصيل', 'آل العسكري', 1, '068-660-719', '2024-01-06', 'jmn92@yahoo.com', '765 كانو Plaza\nشربتليland, ME 51817'),
(83, 'مادلين', 'العقيل', 3, '287-144-991', '1984-11-18', 'mhybal-yd@gmail.com', '1262 بقشان Drive\nناصرhaven, FM 13046'),
(84, 'نعمان', 'العقيل', 4, '824-712-766', '1988-12-14', 'mal-sltn@yahoo.com', '346 آل جعفر Creek Apt. 246\nتوفيقburgh, MI 60178'),
(85, 'باهرة', 'شربتلي', 3, '493-027-696', '2016-09-28', 'al-bn-lfywlyd@yahoo.com', '2502 مؤنس Centers Suite 415\nNew مُسعف, AK 47867'),
(86, 'كنار', 'آل رفيع', 4, '240-393-280', '1973-11-20', 'bb-lkhyl@yahoo.com', '59470 شربتلي Port\nحنبوليtown, IA 87671'),
(87, 'بيلسان', 'فصيل', 5, '545-049-757', '1978-09-03', 'ndylqyl@hotmail.com', '996 واصف Groves Apt. 606\nبقشانton, CO 06392'),
(88, 'صدر الدّين', 'آل عواض', 2, '016-790-221', '1990-12-20', 'nwrknw@gmail.com', '457 آل صفوان Stream Apt. 606\nWest ترانيم, SD 75310'),
(89, 'عبد العزيز', 'العجلان', 4, '608-767-442', '2022-06-14', 'bw-dwwdrft@yahoo.com', '25681 الدباغ Manor Suite 688\nخلوصيtown, DE 90155'),
(90, 'مناف', 'آل رفيع', 1, '998-626-982', '1972-02-15', 'bal-tf@yahoo.com', '2772 آل عواض Loaf Suite 888\nالمهيدبchester, CO 33785'),
(91, 'رازي', 'آل سعود', 3, '011-166-662', '1998-09-01', 'rshd29@yahoo.com', '0007 غالب Summit Suite 327\nمعزّstad, WI 27874'),
(92, 'عتيد', 'المهنا', 1, '588-584-642', '2022-10-15', 'al-jfrtf@yahoo.com', '65675 آل رفيع Stream\nWest جميلport, AL 68638'),
(93, 'ضياء الدّين', 'أبا الخيل', 2, '458-425-120', '2004-12-09', 'mhnsbry@gmail.com', '19740 شربتلي Viaduct\nآل مقطةfurt, LA 35095'),
(94, 'ربيع', 'آل بن لافي', 2, '291-280-013', '2023-03-24', 'lmhnmunjd@gmail.com', '49788 عقيل Manor Suite 114\nNew قدري, PA 76235'),
(95, 'فوّاز', 'آل بن لافي', 1, '867-087-164', '2000-10-16', 'tldbg@hotmail.com', 'Unit 3682 Box 4495\nDPO AE 93268'),
(96, 'مجد', 'آل رفيع', 4, '067-747-498', '2005-06-19', 'lmal-ly@yahoo.com', '82969 أبا الخيل Trail Apt. 896\nSouth قصيchester, UT 22944'),
(97, 'خافق', 'المشاولة', 4, '304-168-686', '1986-10-08', 'pal-lskry@gmail.com', '32046 مالك Terrace Apt. 601\nالحكيرport, WI 68431'),
(98, 'سلمان', 'أبو داوود', 2, '259-882-888', '2013-07-09', 'shywqlmgwl@gmail.com', '9694 أبو داوود Oval Suite 744\nآل سعودmouth, CT 07995'),
(99, 'آلاء', 'الراشد', 1, '362-203-023', '2015-04-30', 'yal-lskry@gmail.com', 'USNS آل بن ظافر\nFPO AA 15456'),
(100, 'محجوب', 'آل معيض', 2, '210-686-957', '2021-02-02', 'plshy@yahoo.com', '669 العليان Mill Suite 768\nمريمport, ME 36742');



INSERT INTO student(id, status)
VALUES(1, 'نشط'),
(2, 'متخرج'),
(3, 'متخرج'),
(4, 'نشط'),
(5, 'منقطع'),
(6, 'منقطع'),
(7, 'منقطع'),
(8, 'نشط'),
(9, 'نشط'),
(10, 'منقطع'),
(11, 'منقطع'),
(12, 'متخرج'),
(13, 'منقطع'),
(14, 'متخرج'),
(15, 'منقطع'),
(16, 'متخرج'),
(17, 'منقطع'),
(18, 'نشط'),
(19, 'نشط'),
(20, 'منقطع'),
(21, 'منقطع'),
(22, 'متخرج'),
(23, 'منقطع'),
(24, 'متخرج'),
(25, 'منقطع'),
(26, 'متخرج'),
(27, 'منقطع'),
(28, 'متخرج'),
(29, 'نشط'),
(30, 'منقطع'),
(31, 'نشط'),
(32, 'منقطع'),
(33, 'منقطع'),
(34, 'نشط'),
(35, 'متخرج'),
(36, 'منقطع'),
(37, 'منقطع'),
(38, 'منقطع'),
(39, 'منقطع'),
(40, 'متخرج'),
(41, 'منقطع'),
(42, 'متخرج'),
(43, 'منقطع'),
(44, 'منقطع'),
(45, 'منقطع'),
(46, 'منقطع'),
(47, 'متخرج'),
(48, 'نشط'),
(49, 'نشط'),
(50, 'منقطع'),
(51, 'منقطع'),
(52, 'متخرج'),
(53, 'منقطع'),
(54, 'منقطع'),
(55, 'نشط'),
(56, 'نشط'),
(57, 'منقطع'),
(58, 'متخرج'),
(59, 'متخرج'),
(60, 'نشط'),
(61, 'متخرج'),
(62, 'نشط'),
(63, 'متخرج'),
(64, 'نشط'),
(65, 'منقطع'),
(66, 'منقطع'),
(67, 'نشط'),
(68, 'منقطع'),
(69, 'متخرج'),
(70, 'منقطع'),
(71, 'متخرج'),
(72, 'منقطع'),
(73, 'منقطع'),
(74, 'متخرج'),
(75, 'منقطع'),
(76, 'نشط'),
(77, 'منقطع'),
(78, 'منقطع'),
(79, 'نشط'),
(80, 'متخرج'),
(81, 'منقطع'),
(82, 'متخرج'),
(83, 'نشط'),
(84, 'متخرج'),
(85, 'نشط'),
(86, 'منقطع'),
(87, 'نشط'),
(88, 'متخرج'),
(89, 'منقطع'),
(90, 'منقطع');



INSERT INTO supervisor(id, role, became_supervisor_at, retired_at)
VALUES(91, 'مشرف', '2001-12-24', '2013-06-02'),
(92, 'مسمع', '2007-09-17', '1983-05-18'),
(93, 'سبر', '1986-08-20', '1980-01-14'),
(94, 'مشرف', '1983-12-10', '2005-10-10'),
(95, 'مشرف', '1975-12-29', '2021-06-12'),
(96, 'مسمع', '1974-09-14', '1975-03-13'),
(97, 'مسمع', '1974-03-20', '1985-04-07'),
(98, 'مسمع', '1973-05-18', '1989-08-05'),
(99, 'مسمع', '1998-05-08', '1970-11-23'),
(100, 'سبر', '1991-04-02', '2014-05-18');




INSERT INTO student_supervisor(id, student_id, supervisor_id, retired_at)
VALUES(1, 1, 99, '2017-10-17'),
(2, 2, 93, '2000-02-08'),
(3, 3, 99, '2004-12-21'),
(4, 4, 93, '1985-10-23'),
(5, 5, 93, '1972-02-29'),
(6, 6, 99, '1989-08-19'),
(7, 7, 91, '2010-07-20'),
(8, 8, 95, '2016-07-23'),
(9, 9, 98, '2013-04-04'),
(10, 10, 100, '2016-04-05'),
(11, 11, 93, '1996-10-02'),
(12, 12, 95, '2020-04-26'),
(13, 13, 97, '1992-09-01'),
(14, 14, 91, '2014-02-08'),
(15, 15, 95, '1994-02-03'),
(16, 16, 96, '1989-06-24'),
(17, 17, 98, '2006-07-03'),
(18, 18, 94, '2001-04-11'),
(19, 19, 95, '2017-01-12'),
(20, 20, 100, '1988-07-29'),
(21, 21, 98, '2002-12-28'),
(22, 22, 97, '2019-03-27'),
(23, 23, 100, '1994-05-16'),
(24, 24, 91, '1991-05-27'),
(25, 25, 97, '1983-09-04'),
(26, 26, 91, '1989-11-03'),
(27, 27, 96, '2015-07-12'),
(28, 28, 96, '2022-07-06'),
(29, 29, 93, '1981-10-04'),
(30, 30, 96, '2002-11-23'),
(31, 31, 95, '1972-04-05'),
(32, 32, 98, '1979-09-13'),
(33, 33, 95, '2004-02-03'),
(34, 34, 99, '1987-01-09'),
(35, 35, 97, '2018-06-22'),
(36, 36, 93, '1997-01-12'),
(37, 37, 96, '2010-02-10'),
(38, 38, 94, '2006-07-19'),
(39, 39, 96, '2024-02-25'),
(40, 40, 100, '1996-02-16'),
(41, 41, 94, '1988-12-31'),
(42, 42, 91, '1993-09-19'),
(43, 43, 96, '1972-07-11'),
(44, 44, 99, '1997-06-07'),
(45, 45, 92, '2011-05-25'),
(46, 46, 96, '1970-02-06'),
(47, 47, 96, '2010-06-10'),
(48, 48, 99, '1989-08-24'),
(49, 49, 97, '2013-01-09'),
(50, 50, 91, '1984-08-31'),
(51, 51, 99, '1977-05-29'),
(52, 52, 91, '1971-07-21'),
(53, 53, 97, '1985-01-25'),
(54, 54, 99, '1985-06-24'),
(55, 55, 91, '2008-03-24'),
(56, 56, 97, '1983-06-19'),
(57, 57, 100, '1971-05-01'),
(58, 58, 95, '1970-02-11'),
(59, 59, 96, '2011-10-30'),
(60, 60, 98, '2023-12-29'),
(61, 61, 95, '1982-09-22'),
(62, 62, 94, '1984-05-24'),
(63, 63, 99, '1999-09-21'),
(64, 64, 94, '1977-02-05'),
(65, 65, 96, '2015-10-06'),
(66, 66, 99, '1988-08-08'),
(67, 67, 94, '1977-11-22'),
(68, 68, 100, '2011-07-15'),
(69, 69, 93, '2009-12-30'),
(70, 70, 92, '1984-11-01'),
(71, 71, 95, '2021-07-05'),
(72, 72, 99, '1972-08-30'),
(73, 73, 91, '1999-07-15'),
(74, 74, 100, '1976-06-16'),
(75, 75, 96, '1994-05-25'),
(76, 76, 95, '2019-06-30'),
(77, 77, 94, '2012-05-13'),
(78, 78, 92, '1993-09-16'),
(79, 79, 100, '2002-04-22'),
(80, 80, 97, '2014-11-24'),
(81, 81, 96, '1978-02-23'),
(82, 82, 97, '2003-07-15'),
(83, 83, 92, '2017-10-08'),
(84, 84, 94, '1991-09-16'),
(85, 85, 92, '2005-08-16'),
(86, 86, 91, '1991-05-02'),
(87, 87, 95, '2011-02-03'),
(88, 88, 99, '1980-09-16'),
(89, 89, 95, '1970-02-10'),
(90, 90, 91, '1991-01-03');
            INSERT INTO level(id, name, description, plan)
            VALUES(1, 'تلاوة', 'مستوى التجويد ضعيف', 'تلاوة 4 أجزاء على المسمع وتعلم كتاب لغتي وقرآني وعند الانتهاء ينقل للانتقالي'),
            (2, 'غيبي', 'مستوى التجويد جيّد', 'تعلم كتاب المنهج الموحّد في التجويد و تسميع عدد من الصفحات حاضرًا حتّى يصبح تجويده ممتازًا وبناءً على تقاريره ينقل إلى الغيبي'),
            (3, 'انتقالي', 'مستوى التجويد ممتاز', 'تسميع الصفحات غيبًا وإجراء سبر لكل جزء ينهيه وعند حفظه لجميع الأجزاء يبدأ بالإجازة'),
            (4, 'اجازة', 'مستوى التجويد ممتاز وتم حفظ وسبر جميع أجزاء القرآن', 'تعلّم نظم المقدمة الجزريّة وإعادة سبر جميع الأجزاء عند مسمع واحد فقط');
INSERT INTO student_level(id, level_id, student_id, reached_at)
VALUES(1, 3, 1, '2011-01-17'),
(2, 1, 2, '1988-03-22'),
(3, 4, 3, '2002-11-06'),
(4, 3, 4, '1987-04-12'),
(5, 2, 5, '2015-10-22'),
(6, 3, 6, '2025-01-18'),
(7, 4, 7, '1982-11-28'),
(8, 2, 8, '1973-08-30'),
(9, 1, 9, '2008-07-11'),
(10, 3, 10, '2016-06-09'),
(11, 4, 11, '1976-04-01'),
(12, 3, 12, '1972-07-24'),
(13, 2, 13, '2008-04-02'),
(14, 3, 14, '1972-03-01'),
(15, 1, 15, '1978-08-04'),
(16, 2, 16, '1983-06-04'),
(17, 2, 17, '2001-06-03'),
(18, 4, 18, '2006-06-23'),
(19, 2, 19, '1973-10-14'),
(20, 3, 20, '2015-06-15'),
(21, 3, 21, '1974-09-12'),
(22, 2, 22, '1989-01-25'),
(23, 3, 23, '2018-08-10'),
(24, 3, 24, '2002-01-30'),
(25, 4, 25, '1997-08-09'),
(26, 3, 26, '1973-01-22'),
(27, 2, 27, '1984-07-25'),
(28, 1, 28, '2018-04-30'),
(29, 1, 29, '2016-01-21'),
(30, 4, 30, '1973-09-24'),
(31, 3, 31, '1982-10-26'),
(32, 3, 32, '1981-08-11'),
(33, 4, 33, '1990-03-09'),
(34, 3, 34, '1976-02-23'),
(35, 1, 35, '1995-08-28'),
(36, 3, 36, '2012-01-24'),
(37, 2, 37, '1996-02-09'),
(38, 1, 38, '2002-02-16'),
(39, 4, 39, '2025-05-19'),
(40, 1, 40, '2025-02-23'),
(41, 2, 41, '2000-04-09'),
(42, 2, 42, '2022-10-08'),
(43, 4, 43, '2001-08-21'),
(44, 1, 44, '2018-05-31'),
(45, 1, 45, '2022-08-29'),
(46, 4, 46, '1978-09-24'),
(47, 4, 47, '2010-02-07'),
(48, 2, 48, '1974-10-27'),
(49, 2, 49, '1996-01-02'),
(50, 4, 50, '2016-09-22'),
(51, 4, 51, '1978-11-10'),
(52, 2, 52, '1982-09-04'),
(53, 2, 53, '1998-07-19'),
(54, 4, 54, '2001-12-25'),
(55, 1, 55, '1978-08-26'),
(56, 2, 56, '1998-09-14'),
(57, 4, 57, '1992-07-19'),
(58, 4, 58, '1981-03-24'),
(59, 4, 59, '2021-05-08'),
(60, 1, 60, '2015-02-28'),
(61, 2, 61, '2005-07-15'),
(62, 3, 62, '1993-03-18'),
(63, 4, 63, '2021-08-15'),
(64, 3, 64, '2011-10-20'),
(65, 2, 65, '2000-08-24'),
(66, 1, 66, '1992-03-20'),
(67, 2, 67, '1997-04-04'),
(68, 4, 68, '2005-10-06'),
(69, 3, 69, '2003-10-04'),
(70, 1, 70, '1977-03-23'),
(71, 4, 71, '2006-01-29'),
(72, 4, 72, '2000-09-14'),
(73, 2, 73, '2011-06-19'),
(74, 1, 74, '1994-07-10'),
(75, 4, 75, '2005-10-16'),
(76, 3, 76, '1989-06-23'),
(77, 4, 77, '1999-03-03'),
(78, 4, 78, '1985-08-25'),
(79, 4, 79, '2002-11-01'),
(80, 1, 80, '2016-11-02'),
(81, 1, 81, '2012-03-07'),
(82, 2, 82, '1988-07-13'),
(83, 1, 83, '1984-11-18'),
(84, 2, 84, '2016-01-16'),
(85, 1, 85, '1976-11-13'),
(86, 2, 86, '2015-09-26'),
(87, 1, 87, '1989-05-30'),
(88, 4, 88, '1976-12-19'),
(89, 3, 89, '2017-11-03'),
(90, 1, 90, '2019-01-22');
            INSERT INTO error(id, error_type, score)
            VALUES(1, 'تجويدي', -4),
            (2, 'حفظي', -3),
            (3, 'تشكيلي', -2);
INSERT INTO report(id, student_supervisor_id, student_level_id, start_page, qty)
VALUES(1, 1, 81, '590', '13'),
(2, 1, 9, '227', '10'),
(3, 1, 53, '7', '4'),
(4, 1, 61, '528', '18'),
(5, 1, 8, '428', '7'),
(6, 1, 90, '374', '12'),
(7, 1, 38, '562', '10'),
(8, 1, 12, '435', '5'),
(9, 1, 6, '505', '17'),
(10, 1, 8, '38', '12'),
(11, 2, 38, '119', '3'),
(12, 2, 84, '172', '5'),
(13, 2, 84, '184', '20'),
(14, 2, 86, '239', '6'),
(15, 2, 69, '53', '8'),
(16, 2, 19, '77', '4'),
(17, 2, 74, '80', '17'),
(18, 2, 5, '546', '13'),
(19, 2, 72, '143', '4'),
(20, 2, 80, '296', '16'),
(21, 3, 61, '49', '9'),
(22, 3, 90, '480', '5'),
(23, 3, 60, '555', '10'),
(24, 3, 49, '340', '15'),
(25, 3, 45, '276', '10'),
(26, 3, 49, '125', '17'),
(27, 3, 44, '194', '12'),
(28, 3, 57, '515', '3'),
(29, 3, 30, '86', '20'),
(30, 3, 84, '406', '10'),
(31, 4, 50, '292', '13'),
(32, 4, 81, '535', '5'),
(33, 4, 69, '261', '20'),
(34, 4, 42, '498', '18'),
(35, 4, 12, '549', '19'),
(36, 4, 19, '256', '17'),
(37, 4, 11, '551', '18'),
(38, 4, 42, '306', '7'),
(39, 4, 53, '565', '6'),
(40, 4, 37, '112', '17'),
(41, 5, 14, '196', '11'),
(42, 5, 61, '546', '3'),
(43, 5, 89, '90', '13'),
(44, 5, 14, '532', '19'),
(45, 5, 62, '10', '5'),
(46, 5, 88, '228', '9'),
(47, 5, 17, '278', '4'),
(48, 5, 6, '141', '12'),
(49, 5, 47, '313', '3'),
(50, 5, 3, '274', '15'),
(51, 6, 72, '566', '4'),
(52, 6, 58, '93', '5'),
(53, 6, 90, '206', '10'),
(54, 6, 1, '184', '3'),
(55, 6, 11, '33', '9'),
(56, 6, 82, '172', '20'),
(57, 6, 14, '398', '11'),
(58, 6, 31, '102', '20'),
(59, 6, 36, '181', '14'),
(60, 6, 82, '142', '5'),
(61, 7, 22, '13', '6'),
(62, 7, 59, '213', '14'),
(63, 7, 31, '424', '11'),
(64, 7, 86, '255', '10'),
(65, 7, 28, '417', '21'),
(66, 7, 55, '281', '5'),
(67, 7, 80, '165', '8'),
(68, 7, 79, '509', '3'),
(69, 7, 25, '560', '6'),
(70, 7, 28, '115', '20'),
(71, 8, 50, '570', '19'),
(72, 8, 87, '108', '8'),
(73, 8, 63, '69', '3'),
(74, 8, 8, '8', '10'),
(75, 8, 51, '245', '8'),
(76, 8, 37, '317', '14'),
(77, 8, 1, '207', '17'),
(78, 8, 27, '37', '12'),
(79, 8, 61, '73', '12'),
(80, 8, 59, '52', '10'),
(81, 9, 60, '366', '11'),
(82, 9, 88, '434', '20'),
(83, 9, 18, '140', '19'),
(84, 9, 11, '398', '19'),
(85, 9, 28, '414', '9'),
(86, 9, 50, '455', '19'),
(87, 9, 52, '119', '12'),
(88, 9, 37, '83', '6'),
(89, 9, 20, '545', '17'),
(90, 9, 36, '581', '5'),
(91, 10, 77, '537', '16'),
(92, 10, 82, '110', '4'),
(93, 10, 52, '501', '11'),
(94, 10, 73, '215', '15'),
(95, 10, 68, '132', '16'),
(96, 10, 5, '547', '17'),
(97, 10, 76, '394', '7'),
(98, 10, 6, '105', '17'),
(99, 10, 11, '533', '9'),
(100, 10, 60, '401', '7'),
(101, 11, 41, '243', '15'),
(102, 11, 75, '394', '7'),
(103, 11, 67, '547', '4'),
(104, 11, 68, '136', '8'),
(105, 11, 89, '135', '11'),
(106, 11, 21, '268', '13'),
(107, 11, 54, '575', '9'),
(108, 11, 74, '359', '15'),
(109, 11, 38, '32', '17'),
(110, 11, 33, '377', '15'),
(111, 12, 64, '467', '17'),
(112, 12, 47, '287', '10'),
(113, 12, 49, '178', '16'),
(114, 12, 89, '241', '9'),
(115, 12, 79, '445', '13'),
(116, 12, 36, '604', '20'),
(117, 12, 12, '336', '20'),
(118, 12, 17, '472', '14'),
(119, 12, 27, '121', '3'),
(120, 12, 66, '493', '8'),
(121, 13, 47, '459', '4'),
(122, 13, 71, '69', '15'),
(123, 13, 44, '366', '3'),
(124, 13, 29, '502', '12'),
(125, 13, 58, '414', '12'),
(126, 13, 87, '459', '5'),
(127, 13, 40, '452', '6'),
(128, 13, 89, '140', '11'),
(129, 13, 61, '140', '16'),
(130, 13, 69, '134', '17'),
(131, 14, 66, '59', '11'),
(132, 14, 26, '180', '5'),
(133, 14, 36, '589', '9'),
(134, 14, 90, '14', '12'),
(135, 14, 49, '544', '14'),
(136, 14, 60, '13', '9'),
(137, 14, 88, '547', '5'),
(138, 14, 7, '249', '10'),
(139, 14, 49, '49', '17'),
(140, 14, 80, '568', '21'),
(141, 15, 14, '336', '18'),
(142, 15, 19, '360', '3'),
(143, 15, 78, '108', '15'),
(144, 15, 68, '96', '14'),
(145, 15, 44, '474', '21'),
(146, 15, 80, '341', '15'),
(147, 15, 8, '442', '8'),
(148, 15, 37, '62', '4'),
(149, 15, 76, '382', '11'),
(150, 15, 88, '277', '17'),
(151, 16, 87, '189', '11'),
(152, 16, 17, '357', '16'),
(153, 16, 46, '467', '14'),
(154, 16, 40, '265', '18'),
(155, 16, 42, '57', '16'),
(156, 16, 13, '122', '12'),
(157, 16, 24, '88', '14'),
(158, 16, 89, '309', '18'),
(159, 16, 84, '408', '19'),
(160, 16, 50, '269', '13'),
(161, 17, 11, '135', '19'),
(162, 17, 50, '336', '9'),
(163, 17, 71, '233', '3'),
(164, 17, 69, '534', '20'),
(165, 17, 37, '387', '3'),
(166, 17, 30, '247', '12'),
(167, 17, 14, '243', '14'),
(168, 17, 31, '394', '15'),
(169, 17, 29, '368', '12'),
(170, 17, 22, '12', '17'),
(171, 18, 76, '221', '14'),
(172, 18, 74, '519', '12'),
(173, 18, 49, '493', '14'),
(174, 18, 73, '477', '8'),
(175, 18, 25, '519', '15'),
(176, 18, 90, '2', '15'),
(177, 18, 73, '538', '5'),
(178, 18, 23, '553', '8'),
(179, 18, 21, '88', '18'),
(180, 18, 25, '597', '17'),
(181, 19, 32, '71', '8'),
(182, 19, 5, '594', '21'),
(183, 19, 80, '556', '5'),
(184, 19, 23, '580', '6'),
(185, 19, 81, '549', '12'),
(186, 19, 54, '328', '17'),
(187, 19, 87, '163', '17'),
(188, 19, 70, '402', '11'),
(189, 19, 71, '130', '9'),
(190, 19, 26, '14', '9'),
(191, 20, 18, '326', '14'),
(192, 20, 52, '521', '3'),
(193, 20, 30, '140', '13'),
(194, 20, 89, '54', '20'),
(195, 20, 61, '40', '18'),
(196, 20, 85, '29', '13'),
(197, 20, 64, '15', '7'),
(198, 20, 29, '221', '11'),
(199, 20, 37, '554', '13'),
(200, 20, 5, '166', '13'),
(201, 21, 26, '180', '14'),
(202, 21, 64, '481', '14'),
(203, 21, 20, '148', '11'),
(204, 21, 28, '235', '19'),
(205, 21, 6, '289', '17'),
(206, 21, 36, '333', '13'),
(207, 21, 51, '582', '6'),
(208, 21, 80, '79', '15'),
(209, 21, 29, '19', '16'),
(210, 21, 9, '363', '19'),
(211, 22, 85, '312', '8'),
(212, 22, 4, '40', '18'),
(213, 22, 65, '447', '19'),
(214, 22, 82, '41', '15'),
(215, 22, 44, '424', '21'),
(216, 22, 79, '145', '9'),
(217, 22, 80, '68', '12'),
(218, 22, 25, '248', '3'),
(219, 22, 80, '514', '8'),
(220, 22, 64, '364', '15'),
(221, 23, 78, '357', '5'),
(222, 23, 60, '575', '6'),
(223, 23, 12, '259', '15'),
(224, 23, 37, '339', '13'),
(225, 23, 45, '84', '21'),
(226, 23, 39, '205', '18'),
(227, 23, 52, '472', '8'),
(228, 23, 30, '128', '20'),
(229, 23, 66, '394', '4'),
(230, 23, 45, '534', '12'),
(231, 24, 17, '550', '10'),
(232, 24, 63, '561', '9'),
(233, 24, 27, '162', '18'),
(234, 24, 51, '362', '11'),
(235, 24, 36, '199', '17'),
(236, 24, 15, '86', '12'),
(237, 24, 87, '599', '3'),
(238, 24, 68, '402', '11'),
(239, 24, 14, '305', '12'),
(240, 24, 60, '175', '20'),
(241, 25, 19, '5', '5'),
(242, 25, 85, '260', '14'),
(243, 25, 67, '550', '12'),
(244, 25, 11, '357', '9'),
(245, 25, 65, '294', '11'),
(246, 25, 77, '103', '21'),
(247, 25, 80, '512', '3'),
(248, 25, 79, '476', '8'),
(249, 25, 10, '90', '7'),
(250, 25, 25, '557', '21'),
(251, 26, 75, '521', '11'),
(252, 26, 58, '294', '3'),
(253, 26, 51, '1', '5'),
(254, 26, 8, '191', '7'),
(255, 26, 78, '132', '11'),
(256, 26, 60, '216', '12'),
(257, 26, 66, '32', '20'),
(258, 26, 30, '217', '5'),
(259, 26, 43, '457', '16'),
(260, 26, 5, '248', '11'),
(261, 27, 12, '184', '4'),
(262, 27, 88, '459', '5'),
(263, 27, 65, '352', '5'),
(264, 27, 11, '26', '3'),
(265, 27, 88, '492', '5'),
(266, 27, 63, '254', '11'),
(267, 27, 59, '244', '11'),
(268, 27, 82, '375', '15'),
(269, 27, 22, '159', '18'),
(270, 27, 70, '75', '8'),
(271, 28, 70, '85', '8'),
(272, 28, 42, '25', '17'),
(273, 28, 24, '472', '10'),
(274, 28, 45, '12', '14'),
(275, 28, 34, '11', '18'),
(276, 28, 43, '67', '20'),
(277, 28, 34, '77', '11'),
(278, 28, 41, '168', '5'),
(279, 28, 53, '297', '12'),
(280, 28, 76, '459', '18'),
(281, 29, 7, '84', '5'),
(282, 29, 36, '244', '16'),
(283, 29, 90, '168', '20'),
(284, 29, 88, '4', '8'),
(285, 29, 88, '575', '6'),
(286, 29, 17, '586', '17'),
(287, 29, 63, '554', '4'),
(288, 29, 28, '588', '16'),
(289, 29, 41, '323', '16'),
(290, 29, 41, '447', '21'),
(291, 30, 32, '390', '5'),
(292, 30, 38, '343', '11'),
(293, 30, 50, '381', '14'),
(294, 30, 9, '554', '5'),
(295, 30, 81, '255', '16'),
(296, 30, 46, '214', '6'),
(297, 30, 6, '415', '3'),
(298, 30, 51, '58', '5'),
(299, 30, 44, '105', '19'),
(300, 30, 10, '540', '8'),
(301, 31, 66, '408', '17'),
(302, 31, 7, '561', '13'),
(303, 31, 21, '62', '4'),
(304, 31, 19, '18', '17'),
(305, 31, 31, '459', '3'),
(306, 31, 53, '236', '15'),
(307, 31, 34, '594', '15'),
(308, 31, 20, '135', '9'),
(309, 31, 17, '555', '21'),
(310, 31, 19, '93', '3'),
(311, 32, 78, '68', '8'),
(312, 32, 12, '74', '10'),
(313, 32, 60, '341', '15'),
(314, 32, 56, '545', '7'),
(315, 32, 37, '51', '13'),
(316, 32, 23, '358', '19'),
(317, 32, 28, '294', '11'),
(318, 32, 15, '463', '18'),
(319, 32, 54, '394', '21'),
(320, 32, 1, '500', '20'),
(321, 33, 9, '372', '21'),
(322, 33, 85, '156', '12'),
(323, 33, 35, '148', '6'),
(324, 33, 67, '396', '14'),
(325, 33, 2, '353', '7'),
(326, 33, 37, '132', '10'),
(327, 33, 25, '304', '11'),
(328, 33, 52, '269', '10'),
(329, 33, 18, '512', '19'),
(330, 33, 6, '411', '10'),
(331, 34, 17, '157', '5'),
(332, 34, 76, '235', '19'),
(333, 34, 5, '37', '6'),
(334, 34, 47, '111', '7'),
(335, 34, 71, '422', '18'),
(336, 34, 79, '574', '13'),
(337, 34, 50, '227', '5'),
(338, 34, 13, '235', '4'),
(339, 34, 69, '226', '4'),
(340, 34, 64, '406', '12'),
(341, 35, 20, '141', '13'),
(342, 35, 37, '215', '14'),
(343, 35, 6, '280', '9'),
(344, 35, 38, '387', '10'),
(345, 35, 40, '4', '19'),
(346, 35, 70, '515', '16'),
(347, 35, 8, '379', '14'),
(348, 35, 14, '478', '7'),
(349, 35, 34, '499', '3'),
(350, 35, 9, '164', '5'),
(351, 36, 30, '444', '7'),
(352, 36, 90, '594', '18'),
(353, 36, 9, '523', '4'),
(354, 36, 81, '587', '3'),
(355, 36, 62, '520', '13'),
(356, 36, 54, '137', '17'),
(357, 36, 6, '3', '15'),
(358, 36, 7, '551', '10'),
(359, 36, 61, '480', '19'),
(360, 36, 30, '285', '16'),
(361, 37, 88, '595', '5'),
(362, 37, 16, '323', '6'),
(363, 37, 30, '51', '12'),
(364, 37, 46, '517', '12'),
(365, 37, 37, '307', '11'),
(366, 37, 90, '163', '6'),
(367, 37, 87, '320', '19'),
(368, 37, 64, '508', '12'),
(369, 37, 85, '343', '8'),
(370, 37, 80, '366', '19'),
(371, 38, 23, '507', '7'),
(372, 38, 9, '436', '21'),
(373, 38, 20, '228', '10'),
(374, 38, 43, '526', '19'),
(375, 38, 46, '58', '19'),
(376, 38, 25, '299', '11'),
(377, 38, 55, '143', '6'),
(378, 38, 22, '227', '19'),
(379, 38, 47, '7', '9'),
(380, 38, 28, '518', '3'),
(381, 39, 13, '576', '14'),
(382, 39, 46, '307', '14'),
(383, 39, 86, '586', '5'),
(384, 39, 32, '420', '11'),
(385, 39, 72, '507', '21'),
(386, 39, 86, '407', '20'),
(387, 39, 82, '336', '11'),
(388, 39, 71, '436', '5'),
(389, 39, 49, '229', '14'),
(390, 39, 25, '513', '5'),
(391, 40, 82, '190', '7'),
(392, 40, 69, '138', '16'),
(393, 40, 29, '513', '21'),
(394, 40, 57, '335', '10'),
(395, 40, 86, '122', '12'),
(396, 40, 9, '56', '20'),
(397, 40, 74, '301', '12'),
(398, 40, 82, '44', '20'),
(399, 40, 36, '505', '14'),
(400, 40, 87, '495', '9'),
(401, 41, 17, '335', '18'),
(402, 41, 56, '539', '15'),
(403, 41, 21, '191', '12'),
(404, 41, 56, '77', '17'),
(405, 41, 71, '33', '8'),
(406, 41, 66, '596', '16'),
(407, 41, 83, '496', '11'),
(408, 41, 54, '214', '8'),
(409, 41, 75, '550', '14'),
(410, 41, 52, '215', '20'),
(411, 42, 38, '512', '11'),
(412, 42, 29, '126', '15'),
(413, 42, 54, '487', '18'),
(414, 42, 46, '350', '20'),
(415, 42, 70, '422', '11'),
(416, 42, 16, '375', '11'),
(417, 42, 50, '574', '14'),
(418, 42, 20, '158', '10'),
(419, 42, 10, '267', '5'),
(420, 42, 89, '407', '6'),
(421, 43, 44, '386', '19'),
(422, 43, 74, '338', '21'),
(423, 43, 80, '451', '7'),
(424, 43, 89, '418', '20'),
(425, 43, 87, '147', '17'),
(426, 43, 75, '58', '21'),
(427, 43, 58, '545', '16'),
(428, 43, 76, '164', '4'),
(429, 43, 62, '366', '21'),
(430, 43, 3, '284', '21'),
(431, 44, 40, '416', '4'),
(432, 44, 37, '283', '4'),
(433, 44, 90, '404', '13'),
(434, 44, 78, '128', '11'),
(435, 44, 42, '391', '21'),
(436, 44, 81, '324', '10'),
(437, 44, 15, '68', '5'),
(438, 44, 55, '429', '9'),
(439, 44, 71, '364', '6'),
(440, 44, 68, '104', '20'),
(441, 45, 25, '456', '17'),
(442, 45, 7, '155', '10'),
(443, 45, 21, '269', '14'),
(444, 45, 45, '249', '11'),
(445, 45, 53, '9', '9'),
(446, 45, 44, '600', '11'),
(447, 45, 80, '233', '15'),
(448, 45, 27, '25', '18'),
(449, 45, 41, '468', '19'),
(450, 45, 53, '88', '16'),
(451, 46, 90, '24', '8'),
(452, 46, 51, '357', '17'),
(453, 46, 47, '132', '3'),
(454, 46, 81, '287', '21'),
(455, 46, 20, '284', '5'),
(456, 46, 80, '450', '7'),
(457, 46, 43, '167', '12'),
(458, 46, 60, '196', '9'),
(459, 46, 11, '460', '8'),
(460, 46, 30, '494', '13'),
(461, 47, 77, '604', '19'),
(462, 47, 15, '206', '14'),
(463, 47, 84, '251', '5'),
(464, 47, 22, '282', '11'),
(465, 47, 4, '596', '11'),
(466, 47, 82, '279', '17'),
(467, 47, 8, '423', '6'),
(468, 47, 84, '268', '19'),
(469, 47, 18, '214', '10'),
(470, 47, 46, '485', '16'),
(471, 48, 78, '20', '9'),
(472, 48, 66, '195', '20'),
(473, 48, 62, '325', '17'),
(474, 48, 24, '422', '9'),
(475, 48, 71, '36', '21'),
(476, 48, 49, '589', '3'),
(477, 48, 33, '65', '6'),
(478, 48, 16, '566', '18'),
(479, 48, 21, '48', '18'),
(480, 48, 5, '541', '4'),
(481, 49, 15, '46', '21'),
(482, 49, 80, '103', '5'),
(483, 49, 21, '221', '17'),
(484, 49, 50, '100', '12'),
(485, 49, 34, '242', '15'),
(486, 49, 46, '326', '4'),
(487, 49, 78, '334', '3'),
(488, 49, 19, '275', '12'),
(489, 49, 65, '139', '9'),
(490, 49, 24, '135', '5'),
(491, 50, 43, '280', '7'),
(492, 50, 75, '453', '15'),
(493, 50, 4, '42', '16'),
(494, 50, 78, '306', '8'),
(495, 50, 49, '29', '4'),
(496, 50, 49, '259', '3'),
(497, 50, 81, '593', '20'),
(498, 50, 14, '315', '4'),
(499, 50, 65, '235', '9'),
(500, 50, 1, '540', '16'),
(501, 51, 44, '588', '3'),
(502, 51, 53, '577', '21'),
(503, 51, 32, '24', '20'),
(504, 51, 15, '479', '8'),
(505, 51, 9, '551', '19'),
(506, 51, 4, '335', '6'),
(507, 51, 18, '412', '7'),
(508, 51, 65, '298', '11'),
(509, 51, 48, '66', '18'),
(510, 51, 18, '368', '9'),
(511, 52, 25, '8', '17'),
(512, 52, 78, '489', '13'),
(513, 52, 35, '581', '5'),
(514, 52, 54, '226', '8'),
(515, 52, 6, '368', '16'),
(516, 52, 68, '360', '11'),
(517, 52, 60, '342', '4'),
(518, 52, 35, '462', '10'),
(519, 52, 51, '521', '11'),
(520, 52, 52, '560', '12'),
(521, 53, 30, '328', '19'),
(522, 53, 29, '291', '16'),
(523, 53, 21, '361', '18'),
(524, 53, 5, '526', '4'),
(525, 53, 14, '233', '18'),
(526, 53, 40, '210', '10'),
(527, 53, 12, '386', '17'),
(528, 53, 61, '222', '14'),
(529, 53, 89, '80', '5'),
(530, 53, 40, '211', '13'),
(531, 54, 79, '258', '18'),
(532, 54, 33, '187', '12'),
(533, 54, 13, '167', '6'),
(534, 54, 85, '406', '11'),
(535, 54, 13, '578', '6'),
(536, 54, 3, '374', '20'),
(537, 54, 33, '291', '5'),
(538, 54, 23, '564', '11'),
(539, 54, 22, '255', '19'),
(540, 54, 69, '395', '7'),
(541, 55, 9, '573', '7'),
(542, 55, 73, '225', '20'),
(543, 55, 75, '350', '20'),
(544, 55, 43, '181', '21'),
(545, 55, 76, '514', '4'),
(546, 55, 31, '51', '14'),
(547, 55, 38, '467', '21'),
(548, 55, 42, '159', '12'),
(549, 55, 13, '195', '14'),
(550, 55, 4, '255', '19'),
(551, 56, 73, '354', '6'),
(552, 56, 75, '12', '17'),
(553, 56, 66, '341', '21'),
(554, 56, 86, '507', '3'),
(555, 56, 31, '128', '18'),
(556, 56, 84, '285', '10'),
(557, 56, 49, '102', '10'),
(558, 56, 62, '274', '8'),
(559, 56, 68, '427', '8'),
(560, 56, 66, '448', '20'),
(561, 57, 8, '84', '15'),
(562, 57, 75, '238', '17'),
(563, 57, 68, '421', '15'),
(564, 57, 77, '125', '19'),
(565, 57, 13, '292', '17'),
(566, 57, 63, '303', '13'),
(567, 57, 47, '411', '21'),
(568, 57, 19, '208', '9'),
(569, 57, 23, '450', '19'),
(570, 57, 83, '129', '17'),
(571, 58, 16, '323', '9'),
(572, 58, 79, '492', '4'),
(573, 58, 49, '179', '14'),
(574, 58, 78, '323', '8'),
(575, 58, 59, '326', '7'),
(576, 58, 58, '7', '3'),
(577, 58, 68, '173', '3'),
(578, 58, 17, '160', '20'),
(579, 58, 86, '140', '12'),
(580, 58, 48, '411', '4'),
(581, 59, 89, '578', '17'),
(582, 59, 76, '296', '10'),
(583, 59, 45, '96', '20'),
(584, 59, 75, '8', '21'),
(585, 59, 90, '143', '4'),
(586, 59, 70, '396', '19'),
(587, 59, 67, '417', '11'),
(588, 59, 11, '135', '21'),
(589, 59, 22, '374', '16'),
(590, 59, 34, '255', '21'),
(591, 60, 1, '542', '14'),
(592, 60, 80, '436', '18'),
(593, 60, 57, '540', '7'),
(594, 60, 53, '336', '10'),
(595, 60, 42, '512', '6'),
(596, 60, 88, '135', '7'),
(597, 60, 90, '562', '12'),
(598, 60, 23, '286', '16'),
(599, 60, 54, '42', '7'),
(600, 60, 34, '197', '9'),
(601, 61, 31, '3', '8'),
(602, 61, 22, '370', '8'),
(603, 61, 9, '254', '20'),
(604, 61, 3, '214', '7'),
(605, 61, 10, '567', '13'),
(606, 61, 88, '414', '21'),
(607, 61, 82, '512', '19'),
(608, 61, 14, '504', '3'),
(609, 61, 28, '525', '12'),
(610, 61, 15, '516', '19'),
(611, 62, 55, '352', '18'),
(612, 62, 64, '177', '6'),
(613, 62, 69, '359', '4'),
(614, 62, 3, '320', '16'),
(615, 62, 44, '43', '21'),
(616, 62, 47, '146', '8'),
(617, 62, 28, '202', '15'),
(618, 62, 31, '99', '12'),
(619, 62, 3, '561', '4'),
(620, 62, 85, '557', '18'),
(621, 63, 43, '30', '21'),
(622, 63, 57, '388', '16'),
(623, 63, 75, '71', '19'),
(624, 63, 4, '417', '9'),
(625, 63, 6, '448', '9'),
(626, 63, 51, '581', '10'),
(627, 63, 53, '591', '20'),
(628, 63, 65, '53', '17'),
(629, 63, 51, '270', '19'),
(630, 63, 11, '494', '5'),
(631, 64, 30, '584', '9'),
(632, 64, 10, '104', '7'),
(633, 64, 21, '542', '3'),
(634, 64, 5, '509', '11'),
(635, 64, 64, '469', '11'),
(636, 64, 6, '517', '7'),
(637, 64, 8, '30', '7'),
(638, 64, 70, '488', '17'),
(639, 64, 64, '42', '17'),
(640, 64, 74, '355', '3'),
(641, 65, 34, '523', '18'),
(642, 65, 19, '93', '19'),
(643, 65, 88, '415', '15'),
(644, 65, 35, '171', '9'),
(645, 65, 88, '337', '13'),
(646, 65, 84, '62', '14'),
(647, 65, 42, '529', '21'),
(648, 65, 68, '538', '5'),
(649, 65, 16, '405', '19'),
(650, 65, 4, '146', '7'),
(651, 66, 67, '148', '7'),
(652, 66, 69, '95', '10'),
(653, 66, 86, '537', '7'),
(654, 66, 63, '121', '17'),
(655, 66, 9, '238', '10'),
(656, 66, 70, '274', '16'),
(657, 66, 31, '579', '6'),
(658, 66, 74, '505', '4'),
(659, 66, 9, '499', '9'),
(660, 66, 59, '30', '13'),
(661, 67, 68, '380', '3'),
(662, 67, 19, '244', '13'),
(663, 67, 62, '555', '9'),
(664, 67, 28, '63', '6'),
(665, 67, 83, '242', '19'),
(666, 67, 43, '155', '9'),
(667, 67, 78, '429', '19'),
(668, 67, 28, '262', '9'),
(669, 67, 58, '47', '13'),
(670, 67, 36, '237', '15'),
(671, 68, 85, '258', '16'),
(672, 68, 55, '463', '18'),
(673, 68, 9, '51', '16'),
(674, 68, 75, '483', '3'),
(675, 68, 12, '38', '12'),
(676, 68, 78, '105', '6'),
(677, 68, 3, '56', '16'),
(678, 68, 84, '428', '8'),
(679, 68, 82, '260', '15'),
(680, 68, 18, '265', '18'),
(681, 69, 37, '476', '11'),
(682, 69, 64, '431', '20'),
(683, 69, 78, '318', '3'),
(684, 69, 32, '229', '7'),
(685, 69, 4, '600', '20'),
(686, 69, 68, '346', '3'),
(687, 69, 44, '189', '3'),
(688, 69, 84, '189', '8'),
(689, 69, 87, '262', '21'),
(690, 69, 81, '206', '9'),
(691, 70, 60, '581', '13'),
(692, 70, 16, '340', '10'),
(693, 70, 76, '217', '21'),
(694, 70, 38, '543', '21'),
(695, 70, 24, '13', '8'),
(696, 70, 52, '480', '13'),
(697, 70, 40, '563', '11'),
(698, 70, 59, '245', '5'),
(699, 70, 50, '425', '5'),
(700, 70, 64, '393', '14'),
(701, 71, 17, '249', '3'),
(702, 71, 82, '242', '11'),
(703, 71, 24, '346', '12'),
(704, 71, 6, '556', '12'),
(705, 71, 80, '250', '18'),
(706, 71, 44, '457', '4'),
(707, 71, 6, '491', '11'),
(708, 71, 61, '448', '14'),
(709, 71, 75, '148', '4'),
(710, 71, 4, '292', '14'),
(711, 72, 75, '540', '10'),
(712, 72, 18, '583', '20'),
(713, 72, 1, '520', '17'),
(714, 72, 48, '321', '7'),
(715, 72, 90, '397', '4'),
(716, 72, 6, '90', '7'),
(717, 72, 32, '90', '16'),
(718, 72, 79, '352', '6'),
(719, 72, 84, '335', '6'),
(720, 72, 52, '27', '21'),
(721, 73, 77, '546', '5'),
(722, 73, 89, '460', '10'),
(723, 73, 64, '339', '11'),
(724, 73, 55, '140', '19'),
(725, 73, 14, '393', '14'),
(726, 73, 56, '226', '8'),
(727, 73, 82, '141', '12'),
(728, 73, 80, '151', '19'),
(729, 73, 83, '54', '5'),
(730, 73, 14, '424', '9'),
(731, 74, 64, '299', '4'),
(732, 74, 17, '482', '7'),
(733, 74, 13, '478', '6'),
(734, 74, 88, '459', '12'),
(735, 74, 73, '21', '5'),
(736, 74, 10, '406', '16'),
(737, 74, 68, '387', '15'),
(738, 74, 77, '445', '21'),
(739, 74, 86, '49', '20'),
(740, 74, 22, '36', '13'),
(741, 75, 86, '169', '21'),
(742, 75, 38, '402', '13'),
(743, 75, 56, '399', '11'),
(744, 75, 71, '532', '18'),
(745, 75, 75, '5', '17'),
(746, 75, 41, '30', '17'),
(747, 75, 64, '115', '16'),
(748, 75, 85, '445', '3'),
(749, 75, 53, '253', '8'),
(750, 75, 68, '594', '16'),
(751, 76, 6, '577', '17'),
(752, 76, 19, '30', '7'),
(753, 76, 76, '368', '20'),
(754, 76, 77, '518', '14'),
(755, 76, 31, '138', '20'),
(756, 76, 49, '493', '19'),
(757, 76, 11, '323', '9'),
(758, 76, 65, '531', '8'),
(759, 76, 50, '193', '7'),
(760, 76, 87, '370', '15'),
(761, 77, 69, '100', '12'),
(762, 77, 13, '319', '4'),
(763, 77, 49, '160', '6'),
(764, 77, 40, '251', '13'),
(765, 77, 81, '315', '3'),
(766, 77, 68, '276', '12'),
(767, 77, 51, '601', '15'),
(768, 77, 86, '384', '7'),
(769, 77, 65, '356', '14'),
(770, 77, 46, '149', '8'),
(771, 78, 50, '268', '13'),
(772, 78, 36, '268', '10'),
(773, 78, 36, '36', '14'),
(774, 78, 61, '98', '17'),
(775, 78, 48, '33', '17'),
(776, 78, 87, '12', '21'),
(777, 78, 36, '569', '6'),
(778, 78, 34, '286', '6'),
(779, 78, 77, '37', '12'),
(780, 78, 36, '259', '19'),
(781, 79, 1, '584', '5'),
(782, 79, 81, '316', '12'),
(783, 79, 13, '76', '6'),
(784, 79, 12, '328', '19'),
(785, 79, 1, '451', '17'),
(786, 79, 44, '50', '11'),
(787, 79, 4, '159', '13'),
(788, 79, 36, '501', '20'),
(789, 79, 69, '202', '8'),
(790, 79, 70, '494', '19'),
(791, 80, 49, '80', '11'),
(792, 80, 63, '557', '12'),
(793, 80, 17, '51', '14'),
(794, 80, 67, '215', '15'),
(795, 80, 48, '530', '15'),
(796, 80, 6, '105', '8'),
(797, 80, 29, '410', '7'),
(798, 80, 20, '166', '16'),
(799, 80, 33, '580', '7'),
(800, 80, 6, '254', '4'),
(801, 81, 65, '369', '3'),
(802, 81, 81, '540', '14'),
(803, 81, 40, '445', '14'),
(804, 81, 65, '163', '3'),
(805, 81, 5, '290', '16'),
(806, 81, 85, '299', '16'),
(807, 81, 44, '447', '13'),
(808, 81, 76, '417', '18'),
(809, 81, 26, '568', '14'),
(810, 81, 90, '460', '11'),
(811, 82, 23, '291', '4'),
(812, 82, 36, '400', '14'),
(813, 82, 12, '54', '11'),
(814, 82, 29, '317', '13'),
(815, 82, 82, '143', '13'),
(816, 82, 69, '346', '16'),
(817, 82, 4, '187', '4'),
(818, 82, 54, '35', '4'),
(819, 82, 21, '297', '14'),
(820, 82, 71, '235', '18'),
(821, 83, 1, '74', '13'),
(822, 83, 55, '67', '5'),
(823, 83, 45, '128', '6'),
(824, 83, 65, '110', '11'),
(825, 83, 9, '171', '21'),
(826, 83, 34, '364', '6'),
(827, 83, 76, '286', '10'),
(828, 83, 78, '38', '17'),
(829, 83, 15, '168', '15'),
(830, 83, 12, '262', '18'),
(831, 84, 38, '543', '17'),
(832, 84, 66, '369', '20'),
(833, 84, 58, '493', '6'),
(834, 84, 64, '581', '20'),
(835, 84, 13, '207', '13'),
(836, 84, 78, '113', '9'),
(837, 84, 76, '34', '4'),
(838, 84, 30, '224', '11'),
(839, 84, 42, '290', '6'),
(840, 84, 62, '577', '4'),
(841, 85, 76, '386', '16'),
(842, 85, 77, '13', '10'),
(843, 85, 47, '547', '10'),
(844, 85, 5, '109', '13'),
(845, 85, 39, '330', '4'),
(846, 85, 18, '553', '15'),
(847, 85, 82, '60', '16'),
(848, 85, 14, '45', '10'),
(849, 85, 60, '97', '3'),
(850, 85, 70, '178', '6'),
(851, 86, 7, '414', '6'),
(852, 86, 17, '437', '16'),
(853, 86, 8, '178', '15'),
(854, 86, 28, '275', '11'),
(855, 86, 13, '242', '14'),
(856, 86, 39, '237', '3'),
(857, 86, 51, '90', '11'),
(858, 86, 64, '379', '8'),
(859, 86, 64, '596', '14'),
(860, 86, 61, '498', '21'),
(861, 87, 31, '567', '16'),
(862, 87, 21, '538', '18'),
(863, 87, 82, '530', '13'),
(864, 87, 21, '9', '9'),
(865, 87, 83, '67', '3'),
(866, 87, 11, '185', '21'),
(867, 87, 24, '587', '4'),
(868, 87, 67, '246', '16'),
(869, 87, 61, '354', '13'),
(870, 87, 73, '285', '7'),
(871, 88, 10, '474', '3'),
(872, 88, 90, '361', '3'),
(873, 88, 73, '501', '15'),
(874, 88, 9, '586', '5'),
(875, 88, 52, '107', '20'),
(876, 88, 19, '1', '9'),
(877, 88, 89, '245', '4'),
(878, 88, 12, '129', '6'),
(879, 88, 32, '385', '21'),
(880, 88, 52, '160', '17'),
(881, 89, 79, '582', '20'),
(882, 89, 45, '481', '7'),
(883, 89, 27, '32', '4'),
(884, 89, 16, '90', '7'),
(885, 89, 62, '170', '13'),
(886, 89, 23, '146', '16'),
(887, 89, 67, '331', '6'),
(888, 89, 34, '563', '9'),
(889, 89, 28, '159', '12'),
(890, 89, 81, '182', '4'),
(891, 90, 25, '228', '19'),
(892, 90, 39, '473', '11'),
(893, 90, 43, '104', '10'),
(894, 90, 29, '340', '21'),
(895, 90, 52, '117', '7'),
(896, 90, 45, '302', '6'),
(897, 90, 1, '252', '20'),
(898, 90, 63, '599', '20'),
(899, 90, 2, '513', '18'),
(900, 90, 89, '210', '9');
INSERT INTO report_error(id, report_id, error_id, details, error_word)
VALUES(1, 1, 3, 'Vero molestias consequuntur magni similique e', 'temporibus'),
(2, 1, 3, 'Totam ipsa dolore esse.', 'provident'),
(3, 1, 3, 'Ratione incidunt voluptate placeat.', 'saepe'),
(4, 1, 2, 'Nam vel commodi adipisci culpa omnis voluptat', 'voluptatibus'),
(5, 1, 2, 'Laudantium optio nemo temporibus veniam dolor', 'vitae'),
(6, 2, 3, 'Ea eveniet numquam doloremque odit magni odit', 'perferendis'),
(7, 2, 1, 'Occaecati veritatis accusantium impedit.', 'itaque'),
(8, 3, 2, 'Nostrum consequatur ipsum error.', 'exercitationem'),
(9, 3, 1, 'Fuga ullam quisquam magnam blanditiis volupta', 'ipsum'),
(10, 4, 2, 'Expedita laborum dolor distinctio assumenda.', 'recusandae'),
(11, 4, 2, 'Sint perferendis ratione similique non offici', 'quidem'),
(12, 4, 3, 'Ratione libero ipsam voluptatem nostrum lauda', 'voluptas'),
(13, 4, 3, 'Consectetur doloremque tenetur accusamus numq', 'ipsum'),
(14, 5, 3, 'Vel minima consectetur accusantium maiores di', 'asperiores'),
(15, 6, 1, 'Veniam magnam voluptatum amet exercitationem.', 'vel'),
(16, 7, 3, 'Eaque porro dignissimos architecto fuga.', 'minus'),
(17, 7, 2, 'Quo quam eum eligendi nesciunt.', 'voluptate'),
(18, 7, 3, 'Aspernatur dicta voluptatem molestiae reicien', 'fugit'),
(19, 7, 3, 'Impedit quo voluptas omnis ea voluptate.', 'facilis'),
(20, 8, 2, 'Earum delectus perspiciatis ipsam.', 'molestias'),
(21, 8, 3, 'Ad accusantium reprehenderit tenetur hic atqu', 'distinctio'),
(22, 8, 1, 'Maiores expedita eveniet enim eaque ut.', 'voluptatibus'),
(23, 8, 1, 'Hic laboriosam maxime excepturi.', 'officia'),
(24, 8, 3, 'Rerum tempora sunt.', 'debitis'),
(25, 9, 2, 'Ea magni magnam nemo expedita.', 'veritatis'),
(26, 9, 3, 'Maxime eaque accusantium quae consequuntur od', 'dolorum'),
(27, 9, 2, 'Pariatur non sint saepe officia.', 'vero'),
(28, 10, 3, 'Iste autem eveniet assumenda odio quibusdam.', 'reprehenderit'),
(29, 10, 3, 'Aliquid nisi quam nulla dolores magnam ipsum.', 'accusamus'),
(30, 10, 3, 'Laborum accusantium similique aliquam perfere', 'quis'),
(31, 10, 1, 'Molestiae quae sed voluptatem vero nobis.', 'quos'),
(32, 11, 1, 'Debitis unde expedita sequi quas nisi esse no', 'natus'),
(33, 12, 1, 'Quidem facere vel cupiditate culpa.', 'optio'),
(34, 12, 2, 'Praesentium aliquam esse excepturi et quasi.', 'consequatur'),
(35, 12, 1, 'Consequuntur modi deleniti expedita iusto.', 'maxime'),
(36, 12, 2, 'Veniam quod eius quibusdam dolores sapiente r', 'iure'),
(37, 12, 2, 'Voluptatibus voluptatum quae enim sequi quisq', 'minus'),
(38, 13, 1, 'Eveniet repudiandae magnam nihil modi.', 'quia'),
(39, 13, 1, 'Aspernatur veritatis vitae mollitia laudantiu', 'sint'),
(40, 14, 3, 'Recusandae consequatur ad labore ex.', 'asperiores'),
(41, 14, 1, 'Temporibus perferendis ut.', 'id'),
(42, 14, 2, 'Deleniti nesciunt blanditiis voluptatibus rat', 'odit'),
(43, 15, 1, 'Quidem enim dolor nostrum consectetur maiores', 'nostrum'),
(44, 16, 3, 'Cupiditate inventore sequi excepturi aliquam ', 'voluptates'),
(45, 17, 3, 'Quaerat hic animi nihil non occaecati.', 'recusandae'),
(46, 18, 2, 'Minima accusamus veritatis maxime dolorem.', 'minus'),
(47, 18, 1, 'Ullam debitis quasi libero perferendis volupt', 'quia'),
(48, 18, 3, 'Aperiam recusandae optio maiores inventore in', 'est'),
(49, 18, 2, 'Eius nisi nihil ut.', 'qui'),
(50, 18, 3, 'Magnam eaque eaque optio consectetur ipsum od', 'possimus'),
(51, 19, 3, 'Nesciunt sequi modi rem.', 'aliquam'),
(52, 19, 3, 'Labore fugit dolorem laboriosam harum.', 'molestiae'),
(53, 19, 2, 'Explicabo maiores error consequatur cupiditat', 'nesciunt'),
(54, 19, 3, 'Autem atque accusantium natus soluta minus.', 'reiciendis'),
(55, 19, 3, 'Fugiat quidem saepe rerum necessitatibus inci', 'incidunt'),
(56, 21, 2, 'Rerum perferendis deleniti.', 'molestiae'),
(57, 21, 2, 'Enim magni libero praesentium magnam hic sunt', 'ipsum'),
(58, 21, 2, 'A quo eaque libero quo.', 'deserunt'),
(59, 21, 2, 'Iste saepe excepturi optio suscipit inventore', 'officia'),
(60, 22, 3, 'Recusandae sed possimus saepe deleniti quaera', 'minus'),
(61, 23, 3, 'Vitae dolorum aspernatur fugit fugit.', 'ipsum'),
(62, 24, 1, 'Dolorem dolore blanditiis ab consequatur.', 'quas'),
(63, 24, 1, 'Ipsam quia ullam repellendus perspiciatis.', 'maxime'),
(64, 26, 3, 'Aliquid ratione illo placeat beatae consequat', 'debitis'),
(65, 26, 1, 'Quo quaerat ducimus aperiam quae.', 'quidem'),
(66, 26, 2, 'Repudiandae deleniti nobis modi.', 'possimus'),
(67, 26, 3, 'Sint fuga inventore nostrum non.', 'nesciunt'),
(68, 27, 2, 'Ex mollitia quidem quam eaque incidunt.', 'fugit'),
(69, 27, 2, 'Consequatur a maxime autem.', 'veniam'),
(70, 27, 3, 'Praesentium expedita vitae fugiat dolorem rep', 'eaque'),
(71, 27, 1, 'Odit quidem magni provident quibusdam.', 'ipsum'),
(72, 27, 1, 'Voluptatibus aliquam a accusantium veniam.', 'cumque'),
(73, 28, 1, 'Dolorem accusantium at facere.', 'accusantium'),
(74, 28, 2, 'Temporibus aperiam nobis dolor sit ipsam ad.', 'eaque'),
(75, 28, 2, 'Architecto neque veniam nostrum nemo.', 'corporis'),
(76, 28, 2, 'Animi praesentium quo amet.', 'veniam'),
(77, 29, 3, 'Sunt ad alias ex doloribus optio.', 'deleniti'),
(78, 29, 3, 'Eligendi a voluptate distinctio.', 'ab'),
(79, 29, 3, 'Quos eligendi totam ratione dicta.', 'impedit'),
(80, 29, 1, 'Omnis tempore voluptates occaecati iure.', 'explicabo'),
(81, 30, 2, 'Quam sapiente quas tenetur consequatur repudi', 'occaecati'),
(82, 30, 2, 'Id sint occaecati magnam sunt dolore ipsam.', 'molestiae'),
(83, 30, 2, 'Assumenda sapiente distinctio tenetur aliquam', 'modi'),
(84, 31, 1, 'Doloremque voluptate modi ipsum ipsum sapient', 'dolor'),
(85, 31, 1, 'Corporis mollitia minus libero dolorum sint i', 'ad'),
(86, 31, 2, 'Repellendus ad sapiente.', 'eos'),
(87, 31, 1, 'Quisquam mollitia porro.', 'alias'),
(88, 32, 2, 'Unde repellat laudantium aut ullam iure.', 'sit'),
(89, 32, 3, 'Facere alias porro quo.', 'enim'),
(90, 35, 2, 'Molestias voluptatibus magnam totam quas.', 'tempora'),
(91, 35, 1, 'Modi doloremque minima exercitationem nam.', 'accusamus'),
(92, 35, 2, 'Illo ducimus quod doloremque ipsam dicta itaq', 'vel'),
(93, 35, 1, 'Excepturi nobis saepe unde vel ratione.', 'porro'),
(94, 35, 3, 'Rerum deserunt nemo velit ratione vero explic', 'exercitationem'),
(95, 36, 2, 'Veniam neque nam modi veniam cupiditate archi', 'accusamus'),
(96, 37, 2, 'Accusamus neque perspiciatis.', 'nostrum'),
(97, 39, 3, 'Ipsa ex tenetur vel quis.', 'exercitationem'),
(98, 39, 2, 'Nulla ad esse explicabo neque.', 'magni'),
(99, 39, 3, 'Nulla quis repudiandae esse.', 'quam'),
(100, 39, 3, 'Earum cumque harum at atque consequatur.', 'eaque'),
(101, 39, 3, 'Ea est placeat repellat ipsum cum commodi.', 'consequatur'),
(102, 40, 3, 'Cum qui necessitatibus.', 'hic'),
(103, 41, 3, 'Veniam animi commodi provident totam fuga aut', 'minima'),
(104, 41, 1, 'Amet quidem labore dignissimos nam corrupti e', 'magni'),
(105, 42, 1, 'Harum nihil facere.', 'ducimus'),
(106, 42, 1, 'Adipisci ducimus inventore est officia dicta.', 'autem'),
(107, 42, 3, 'Explicabo voluptatibus libero ea.', 'sed'),
(108, 42, 1, 'Dolores officia itaque ducimus alias distinct', 'dolorem'),
(109, 43, 2, 'Natus doloremque provident dolor quasi.', 'perferendis'),
(110, 43, 3, 'Officia maiores debitis.', 'laudantium'),
(111, 43, 1, 'Provident ducimus quasi libero placeat repreh', 'laboriosam'),
(112, 43, 3, 'Recusandae ut dolore ipsum dolorum aperiam id', 'numquam'),
(113, 44, 1, 'Delectus dicta nobis atque vitae iusto.', 'voluptatem'),
(114, 44, 1, 'Magnam quae porro voluptatem cupiditate volup', 'quo'),
(115, 44, 2, 'Debitis inventore velit accusantium ad.', 'consequatur'),
(116, 45, 3, 'Quas exercitationem quam iusto quisquam magna', 'voluptatem'),
(117, 45, 1, 'Eum perferendis ab at voluptatum dolores null', 'autem'),
(118, 45, 1, 'Rem ut hic asperiores illum.', 'ad'),
(119, 45, 3, 'Asperiores facere velit expedita ea voluptate', 'et'),
(120, 46, 3, 'Accusantium fuga occaecati inventore.', 'dicta'),
(121, 46, 3, 'Nobis hic perferendis voluptas est eveniet ip', 'maxime'),
(122, 46, 1, 'Ipsa non aspernatur repellat nostrum possimus', 'esse'),
(123, 46, 1, 'Quae tempora nihil eaque asperiores quisquam.', 'qui'),
(124, 46, 3, 'Placeat sunt tempora officia nobis eius moles', 'nesciunt'),
(125, 47, 1, 'Laudantium ipsum laudantium voluptatem distin', 'ipsum'),
(126, 47, 2, 'Iste aliquid praesentium ut sed iusto totam.', 'sed'),
(127, 47, 1, 'Dolorem voluptatibus repellendus doloremque n', 'ea'),
(128, 48, 1, 'Nihil temporibus tempora non provident quis.', 'iusto'),
(129, 48, 1, 'Nesciunt a id.', 'officia'),
(130, 48, 1, 'Vero fugit quasi non suscipit dolor facere.', 'sed'),
(131, 50, 1, 'Doloremque provident corrupti voluptas volupt', 'delectus'),
(132, 51, 2, 'Eligendi occaecati molestias perferendis iust', 'alias'),
(133, 51, 1, 'Perspiciatis consectetur omnis animi molestia', 'atque'),
(134, 54, 1, 'Aliquam a incidunt dolor aliquid perferendis ', 'neque'),
(135, 56, 1, 'Aperiam delectus id tempora dicta sequi.', 'doloremque'),
(136, 56, 1, 'Nulla nesciunt est nemo fugit dolorem laborum', 'vel'),
(137, 57, 2, 'Amet iure doloremque.', 'ex'),
(138, 57, 1, 'Quidem id nobis impedit.', 'nostrum'),
(139, 57, 1, 'Delectus expedita quidem rem accusantium ab q', 'et'),
(140, 57, 2, 'Expedita velit temporibus placeat repellat un', 'accusamus'),
(141, 57, 1, 'Libero eum commodi.', 'necessitatibus'),
(142, 58, 2, 'Expedita non iure distinctio.', 'beatae'),
(143, 58, 2, 'Saepe voluptas totam ea.', 'a'),
(144, 59, 2, 'Mollitia atque odit voluptatum provident nam.', 'impedit'),
(145, 59, 2, 'Eveniet ea a nam molestiae.', 'commodi'),
(146, 59, 3, 'Reiciendis quis asperiores optio reiciendis m', 'porro'),
(147, 59, 3, 'Ipsum atque sint.', 'cum'),
(148, 59, 1, 'Reprehenderit sapiente ea voluptates itaque q', 'sunt'),
(149, 60, 3, 'Quas suscipit voluptas similique odio at ab n', 'nemo'),
(150, 60, 2, 'Nulla iure quidem quis reprehenderit ex moles', 'molestias'),
(151, 60, 3, 'Consequuntur quae reprehenderit itaque.', 'soluta'),
(152, 60, 2, 'Sapiente veniam at tempora vel harum.', 'illum'),
(153, 61, 1, 'Inventore explicabo ratione ratione.', 'quibusdam'),
(154, 61, 3, 'Possimus corporis et animi eaque dolorem.', 'neque'),
(155, 61, 3, 'Occaecati cumque facere consectetur.', 'atque'),
(156, 64, 1, 'Quas provident architecto laboriosam possimus', 'dolor'),
(157, 64, 1, 'Architecto similique ipsum nesciunt.', 'sequi'),
(158, 64, 1, 'Sapiente dolores aperiam aliquam odit rem qua', 'incidunt'),
(159, 64, 1, 'Nam beatae laboriosam nulla id.', 'laboriosam'),
(160, 65, 1, 'Quo aliquam voluptates.', 'atque'),
(161, 65, 2, 'Consectetur nostrum quam accusamus non.', 'dicta'),
(162, 66, 1, 'Cum debitis libero ea quos ipsum ex.', 'maxime'),
(163, 66, 2, 'Nostrum sapiente repellat labore.', 'magnam'),
(164, 66, 3, 'Debitis quae sequi iure quas.', 'temporibus'),
(165, 66, 3, 'Maxime nulla labore excepturi iure fugit magn', 'iusto'),
(166, 67, 2, 'Quia non dolores adipisci quisquam vero.', 'atque'),
(167, 67, 1, 'Iste labore ab totam aliquam.', 'illum'),
(168, 67, 3, 'Dolorum at magnam quasi quas iure.', 'aspernatur'),
(169, 68, 3, 'Nemo eum facere velit nihil quo autem.', 'aut'),
(170, 68, 1, 'Magnam commodi mollitia voluptatem sit.', 'at'),
(171, 69, 3, 'Nobis suscipit necessitatibus corrupti expedi', 'tempora'),
(172, 70, 2, 'Distinctio quidem vitae culpa deserunt archit', 'dolorem'),
(173, 70, 1, 'Corporis quia recusandae quae cumque.', 'nostrum'),
(174, 70, 1, 'Ullam odio dignissimos adipisci error eum nos', 'quasi'),
(175, 70, 2, 'Quis delectus repellendus dicta blanditiis te', 'sequi'),
(176, 70, 3, 'Similique qui quibusdam ipsum.', 'quaerat'),
(177, 71, 1, 'Laborum totam sed repellendus.', 'deleniti'),
(178, 72, 2, 'Fugiat consequuntur placeat accusantium ipsa ', 'consequatur'),
(179, 72, 3, 'Nobis tempora explicabo quam quibusdam a modi', 'dolorem'),
(180, 72, 1, 'Esse cum voluptatem sint mollitia.', 'molestias'),
(181, 72, 3, 'Id quia praesentium voluptate.', 'officiis'),
(182, 73, 1, 'Eligendi provident minus ad.', 'odio'),
(183, 74, 2, 'Saepe ipsam fugiat voluptate expedita hic.', 'est'),
(184, 76, 2, 'Non explicabo quibusdam tempore perferendis m', 'voluptate'),
(185, 77, 2, 'Aliquid alias deserunt facilis repellendus si', 'dolor'),
(186, 78, 2, 'Fugiat molestias veniam quibusdam nam porro.', 'eveniet'),
(187, 78, 3, 'Officia eum voluptas mollitia eius optio labo', 'inventore'),
(188, 79, 2, 'Architecto necessitatibus similique fugit nem', 'quis'),
(189, 79, 2, 'Explicabo maxime laudantium earum.', 'eaque'),
(190, 79, 2, 'Praesentium dolorum ex dolor.', 'consectetur'),
(191, 80, 1, 'At ad repellendus est a aliquid possimus.', 'mollitia'),
(192, 80, 2, 'Odit eum debitis iusto recusandae a.', 'aut'),
(193, 83, 2, 'Excepturi itaque laudantium autem quidem veli', 'culpa'),
(194, 83, 2, 'Odit debitis deserunt officiis explicabo even', 'deleniti'),
(195, 83, 3, 'Sapiente ex rerum sit.', 'facere'),
(196, 85, 2, 'Non nulla minus.', 'dolorem'),
(197, 86, 2, 'Ducimus numquam eligendi.', 'alias'),
(198, 86, 2, 'Debitis reiciendis illo impedit iusto facilis', 'aspernatur'),
(199, 86, 1, 'Quam autem blanditiis iste.', 'dolor'),
(200, 86, 1, 'Quae maiores voluptas dolore.', 'quidem'),
(201, 87, 3, 'Animi rem ullam similique maxime iure adipisc', 'corporis'),
(202, 87, 1, 'Eos nihil magnam sint.', 'assumenda'),
(203, 87, 1, 'Sequi voluptas molestiae.', 'laudantium'),
(204, 87, 1, 'Autem voluptates qui totam ducimus minus ab.', 'quo'),
(205, 87, 2, 'Doloribus numquam eos recusandae non.', 'animi'),
(206, 88, 2, 'Temporibus repellendus voluptas voluptatibus ', 'reprehenderit'),
(207, 88, 1, 'Quisquam numquam enim.', 'nostrum'),
(208, 88, 1, 'Rem ut rem at enim impedit expedita.', 'reprehenderit'),
(209, 88, 3, 'Sapiente recusandae illum earum quisquam.', 'accusamus'),
(210, 89, 1, 'Odit consequuntur fugiat dolorum unde quod qu', 'magnam'),
(211, 89, 3, 'Temporibus incidunt cum illo.', 'error'),
(212, 90, 1, 'Harum nulla consectetur possimus.', 'dicta'),
(213, 90, 2, 'Aliquid nemo sit perspiciatis placeat magni o', 'veniam'),
(214, 92, 3, 'Minima dolores unde.', 'ducimus'),
(215, 92, 3, 'Quidem distinctio voluptates sint.', 'ea'),
(216, 92, 3, 'Quia libero culpa dicta rem sunt.', 'consequatur'),
(217, 92, 1, 'Maiores facilis qui voluptatem vel.', 'impedit'),
(218, 92, 3, 'Iste et vel architecto vitae.', 'numquam'),
(219, 93, 3, 'Dolorem iste est error inventore reiciendis p', 'magnam'),
(220, 93, 2, 'Atque ab quae similique aperiam.', 'quia'),
(221, 93, 1, 'Minus officia magnam aliquam dicta rem.', 'maiores'),
(222, 94, 1, 'Ut qui ipsum aperiam.', 'aut'),
(223, 94, 2, 'Ipsa harum sapiente error libero placeat volu', 'modi'),
(224, 94, 2, 'Nobis quo eligendi ipsa.', 'nam'),
(225, 95, 2, 'Nobis deleniti vitae amet cum.', 'rerum'),
(226, 96, 1, 'Dolore occaecati quod adipisci.', 'possimus'),
(227, 96, 1, 'Recusandae temporibus provident praesentium i', 'amet'),
(228, 97, 2, 'Ullam in hic iusto.', 'expedita'),
(229, 97, 2, 'Asperiores sit sed quibusdam laboriosam quisq', 'perferendis'),
(230, 97, 3, 'Dolorum ipsum placeat amet.', 'cum'),
(231, 98, 3, 'Non odio unde dicta eaque at.', 'sint'),
(232, 98, 3, 'Rem reiciendis ullam ex voluptas.', 'laboriosam'),
(233, 98, 1, 'Neque vero ipsa.', 'deserunt'),
(234, 98, 2, 'Tempora debitis fugiat.', 'numquam'),
(235, 100, 1, 'Quibusdam dolorem saepe dignissimos.', 'fugiat'),
(236, 100, 3, 'Fuga doloremque at similique explicabo quaera', 'nobis'),
(237, 102, 1, 'Molestias ipsum harum architecto dicta labori', 'mollitia'),
(238, 102, 1, 'Doloribus voluptas libero eum reprehenderit n', 'eaque'),
(239, 102, 1, 'Reprehenderit exercitationem mollitia esse qu', 'dolor'),
(240, 103, 1, 'Similique sunt minima officia.', 'saepe'),
(241, 105, 3, 'Unde harum eaque eligendi.', 'nostrum'),
(242, 106, 1, 'Temporibus dignissimos ut nulla id reprehende', 'inventore'),
(243, 106, 3, 'Nesciunt architecto libero laudantium.', 'sapiente'),
(244, 106, 3, 'Quibusdam est recusandae ut quidem.', 'ex'),
(245, 106, 1, 'Consectetur nemo voluptas sint.', 'modi'),
(246, 106, 1, 'Ab provident corrupti necessitatibus.', 'distinctio'),
(247, 109, 2, 'Doloremque tempora numquam omnis explicabo di', 'repellat'),
(248, 109, 2, 'Suscipit blanditiis iure at.', 'iure'),
(249, 109, 3, 'Incidunt fugiat accusamus accusamus repellat ', 'ab'),
(250, 110, 3, 'Magni voluptatum quae accusamus.', 'quidem'),
(251, 110, 2, 'Ut tenetur ipsa maiores consectetur odio eos.', 'iure'),
(252, 110, 3, 'Quaerat esse voluptatum optio porro occaecati', 'inventore'),
(253, 110, 1, 'Voluptatem similique nulla.', 'voluptatibus'),
(254, 110, 2, 'Distinctio molestias aspernatur eius modi bea', 'eum'),
(255, 111, 2, 'Adipisci quidem adipisci exercitationem cum.', 'odio'),
(256, 111, 2, 'Beatae at laboriosam occaecati.', 'quas'),
(257, 111, 3, 'Atque repellat impedit omnis atque.', 'rerum'),
(258, 111, 3, 'Perspiciatis ipsam molestias voluptates quos ', 'deserunt'),
(259, 111, 3, 'Et enim molestias neque neque commodi ipsum o', 'perspiciatis'),
(260, 115, 2, 'Dolores temporibus modi iste omnis.', 'repudiandae'),
(261, 115, 1, 'Ipsam ex occaecati sunt quas vel sint.', 'eveniet'),
(262, 115, 2, 'Aliquid nostrum repellat.', 'laudantium'),
(263, 115, 1, 'Ea esse ea consequuntur incidunt.', 'vero'),
(264, 117, 3, 'Necessitatibus recusandae blanditiis consequu', 'maiores'),
(265, 117, 3, 'Voluptate provident fuga iste.', 'non'),
(266, 117, 3, 'Sunt excepturi odio aliquam.', 'quae'),
(267, 117, 2, 'Consectetur porro inventore sit quisquam anim', 'sed'),
(268, 118, 3, 'Magnam nihil nihil omnis ipsa impedit.', 'tenetur'),
(269, 121, 2, 'Quis aspernatur cum laboriosam assumenda.', 'eaque'),
(270, 121, 3, 'Natus nulla necessitatibus minus quasi iste l', 'accusantium'),
(271, 122, 3, 'Libero enim atque commodi voluptatem est.', 'iste'),
(272, 122, 1, 'Id magni facere excepturi beatae rem.', 'amet'),
(273, 124, 2, 'Accusantium nam neque atque neque temporibus ', 'magnam'),
(274, 124, 2, 'Quaerat dolor est voluptas voluptates error i', 'corporis'),
(275, 124, 3, 'Natus eum maiores dolore rem.', 'est'),
(276, 125, 3, 'Ex accusantium veritatis.', 'tempora'),
(277, 125, 1, 'Consequatur sapiente vel corporis numquam.', 'quas'),
(278, 126, 2, 'Hic hic culpa mollitia iusto.', 'consequuntur'),
(279, 126, 1, 'Excepturi quos id perspiciatis assumenda.', 'odit'),
(280, 127, 1, 'Eius est adipisci et ipsum.', 'corrupti'),
(281, 127, 3, 'Inventore voluptatem sint amet.', 'dolorum'),
(282, 127, 3, 'Natus tenetur officia est perferendis molesti', 'blanditiis'),
(283, 127, 2, 'Ratione eius ratione aut officiis est quisqua', 'blanditiis'),
(284, 127, 1, 'Labore porro labore quidem voluptatum accusan', 'deleniti'),
(285, 128, 1, 'Quo esse veniam.', 'officia'),
(286, 128, 3, 'Temporibus quisquam quaerat neque modi.', 'veniam'),
(287, 128, 2, 'Facilis reprehenderit ipsam animi corporis ip', 'magnam'),
(288, 128, 1, 'Commodi officiis ex fugiat sequi.', 'eaque'),
(289, 129, 2, 'Aut at corporis.', 'accusantium'),
(290, 129, 1, 'Expedita magnam officia architecto necessitat', 'alias'),
(291, 129, 2, 'Praesentium exercitationem aperiam nesciunt.', 'sapiente'),
(292, 129, 3, 'Quam similique velit delectus cupiditate veni', 'fugiat'),
(293, 129, 3, 'Doloremque repudiandae ipsa culpa maxime odit', 'minus'),
(294, 130, 2, 'Modi autem consectetur.', 'est'),
(295, 130, 2, 'Possimus suscipit eaque voluptas impedit quia', 'eligendi'),
(296, 130, 3, 'Voluptates dignissimos beatae ad ullam cumque', 'est'),
(297, 130, 3, 'Aut deleniti numquam voluptates.', 'laboriosam'),
(298, 130, 1, 'Dignissimos reprehenderit ea assumenda.', 'facere'),
(299, 131, 3, 'Eveniet deleniti expedita iure asperiores vol', 'nemo'),
(300, 131, 3, 'Delectus nisi velit.', 'vitae'),
(301, 131, 1, 'Dolorum ea placeat nostrum libero sint pariat', 'sapiente'),
(302, 132, 3, 'Qui voluptatem dicta fuga beatae eius optio.', 'corporis'),
(303, 132, 2, 'Pariatur soluta minus numquam ut quaerat solu', 'pariatur'),
(304, 132, 1, 'Placeat magni natus.', 'atque'),
(305, 133, 3, 'Quisquam tempore ipsam alias numquam.', 'ipsam'),
(306, 134, 1, 'Modi nemo cum cum numquam.', 'aliquid'),
(307, 134, 3, 'Distinctio ab aspernatur quia quia.', 'est'),
(308, 134, 3, 'Iusto aliquam necessitatibus molestias in.', 'tenetur'),
(309, 134, 3, 'Quasi optio nostrum pariatur eum deserunt con', 'rem'),
(310, 134, 1, 'Neque quaerat hic odio veniam.', 'fugit'),
(311, 135, 1, 'Quibusdam quas sed dolorem animi.', 'nemo'),
(312, 135, 2, 'Ea id expedita fugit delectus.', 'esse'),
(313, 135, 3, 'Magni repellat mollitia tempora.', 'amet'),
(314, 135, 1, 'Repellendus a nesciunt nostrum expedita.', 'vero'),
(315, 135, 3, 'In cumque suscipit itaque animi.', 'mollitia'),
(316, 136, 1, 'Velit tempore repellat vitae nobis inventore ', 'alias'),
(317, 136, 3, 'Maxime quidem culpa cumque quia eveniet ex as', 'aliquam'),
(318, 136, 1, 'Nisi deleniti soluta veniam ex deserunt.', 'cumque'),
(319, 137, 2, 'Dolores neque laborum ducimus.', 'fuga'),
(320, 137, 2, 'Quas modi minus totam repudiandae tempore.', 'sint'),
(321, 137, 1, 'Nostrum quae asperiores perferendis inventore', 'nulla'),
(322, 137, 1, 'Ipsa sit molestiae delectus voluptates at.', 'sunt'),
(323, 137, 2, 'Nisi a voluptatibus perspiciatis.', 'nisi'),
(324, 138, 2, 'Est sed at assumenda pariatur eius amet.', 'veniam'),
(325, 138, 3, 'Quibusdam eum at dignissimos est vero.', 'totam'),
(326, 139, 3, 'Temporibus quia vitae qui quae eius consequun', 'magnam'),
(327, 139, 1, 'Provident asperiores voluptatem.', 'debitis'),
(328, 139, 3, 'Consequatur cum voluptate assumenda magni con', 'blanditiis'),
(329, 139, 1, 'Nisi porro laborum sapiente.', 'mollitia'),
(330, 139, 2, 'Maxime quia incidunt reprehenderit.', 'doloremque'),
(331, 140, 1, 'Voluptates amet error totam nostrum dolorum.', 'rem'),
(332, 140, 3, 'Corrupti ipsum corporis ex.', 'eaque'),
(333, 140, 3, 'Adipisci officia dolor suscipit provident sae', 'commodi'),
(334, 140, 3, 'Mollitia consequatur at maiores magni totam a', 'voluptates'),
(335, 141, 2, 'Incidunt voluptatem cumque eaque pariatur mag', 'sint'),
(336, 141, 2, 'Quisquam aut rem ex aliquid.', 'occaecati'),
(337, 141, 2, 'Consectetur quos nihil mollitia.', 'dolorum'),
(338, 141, 1, 'Nostrum necessitatibus hic exercitationem dol', 'minus'),
(339, 142, 1, 'Similique repellat hic dolore necessitatibus ', 'ullam'),
(340, 142, 2, 'Laudantium nostrum omnis mollitia possimus.', 'repudiandae'),
(341, 142, 3, 'Quam non rem deserunt.', 'corrupti'),
(342, 143, 1, 'Odit excepturi laboriosam molestiae veritatis', 'doloribus'),
(343, 143, 2, 'Veritatis deleniti necessitatibus voluptatibu', 'eum'),
(344, 143, 2, 'Natus maxime pariatur officiis.', 'labore'),
(345, 143, 3, 'Blanditiis nisi consectetur harum vel digniss', 'nulla'),
(346, 143, 1, 'Voluptatibus consequuntur praesentium neque.', 'officiis'),
(347, 144, 3, 'Dolor in numquam dicta.', 'nulla'),
(348, 144, 1, 'Officia unde minus magnam quae veniam accusam', 'provident'),
(349, 144, 2, 'Voluptates vitae nobis odit laboriosam itaque', 'repudiandae'),
(350, 144, 2, 'Sequi aliquid at reiciendis aspernatur.', 'corrupti'),
(351, 144, 2, 'Magnam cumque perspiciatis praesentium minima', 'exercitationem'),
(352, 145, 1, 'Molestiae cumque illo culpa minus placeat rep', 'debitis'),
(353, 145, 1, 'Nam tenetur nam non ullam.', 'ratione'),
(354, 145, 1, 'Voluptatibus magni dicta perferendis eum cum ', 'unde'),
(355, 145, 2, 'Dolorem animi officia nemo cum culpa corrupti', 'saepe'),
(356, 146, 2, 'Dicta voluptates adipisci eveniet laboriosam ', 'molestiae'),
(357, 147, 1, 'Cumque vitae minima adipisci.', 'error'),
(358, 147, 2, 'Inventore labore praesentium distinctio.', 'deleniti'),
(359, 147, 1, 'Libero vitae quas rem.', 'ratione'),
(360, 147, 1, 'Inventore ad quasi.', 'accusamus'),
(361, 147, 3, 'Itaque distinctio voluptas ea nostrum.', 'eveniet'),
(362, 148, 3, 'Voluptatem necessitatibus libero nostrum quia', 'iure'),
(363, 148, 2, 'Odio eveniet distinctio voluptatibus aspernat', 'a'),
(364, 148, 1, 'Voluptates expedita exercitationem qui impedi', 'sit'),
(365, 149, 3, 'Hic praesentium explicabo esse qui ea quibusd', 'dolores'),
(366, 149, 1, 'Molestiae ex inventore.', 'qui'),
(367, 149, 2, 'Delectus laboriosam delectus suscipit quasi i', 'aspernatur'),
(368, 149, 2, 'Reprehenderit maxime architecto voluptate at ', 'voluptatibus'),
(369, 151, 1, 'Dignissimos id corporis sapiente autem recusa', 'unde'),
(370, 152, 2, 'Sunt sit enim repudiandae.', 'minima'),
(371, 152, 1, 'Sequi a natus aut quaerat dolores nam.', 'fuga'),
(372, 152, 2, 'Nobis laborum fugiat.', 'aspernatur'),
(373, 152, 2, 'Odio expedita perspiciatis aperiam eligendi m', 'impedit'),
(374, 152, 3, 'Est quaerat inventore placeat ipsum consectet', 'placeat'),
(375, 153, 3, 'Fuga explicabo est assumenda ullam veniam lab', 'dignissimos'),
(376, 154, 1, 'Ex corrupti illo commodi quo.', 'neque'),
(377, 154, 2, 'Excepturi nihil amet magnam soluta.', 'id'),
(378, 155, 2, 'Quos reprehenderit cum rerum perspiciatis.', 'mollitia'),
(379, 155, 2, 'Unde corrupti quis et.', 'laboriosam'),
(380, 155, 3, 'Molestiae cupiditate quo accusamus.', 'exercitationem'),
(381, 156, 3, 'Perspiciatis modi odit molestias dicta dolore', 'dolorum'),
(382, 156, 3, 'Iusto eaque quo a consectetur modi eum except', 'quos'),
(383, 156, 3, 'Natus delectus nobis porro provident.', 'illum'),
(384, 157, 2, 'Consectetur vel repudiandae eaque inventore d', 'vero'),
(385, 157, 3, 'Pariatur enim quod soluta maiores natus.', 'corporis'),
(386, 159, 2, 'Cumque odio deleniti porro qui.', 'dignissimos'),
(387, 160, 3, 'Ad libero culpa debitis.', 'ratione'),
(388, 160, 2, 'Earum dolores similique.', 'quas'),
(389, 160, 3, 'Recusandae nulla repudiandae.', 'consectetur'),
(390, 160, 2, 'Omnis ea quia exercitationem laborum animi.', 'optio'),
(391, 161, 2, 'Sint ad non delectus.', 'pariatur'),
(392, 161, 3, 'Ipsam quo dolores molestias aliquam deleniti.', 'amet'),
(393, 162, 1, 'Veniam occaecati fugiat suscipit optio asperi', 'ex'),
(394, 162, 3, 'Quasi quia hic inventore ab.', 'sunt'),
(395, 162, 1, 'Impedit tenetur tenetur expedita.', 'asperiores'),
(396, 163, 2, 'Aliquam eaque vitae sit possimus delectus opt', 'magnam'),
(397, 164, 3, 'Modi quam deleniti debitis sunt voluptatum.', 'ea'),
(398, 164, 3, 'Aperiam odio ab dolor nostrum.', 'et'),
(399, 165, 2, 'Sit commodi non corrupti explicabo velit.', 'veniam'),
(400, 165, 1, 'Illo corrupti est adipisci voluptatibus solut', 'temporibus'),
(401, 165, 3, 'Iure autem iusto nam laudantium.', 'possimus'),
(402, 167, 1, 'Vitae distinctio asperiores ipsam libero.', 'distinctio'),
(403, 167, 1, 'Alias deleniti eaque rem et saepe.', 'quos'),
(404, 167, 2, 'Error delectus neque eos eaque delectus.', 'ducimus'),
(405, 167, 1, 'Adipisci esse fugiat id sit voluptates perfer', 'voluptates'),
(406, 168, 3, 'Fuga iste cum ad quasi dolorum.', 'itaque'),
(407, 168, 1, 'Excepturi deleniti perspiciatis neque beatae ', 'placeat'),
(408, 168, 2, 'Architecto ducimus explicabo quod consectetur', 'molestias'),
(409, 168, 3, 'Voluptas est vel ipsum esse.', 'iste'),
(410, 168, 2, 'Nesciunt voluptate qui amet explicabo molesti', 'iste'),
(411, 169, 3, 'Voluptatum recusandae asperiores aliquam atqu', 'suscipit'),
(412, 169, 1, 'Natus similique aliquid optio.', 'soluta'),
(413, 169, 3, 'Vel earum error necessitatibus perspiciatis e', 'id'),
(414, 169, 1, 'Provident eum maiores ratione exercitationem.', 'quia'),
(415, 170, 2, 'Odio ratione dicta ipsum cum quidem modi.', 'tempore'),
(416, 171, 3, 'Autem ipsum nostrum dolore minima.', 'cumque'),
(417, 171, 2, 'Vel optio quasi.', 'maxime'),
(418, 172, 2, 'Repudiandae quam exercitationem fuga corporis', 'itaque'),
(419, 173, 3, 'Fugiat iste dolores nihil adipisci quae.', 'repellendus'),
(420, 173, 3, 'Vel sit odit totam non vel.', 'cum'),
(421, 173, 1, 'Quidem a nihil possimus.', 'incidunt'),
(422, 173, 1, 'Quae optio quaerat.', 'minus'),
(423, 174, 2, 'Quis enim tenetur voluptas.', 'error'),
(424, 174, 1, 'Facere nulla voluptatibus ipsa enim pariatur.', 'adipisci'),
(425, 174, 1, 'Optio deserunt atque aspernatur deserunt labo', 'dignissimos'),
(426, 174, 1, 'Alias autem illo quaerat non sequi earum.', 'error'),
(427, 174, 2, 'Animi error cumque consequatur.', 'voluptatem'),
(428, 176, 1, 'Incidunt earum ipsum sint quibusdam.', 'maxime'),
(429, 176, 1, 'Soluta voluptatem ullam odit beatae voluptas ', 'labore'),
(430, 176, 3, 'Quis laboriosam veritatis reprehenderit recus', 'laboriosam'),
(431, 176, 3, 'Rerum delectus laborum soluta veritatis quam ', 'amet'),
(432, 177, 1, 'Dolorum eligendi voluptate beatae.', 'atque'),
(433, 177, 2, 'Molestias ipsa eos eaque.', 'omnis'),
(434, 178, 3, 'Odit tempora quae ipsam.', 'quam'),
(435, 178, 1, 'Cupiditate facere magni sapiente illum recusa', 'itaque'),
(436, 178, 1, 'Expedita quasi ad aliquam ipsam.', 'omnis'),
(437, 178, 2, 'Nostrum similique quidem dicta repellendus ma', 'eligendi'),
(438, 180, 2, 'Debitis debitis sit.', 'non'),
(439, 180, 3, 'Non consequuntur a voluptatum natus distincti', 'laborum'),
(440, 180, 1, 'Est voluptates unde dolorem delectus quaerat ', 'explicabo'),
(441, 181, 3, 'Vitae veritatis vero eos nihil.', 'maiores'),
(442, 181, 2, 'Distinctio quis maiores necessitatibus.', 'dolorem'),
(443, 181, 2, 'Et qui placeat quod a consequatur.', 'ex'),
(444, 181, 3, 'Velit quibusdam deleniti.', 'tenetur'),
(445, 181, 2, 'Similique a nulla odit nulla saepe.', 'error'),
(446, 182, 3, 'Non eum dolore facilis a.', 'suscipit'),
(447, 182, 1, 'Repellendus voluptatum impedit illum esse tem', 'earum'),
(448, 182, 1, 'Molestiae ducimus mollitia iusto sapiente ist', 'occaecati'),
(449, 182, 1, 'Eum maiores voluptas sint quibusdam.', 'deleniti'),
(450, 182, 2, 'Corporis perferendis voluptates eveniet labor', 'libero'),
(451, 183, 3, 'Magni officia praesentium explicabo molestiae', 'sequi'),
(452, 183, 2, 'Odit neque dolorem dolore deleniti magni.', 'facere'),
(453, 183, 1, 'Molestias illum repudiandae quaerat placeat v', 'perspiciatis'),
(454, 183, 3, 'Provident veniam ullam quis.', 'voluptates'),
(455, 184, 2, 'Ad soluta ratione assumenda magni nihil.', 'tempora'),
(456, 184, 3, 'Tempore quod iste debitis similique voluptate', 'sed'),
(457, 184, 3, 'Dolor laborum doloribus consectetur explicabo', 'dolore'),
(458, 184, 3, 'Iure sapiente blanditiis voluptatem odit aliq', 'aliquid'),
(459, 185, 1, 'Dicta corporis ab temporibus nisi nihil vero.', 'iste'),
(460, 187, 3, 'Cum consequuntur beatae quis exercitationem i', 'totam'),
(461, 188, 1, 'Nihil consequuntur quos iste ipsum dolore tot', 'ab'),
(462, 188, 1, 'Blanditiis facere omnis aliquid quod laborios', 'dolorem'),
(463, 188, 2, 'Quibusdam voluptatibus error nemo occaecati v', 'itaque'),
(464, 188, 1, 'Facilis ad praesentium itaque nulla.', 'quos'),
(465, 188, 2, 'Unde modi quia totam minima.', 'dignissimos'),
(466, 189, 3, 'Qui hic quis iure quis fugiat.', 'ipsum'),
(467, 189, 3, 'Aliquam laudantium nisi quos.', 'mollitia'),
(468, 192, 1, 'Iste ea quidem voluptatum consequatur id.', 'itaque'),
(469, 193, 3, 'Expedita quasi iusto.', 'dolor'),
(470, 194, 1, 'Quae maiores quisquam inventore illum.', 'quam'),
(471, 194, 1, 'Necessitatibus eum officia.', 'porro'),
(472, 195, 3, 'Quos recusandae ipsa magni sequi delectus ill', 'repellendus'),
(473, 198, 3, 'Nihil nam dolor id.', 'velit'),
(474, 198, 1, 'Nesciunt id impedit necessitatibus.', 'officiis'),
(475, 198, 3, 'Rem porro delectus maiores.', 'possimus'),
(476, 200, 1, 'Ratione itaque dolorum voluptas dolor consequ', 'eaque'),
(477, 200, 2, 'Quasi vitae consequatur ipsam molestiae velit', 'eveniet'),
(478, 200, 1, 'Fugit natus cumque.', 'magnam'),
(479, 200, 3, 'Harum iusto labore repudiandae.', 'quas'),
(480, 201, 2, 'Vel expedita commodi voluptate temporibus nos', 'illo'),
(481, 202, 3, 'Nihil iure ad neque maxime laborum illo.', 'autem'),
(482, 202, 2, 'Doloribus porro delectus fuga nostrum id eos.', 'ipsum'),
(483, 205, 2, 'Libero enim culpa neque aut.', 'cum'),
(484, 206, 1, 'Enim fuga quia id maxime quam.', 'atque'),
(485, 206, 1, 'Veniam perferendis veritatis minima fugiat.', 'aliquam'),
(486, 207, 2, 'At cupiditate tempore ducimus asperiores anim', 'quidem'),
(487, 207, 3, 'Enim aliquam nihil veniam doloribus consequat', 'provident'),
(488, 208, 1, 'Temporibus hic animi totam iusto consequuntur', 'tenetur'),
(489, 208, 2, 'Sequi perspiciatis id pariatur temporibus odi', 'blanditiis'),
(490, 209, 1, 'Nihil voluptas iure nihil mollitia veniam qui', 'officia'),
(491, 209, 3, 'Consequuntur doloribus molestias iure consequ', 'quae'),
(492, 209, 2, 'Nostrum iure eveniet consectetur alias.', 'fugiat'),
(493, 209, 2, 'Amet dignissimos mollitia tempore hic atque a', 'corporis'),
(494, 211, 3, 'Excepturi voluptatibus accusamus sunt nesciun', 'blanditiis'),
(495, 212, 3, 'Amet aliquid molestias voluptatum assumenda f', 'est'),
(496, 213, 1, 'Consequatur quis voluptate alias.', 'pariatur'),
(497, 213, 2, 'Nostrum dolorum cumque sequi natus tenetur sa', 'quia'),
(498, 213, 3, 'Ipsa exercitationem facilis et occaecati.', 'provident'),
(499, 214, 3, 'Distinctio repellendus necessitatibus sapient', 'tenetur'),
(500, 214, 2, 'Eos culpa quo optio quibusdam dignissimos exp', 'dolore'),
(501, 214, 3, 'Sapiente dignissimos quae voluptas cupiditate', 'reiciendis'),
(502, 216, 3, 'Commodi laborum modi.', 'voluptate'),
(503, 216, 1, 'Commodi quisquam vel tempore aut architecto.', 'iure'),
(504, 216, 1, 'Aliquid cumque maxime molestiae aspernatur.', 'placeat'),
(505, 216, 2, 'Voluptates perferendis sint a.', 'cum'),
(506, 217, 2, 'Molestias molestias ut.', 'animi'),
(507, 217, 2, 'Eum sint aliquid facilis error ipsum.', 'libero'),
(508, 217, 1, 'Temporibus dicta ab eligendi inventore nostru', 'animi'),
(509, 217, 2, 'Vel iusto placeat occaecati accusamus suscipi', 'hic'),
(510, 217, 1, 'Possimus iusto quasi veniam distinctio repudi', 'quaerat'),
(511, 218, 3, 'Quibusdam doloremque et tempore.', 'expedita'),
(512, 218, 3, 'Occaecati autem recusandae id assumenda.', 'doloremque'),
(513, 219, 2, 'Magnam provident quis laboriosam qui.', 'sequi'),
(514, 219, 1, 'Harum cupiditate expedita cum doloremque temp', 'laborum'),
(515, 219, 1, 'At at incidunt ea architecto.', 'voluptate'),
(516, 219, 2, 'Rem facere quam aspernatur consequuntur tempo', 'vel'),
(517, 220, 1, 'Nihil pariatur nulla sint.', 'natus'),
(518, 221, 1, 'Magni illum est atque asperiores ut.', 'recusandae'),
(519, 221, 1, 'Quo accusamus non quo ducimus nostrum.', 'molestiae'),
(520, 222, 2, 'Rem veniam id porro placeat sunt recusandae.', 'fugiat'),
(521, 222, 3, 'Mollitia illum aperiam culpa similique commod', 'illum'),
(522, 222, 3, 'Deserunt quia mollitia impedit libero.', 'minima'),
(523, 222, 1, 'Quia perferendis aspernatur unde.', 'voluptatem'),
(524, 222, 1, 'Rem animi dolorem quidem perspiciatis facilis', 'asperiores'),
(525, 223, 2, 'Dignissimos consequuntur voluptas accusamus v', 'sed'),
(526, 223, 2, 'Sequi quidem totam.', 'aliquid'),
(527, 223, 2, 'Eos totam vero voluptatibus eius.', 'corrupti'),
(528, 223, 1, 'Ullam ex ad.', 'suscipit'),
(529, 223, 3, 'Praesentium quaerat pariatur a.', 'vero'),
(530, 225, 2, 'Impedit nobis quo quis et.', 'tempora'),
(531, 225, 2, 'Repellendus quaerat provident non porro quibu', 'sapiente'),
(532, 225, 2, 'Ut ab optio illo distinctio voluptates.', 'dolore'),
(533, 226, 2, 'Corporis ullam similique totam enim recusanda', 'possimus'),
(534, 227, 1, 'Voluptate blanditiis eligendi exercitationem.', 'perferendis'),
(535, 227, 3, 'Repudiandae inventore at vitae quia.', 'iusto'),
(536, 227, 3, 'Omnis consequatur explicabo dignissimos minim', 'maiores'),
(537, 227, 3, 'Sapiente quisquam nam dolore repellat ut haru', 'quaerat'),
(538, 228, 2, 'Repudiandae fugit distinctio reprehenderit re', 'blanditiis'),
(539, 229, 1, 'Ullam alias suscipit molestiae fugit.', 'ipsa'),
(540, 229, 1, 'Facilis ab ducimus odit.', 'deserunt'),
(541, 229, 2, 'Soluta molestias eius a.', 'velit'),
(542, 229, 2, 'Ea cum veritatis voluptatem temporibus autem ', 'error'),
(543, 230, 3, 'Nam voluptatum quibusdam deserunt reiciendis ', 'incidunt'),
(544, 230, 3, 'Quo officiis sunt eaque tempore.', 'commodi'),
(545, 230, 3, 'Vitae ratione sed ipsum earum.', 'libero'),
(546, 230, 2, 'Reiciendis ab possimus ut.', 'cum'),
(547, 231, 2, 'Enim accusantium delectus eius quibusdam.', 'eaque'),
(548, 231, 1, 'Officiis odit cumque neque fugiat nesciunt ea', 'maiores'),
(549, 231, 3, 'Hic suscipit officiis consequatur accusamus v', 'quia'),
(550, 232, 1, 'Optio possimus omnis eaque.', 'deleniti'),
(551, 232, 1, 'Placeat voluptates eligendi.', 'sint'),
(552, 233, 2, 'Debitis explicabo rem.', 'veritatis'),
(553, 233, 1, 'Illum fuga sunt iure totam porro.', 'praesentium'),
(554, 233, 1, 'Dolores animi earum inventore sapiente sit te', 'cupiditate'),
(555, 233, 3, 'Vitae harum vel provident quidem minus animi.', 'at'),
(556, 234, 3, 'Nesciunt sequi quas sint distinctio.', 'rerum'),
(557, 234, 3, 'Distinctio ab rerum aliquam reprehenderit ill', 'sit'),
(558, 234, 2, 'Error aperiam nam iste qui fuga.', 'voluptates'),
(559, 235, 3, 'Nobis cupiditate perferendis adipisci.', 'laboriosam'),
(560, 235, 2, 'A doloribus aspernatur.', 'laudantium'),
(561, 235, 1, 'Aliquid facilis rerum quaerat sit architecto ', 'reiciendis'),
(562, 235, 3, 'Nesciunt dolore iusto blanditiis ratione.', 'molestias'),
(563, 236, 2, 'Magnam mollitia magnam dolorum praesentium di', 'voluptates'),
(564, 236, 3, 'Quam esse ratione corrupti ea.', 'nesciunt'),
(565, 236, 2, 'Beatae alias dolorem hic tempore.', 'consectetur'),
(566, 236, 1, 'Quod fugiat alias ea illo veritatis voluptate', 'molestias'),
(567, 237, 3, 'Ea impedit vitae debitis ipsa ut.', 'voluptatem'),
(568, 240, 3, 'Tempore iure sunt porro impedit praesentium a', 'perferendis'),
(569, 240, 1, 'Ratione accusamus at nesciunt.', 'eaque'),
(570, 240, 2, 'Saepe quisquam corporis non.', 'hic'),
(571, 241, 2, 'Ad earum alias doloremque labore.', 'commodi'),
(572, 241, 2, 'Velit sint sed accusantium.', 'fugiat'),
(573, 241, 2, 'Sed magnam sequi maiores placeat sequi velit.', 'quasi'),
(574, 242, 3, 'Itaque accusantium ea est.', 'qui'),
(575, 242, 3, 'Non itaque animi.', 'corrupti'),
(576, 242, 1, 'Odit neque occaecati deserunt.', 'voluptas'),
(577, 243, 1, 'Aperiam a nam perspiciatis repellat.', 'aperiam'),
(578, 244, 3, 'Tempore temporibus quo.', 'nihil'),
(579, 244, 3, 'Quibusdam quod sunt optio eligendi tempora ma', 'repellendus'),
(580, 244, 1, 'Cum quia earum aut explicabo.', 'cumque'),
(581, 244, 1, 'Molestiae in rem dignissimos.', 'accusantium'),
(582, 244, 1, 'Beatae quis cum maxime.', 'omnis'),
(583, 245, 2, 'Corporis cumque itaque.', 'quasi'),
(584, 245, 1, 'Architecto id quas quaerat ducimus facere ver', 'veniam'),
(585, 245, 2, 'Nemo dolores ut unde ullam.', 'totam'),
(586, 245, 2, 'Distinctio fugit nesciunt voluptatum.', 'commodi'),
(587, 245, 2, 'Quod adipisci nulla doloremque libero sit.', 'sint'),
(588, 246, 2, 'Officia dolor sed ratione incidunt vero.', 'maiores'),
(589, 246, 1, 'Eos tempore occaecati vero in possimus volupt', 'vel'),
(590, 246, 1, 'Quod dolorum facere expedita error.', 'ullam'),
(591, 247, 3, 'Tempora optio rerum quidem.', 'reprehenderit'),
(592, 248, 3, 'Sit reprehenderit quis sequi tempore.', 'esse'),
(593, 248, 2, 'Minima vero repellendus officia at aut.', 'officiis'),
(594, 248, 2, 'Amet iusto laudantium itaque atque deleniti.', 'quia'),
(595, 250, 3, 'Eos quas quaerat molestias aliquam voluptates', 'vel'),
(596, 250, 1, 'Reiciendis voluptates laudantium consequatur ', 'voluptatem'),
(597, 250, 1, 'Quisquam alias dolorum eum in.', 'sit'),
(598, 251, 3, 'Quaerat molestiae doloremque rerum eveniet te', 'vero'),
(599, 251, 2, 'Assumenda quas sed sequi quaerat officiis ips', 'laudantium'),
(600, 251, 3, 'In eius blanditiis illo deserunt repellat nul', 'quibusdam'),
(601, 252, 2, 'Rem numquam suscipit.', 'molestiae'),
(602, 252, 3, 'Illum inventore adipisci quasi.', 'nihil'),
(603, 252, 1, 'Molestias at expedita possimus modi cupiditat', 'harum'),
(604, 252, 3, 'Necessitatibus quos fuga officiis assumenda q', 'magnam'),
(605, 253, 3, 'Nobis soluta tempora deleniti eveniet eum ull', 'totam'),
(606, 253, 1, 'Aperiam nisi illo aut veritatis.', 'repellat'),
(607, 253, 3, 'Ducimus soluta quidem itaque.', 'debitis'),
(608, 253, 1, 'Temporibus sint quisquam mollitia dignissimos', 'perspiciatis'),
(609, 254, 1, 'Ad deleniti quasi quasi deserunt.', 'tempora'),
(610, 254, 2, 'Aspernatur culpa deleniti esse.', 'quia'),
(611, 254, 2, 'Amet ipsum dolorem in voluptates.', 'consectetur'),
(612, 254, 1, 'Neque enim tempore rerum est.', 'qui'),
(613, 255, 1, 'Nisi laboriosam labore laborum odio reiciendi', 'rerum'),
(614, 255, 3, 'Voluptas ut voluptatibus totam.', 'illum'),
(615, 255, 2, 'Illo suscipit ut architecto eius.', 'minus'),
(616, 255, 1, 'Dicta id saepe.', 'nulla'),
(617, 255, 3, 'Non soluta hic dicta.', 'facilis'),
(618, 256, 3, 'Doloribus debitis autem neque harum debitis u', 'illo'),
(619, 256, 3, 'Unde repellat sequi et id aliquam saepe.', 'sed'),
(620, 256, 2, 'Officiis eligendi deserunt laudantium.', 'harum'),
(621, 256, 2, 'Deleniti officia optio.', 'veritatis'),
(622, 257, 2, 'Tenetur recusandae aspernatur.', 'totam'),
(623, 257, 3, 'Sit doloribus ut blanditiis sed itaque.', 'optio'),
(624, 258, 3, 'Fugiat assumenda esse illo.', 'autem'),
(625, 259, 3, 'Excepturi facere nam repudiandae dolorem.', 'animi'),
(626, 259, 1, 'Tempora occaecati perspiciatis exercitationem', 'aspernatur'),
(627, 259, 2, 'Ullam quo odit reprehenderit unde dolores seq', 'expedita'),
(628, 259, 3, 'Nemo repellendus cum totam.', 'molestiae'),
(629, 260, 2, 'Esse voluptas quisquam deleniti nesciunt anim', 'esse'),
(630, 261, 3, 'Odio accusantium optio sunt minus dignissimos', 'repellat'),
(631, 261, 2, 'Ratione dolorum et iusto id ut ducimus.', 'numquam'),
(632, 261, 1, 'Cupiditate at quia facere nostrum.', 'quidem'),
(633, 261, 3, 'Rem nesciunt esse magni itaque.', 'illum'),
(634, 262, 2, 'Quas error dicta quia.', 'quae'),
(635, 263, 3, 'Praesentium possimus iusto.', 'quis'),
(636, 263, 3, 'Ipsum aspernatur laboriosam repellendus.', 'consectetur'),
(637, 263, 1, 'Eveniet illum vero qui totam.', 'recusandae'),
(638, 263, 2, 'Quod in aliquam provident.', 'aliquid'),
(639, 264, 2, 'Placeat porro esse veniam aspernatur ab quod ', 'neque'),
(640, 264, 3, 'Cumque sequi temporibus repellendus deserunt.', 'illo'),
(641, 264, 1, 'Libero perspiciatis non aut.', 'vitae'),
(642, 264, 1, 'Et illo beatae natus deleniti doloremque aute', 'soluta'),
(643, 265, 2, 'Accusamus repudiandae optio perferendis ratio', 'laborum'),
(644, 265, 1, 'Molestias similique enim perferendis.', 'magnam'),
(645, 265, 1, 'Cum repellendus quisquam iusto odit eius sequ', 'cumque'),
(646, 266, 1, 'Hic quidem eos harum expedita molestias cumqu', 'deserunt'),
(647, 267, 2, 'Et eos recusandae temporibus.', 'architecto'),
(648, 267, 2, 'Asperiores dolore vero eaque.', 'veritatis'),
(649, 267, 1, 'Ducimus mollitia veritatis vero assumenda.', 'aspernatur'),
(650, 267, 3, 'Temporibus sapiente nobis iste.', 'iusto'),
(651, 268, 1, 'Amet debitis non debitis dolorem praesentium ', 'possimus'),
(652, 268, 3, 'Veritatis praesentium asperiores tempore volu', 'consectetur'),
(653, 268, 1, 'Quas tempora impedit nisi.', 'ad'),
(654, 268, 2, 'Impedit a inventore consequuntur illum.', 'odio'),
(655, 269, 2, 'Porro et blanditiis itaque blanditiis quaerat', 'fuga'),
(656, 269, 3, 'Recusandae quas assumenda occaecati quo persp', 'quibusdam'),
(657, 270, 2, 'Necessitatibus atque quasi in cum qui quis at', 'distinctio'),
(658, 270, 2, 'Iure suscipit beatae nihil debitis nesciunt a', 'quasi'),
(659, 270, 2, 'Delectus distinctio quas.', 'aspernatur'),
(660, 271, 2, 'Ab veniam est voluptatum.', 'ullam'),
(661, 271, 3, 'Similique aliquid eligendi doloremque perspic', 'nihil'),
(662, 271, 2, 'Quasi veniam voluptatum necessitatibus rem.', 'repudiandae'),
(663, 272, 1, 'Nisi debitis dignissimos delectus sint at.', 'aperiam'),
(664, 272, 2, 'Praesentium culpa officiis iusto maxime sint ', 'quisquam'),
(665, 272, 3, 'Nemo cum eos sunt perspiciatis.', 'dicta'),
(666, 273, 2, 'Itaque odio nam expedita suscipit.', 'tenetur'),
(667, 273, 2, 'Corrupti laboriosam quaerat minus aspernatur ', 'nostrum'),
(668, 273, 1, 'Repellendus officiis suscipit quas occaecati.', 'sed'),
(669, 273, 1, 'Repellendus et sapiente cumque consectetur re', 'incidunt'),
(670, 274, 3, 'Possimus officia repellendus cum sunt.', 'modi'),
(671, 274, 3, 'Sunt dignissimos sunt similique aperiam tempo', 'necessitatibus'),
(672, 274, 1, 'Vero nemo sit commodi facilis.', 'totam'),
(673, 274, 3, 'Ullam itaque inventore magni perferendis quo.', 'odit'),
(674, 275, 2, 'Ducimus sunt asperiores placeat dolorum optio', 'cumque'),
(675, 275, 3, 'Placeat iure excepturi sapiente.', 'voluptatum'),
(676, 275, 2, 'Possimus fugit porro nisi temporibus reiciend', 'voluptas'),
(677, 275, 3, 'Ullam inventore nesciunt aperiam saepe eligen', 'facilis'),
(678, 275, 1, 'Quisquam eveniet ex impedit cumque nam.', 'harum'),
(679, 277, 1, 'Provident accusamus est facere corporis quod ', 'vero'),
(680, 277, 3, 'Quae numquam excepturi nam beatae.', 'illum'),
(681, 279, 3, 'Veniam quas eius ratione magnam fugit pariatu', 'dignissimos'),
(682, 279, 2, 'Qui libero voluptatum quasi.', 'rem'),
(683, 280, 3, 'Blanditiis aliquid ut dolor.', 'optio'),
(684, 280, 1, 'Nisi omnis esse sapiente nemo dolores.', 'nihil'),
(685, 281, 1, 'Molestias eligendi natus veniam.', 'debitis'),
(686, 281, 1, 'Ipsum cumque natus dignissimos quisquam.', 'occaecati'),
(687, 281, 2, 'Culpa id sint ipsa quaerat possimus.', 'nesciunt'),
(688, 281, 2, 'Ducimus ducimus a quasi fuga.', 'aut'),
(689, 281, 2, 'Dignissimos eveniet necessitatibus porro in q', 'maiores'),
(690, 282, 3, 'Officia vitae soluta dolorum.', 'explicabo'),
(691, 282, 3, 'Possimus commodi maiores ut nesciunt.', 'in'),
(692, 282, 3, 'Corporis tempora temporibus eos quas.', 'dolorem'),
(693, 283, 3, 'Aspernatur molestias totam quaerat quia.', 'cumque'),
(694, 283, 3, 'Saepe eaque consequatur dolore voluptatem qua', 'libero'),
(695, 285, 1, 'Eius dolore voluptatibus exercitationem corpo', 'sapiente'),
(696, 285, 3, 'Temporibus fuga velit quibusdam expedita illo', 'accusamus'),
(697, 286, 2, 'Quos saepe aliquam consequuntur illum impedit', 'recusandae'),
(698, 287, 2, 'Reprehenderit facere tenetur.', 'dignissimos'),
(699, 287, 1, 'Quae maxime eveniet ipsum doloribus animi mai', 'error'),
(700, 287, 1, 'Consequatur asperiores aspernatur eligendi ar', 'odit'),
(701, 287, 1, 'Alias ut maxime nihil nulla ipsam fuga.', 'maiores'),
(702, 287, 3, 'Itaque adipisci veritatis placeat.', 'ducimus'),
(703, 288, 3, 'Totam nulla quibusdam laboriosam quis.', 'voluptates'),
(704, 288, 1, 'Eius et beatae eum.', 'qui'),
(705, 288, 3, 'Aliquid perferendis neque laudantium ipsum.', 'illo'),
(706, 289, 1, 'Numquam quisquam nemo.', 'amet'),
(707, 290, 2, 'Fuga velit nemo iusto reprehenderit iusto inv', 'minus'),
(708, 292, 3, 'Praesentium sapiente ipsa provident.', 'ducimus'),
(709, 292, 3, 'Officiis ut recusandae.', 'molestias'),
(710, 293, 1, 'Vero accusantium sequi incidunt distinctio vo', 'aut'),
(711, 294, 3, 'Excepturi delectus quidem dolorum hic.', 'culpa'),
(712, 294, 3, 'Recusandae incidunt qui architecto animi tota', 'modi'),
(713, 294, 2, 'Amet culpa eius.', 'esse'),
(714, 294, 3, 'Quos odio mollitia omnis expedita aliquid non', 'nemo'),
(715, 295, 3, 'Repellat sapiente maxime corporis.', 'praesentium'),
(716, 295, 1, 'Facere sequi distinctio voluptate deleniti.', 'beatae'),
(717, 295, 2, 'Iure nesciunt numquam distinctio aspernatur a', 'ratione'),
(718, 296, 2, 'Debitis molestiae neque velit.', 'expedita'),
(719, 296, 2, 'Molestias asperiores illo atque quas et.', 'maiores'),
(720, 296, 1, 'Dolorum molestias eveniet praesentium.', 'debitis'),
(721, 297, 3, 'Delectus adipisci molestiae nam maxime provid', 'hic'),
(722, 297, 3, 'A amet ullam deserunt inventore dolore ab.', 'sit'),
(723, 297, 3, 'Ullam quo voluptas ducimus.', 'a'),
(724, 298, 1, 'Iste impedit et doloribus.', 'magni'),
(725, 298, 3, 'Perspiciatis cupiditate distinctio.', 'suscipit'),
(726, 298, 2, 'Quo accusantium ex laboriosam ipsum aperiam e', 'illum'),
(727, 298, 3, 'Iure asperiores fugiat aperiam accusantium la', 'nam'),
(728, 299, 3, 'Dolorum fugiat debitis fugiat recusandae.', 'dolores'),
(729, 299, 2, 'Dolore eos placeat ipsum praesentium sit repu', 'perspiciatis'),
(730, 299, 2, 'Veniam cupiditate illo.', 'eligendi'),
(731, 300, 1, 'Delectus laudantium sed fugit numquam odio do', 'amet'),
(732, 300, 2, 'Voluptatem doloribus totam cum.', 'atque'),
(733, 301, 2, 'Earum consequuntur et molestias aspernatur nu', 'inventore'),
(734, 301, 2, 'A nam debitis cupiditate.', 'alias'),
(735, 301, 1, 'Vel ex fuga velit asperiores.', 'nemo'),
(736, 301, 1, 'Minus aut totam perspiciatis amet id veniam.', 'itaque'),
(737, 302, 2, 'Repellat culpa molestias amet quia.', 'corrupti'),
(738, 303, 2, 'Nobis corrupti sit odio saepe debitis.', 'illum'),
(739, 303, 2, 'Ratione similique suscipit deleniti.', 'maxime'),
(740, 303, 2, 'Quo eveniet facilis delectus ad.', 'odio'),
(741, 304, 3, 'Maiores fuga delectus distinctio voluptatum i', 'omnis'),
(742, 304, 2, 'Labore libero deleniti ea quos autem exceptur', 'officiis'),
(743, 304, 3, 'Officia sapiente cum magnam nemo facere.', 'voluptates'),
(744, 304, 2, 'Facilis adipisci perferendis minus odit neces', 'culpa'),
(745, 306, 2, 'Deleniti unde praesentium atque voluptates co', 'veritatis'),
(746, 306, 2, 'Earum tenetur eveniet iure tenetur cumque.', 'laborum'),
(747, 306, 3, 'Iure repudiandae occaecati tempora.', 'quis'),
(748, 306, 2, 'Architecto amet praesentium labore molestiae.', 'ratione'),
(749, 307, 1, 'In doloremque ex.', 'excepturi'),
(750, 307, 3, 'Nam veniam a error.', 'voluptate'),
(751, 307, 2, 'Aut alias et.', 'quaerat'),
(752, 307, 1, 'Ipsum commodi quae natus laboriosam nulla.', 'alias'),
(753, 309, 3, 'Harum placeat ipsa libero non repellat enim.', 'illo'),
(754, 310, 1, 'Nemo aliquam explicabo doloribus labore.', 'deleniti'),
(755, 310, 1, 'Unde saepe quas inventore ratione occaecati.', 'aspernatur'),
(756, 311, 1, 'Nulla facilis expedita suscipit.', 'molestiae'),
(757, 311, 2, 'Corporis dolorem ut quidem quaerat itaque ips', 'voluptatum'),
(758, 311, 2, 'Iure quod eos molestias sit atque.', 'rerum'),
(759, 311, 3, 'Similique quidem delectus mollitia est exerci', 'asperiores'),
(760, 311, 1, 'Autem eligendi incidunt in neque quos.', 'rerum'),
(761, 313, 1, 'Nesciunt illum labore consequuntur expedita.', 'repellat'),
(762, 313, 1, 'Id laudantium nisi mollitia.', 'laborum'),
(763, 313, 2, 'Animi nisi laborum natus quam.', 'eius'),
(764, 313, 3, 'Fugit inventore atque error harum architecto.', 'modi'),
(765, 313, 3, 'Necessitatibus voluptatibus exercitationem.', 'omnis'),
(766, 314, 3, 'Adipisci assumenda ducimus harum aperiam corr', 'in'),
(767, 314, 3, 'Fuga deserunt optio.', 'quos'),
(768, 315, 3, 'Optio atque perspiciatis cumque modi ea neque', 'molestias'),
(769, 315, 1, 'Doloribus debitis nam odit aut nemo dolore.', 'nulla'),
(770, 316, 2, 'Delectus soluta cumque quas reiciendis eum te', 'corrupti'),
(771, 317, 3, 'Nesciunt sit fugiat deleniti vitae quisquam.', 'iusto'),
(772, 317, 2, 'Tempora corrupti at iure.', 'commodi'),
(773, 317, 3, 'Eaque repellat harum illo nihil iste consequa', 'iste'),
(774, 317, 1, 'Facilis tempora alias eos cupiditate sunt cum', 'labore'),
(775, 318, 1, 'Architecto a qui asperiores.', 'dignissimos'),
(776, 318, 1, 'Reprehenderit distinctio architecto deserunt ', 'nisi'),
(777, 318, 1, 'Nisi laboriosam fuga incidunt debitis nostrum', 'molestiae'),
(778, 318, 3, 'Beatae voluptates totam.', 'voluptatibus'),
(779, 319, 1, 'Rerum molestiae dicta et labore est velit.', 'veritatis'),
(780, 319, 3, 'Incidunt officia suscipit officiis dolor simi', 'quam'),
(781, 319, 3, 'Optio neque placeat.', 'veritatis'),
(782, 319, 1, 'Assumenda incidunt non atque adipisci consect', 'eaque'),
(783, 320, 1, 'Culpa dicta ea laborum.', 'quaerat'),
(784, 321, 3, 'Dolores minima soluta accusamus aliquid nihil', 'laboriosam'),
(785, 322, 3, 'Facilis illo facere itaque accusamus repellat', 'cum'),
(786, 323, 3, 'Pariatur itaque accusantium distinctio exerci', 'fugiat'),
(787, 323, 1, 'Et corporis odio quam.', 'mollitia'),
(788, 323, 1, 'Repellat nisi numquam.', 'repudiandae'),
(789, 324, 1, 'Corrupti quaerat in commodi quaerat impedit a', 'earum'),
(790, 324, 3, 'Magnam id unde quas.', 'blanditiis'),
(791, 324, 2, 'Iusto sint consequuntur earum minima perspici', 'voluptate'),
(792, 325, 2, 'Nulla voluptatum molestias harum voluptas rem', 'aperiam'),
(793, 325, 2, 'Quas occaecati a commodi.', 'tempora'),
(794, 325, 2, 'Dicta totam cum.', 'suscipit'),
(795, 325, 2, 'Praesentium minima consectetur culpa.', 'amet'),
(796, 326, 3, 'Laboriosam architecto architecto ex maxime ex', 'distinctio'),
(797, 326, 2, 'Quis accusamus atque atque occaecati animi pr', 'eaque'),
(798, 327, 1, 'Quo reprehenderit rem quas.', 'minima'),
(799, 327, 3, 'Dolor fuga sequi ad adipisci eaque.', 'possimus'),
(800, 327, 3, 'Possimus iste quibusdam nam.', 'aspernatur'),
(801, 327, 3, 'In enim quam inventore placeat.', 'facilis'),
(802, 327, 1, 'Earum dicta inventore quasi sunt quam.', 'quidem'),
(803, 328, 2, 'Optio corporis dolorum molestias.', 'laudantium'),
(804, 328, 1, 'Est facere totam iusto.', 'tempore'),
(805, 328, 1, 'Architecto laudantium alias rerum sunt ea vit', 'quam'),
(806, 329, 3, 'Vero asperiores adipisci ullam maxime quasi e', 'blanditiis'),
(807, 329, 1, 'Sequi commodi ut atque.', 'sapiente'),
(808, 330, 1, 'Velit facilis sint voluptatibus accusamus omn', 'quas'),
(809, 332, 2, 'Nostrum perferendis ducimus eos vitae modi sa', 'omnis'),
(810, 332, 1, 'Laborum facilis eos iure sed a.', 'voluptatibus'),
(811, 332, 1, 'Aliquam placeat explicabo temporibus dolore.', 'voluptas'),
(812, 332, 1, 'Vero repudiandae facere in quae repellendus e', 'magni'),
(813, 333, 3, 'Perspiciatis architecto necessitatibus ab qua', 'sint'),
(814, 333, 1, 'Assumenda nam quidem.', 'fugiat'),
(815, 333, 3, 'Non reprehenderit voluptate corporis.', 'corporis'),
(816, 333, 2, 'Provident expedita blanditiis minima.', 'ducimus'),
(817, 336, 2, 'Aliquam necessitatibus esse porro perspiciati', 'dignissimos'),
(818, 336, 3, 'Vero incidunt perspiciatis.', 'sunt'),
(819, 337, 3, 'Voluptatibus animi tempore.', 'repellendus'),
(820, 338, 3, 'Voluptas asperiores eaque repudiandae.', 'nemo'),
(821, 338, 2, 'Architecto sequi eveniet laborum amet.', 'commodi'),
(822, 338, 2, 'Doloremque dolorum ducimus cupiditate provide', 'facilis'),
(823, 338, 1, 'Doloribus sint impedit.', 'assumenda'),
(824, 339, 2, 'Distinctio saepe quas maxime vitae laboriosam', 'aliquid'),
(825, 339, 1, 'Odio officiis repellat adipisci architecto ve', 'suscipit'),
(826, 339, 2, 'Voluptatibus eaque cum vero alias sint.', 'labore'),
(827, 339, 2, 'Totam explicabo facilis distinctio.', 'numquam'),
(828, 340, 2, 'Eveniet beatae suscipit nihil minima praesent', 'quae'),
(829, 340, 2, 'Consequatur ipsam laborum saepe a.', 'ipsum'),
(830, 341, 1, 'Hic sint at odit harum eos minima.', 'hic'),
(831, 342, 3, 'Nihil repellat doloremque reprehenderit assum', 'nesciunt'),
(832, 343, 1, 'Velit quia autem doloremque vitae.', 'id'),
(833, 343, 1, 'Ea consequuntur recusandae illo nobis exercit', 'consequuntur'),
(834, 343, 2, 'Ab similique sit nostrum excepturi.', 'eum'),
(835, 343, 1, 'Nemo illum fugiat consequuntur quam aperiam e', 'alias'),
(836, 344, 3, 'Perspiciatis inventore voluptatem quaerat.', 'iste'),
(837, 344, 3, 'Voluptas dolores quibusdam voluptatum.', 'ullam'),
(838, 344, 3, 'Quaerat perferendis sunt rerum veniam blandit', 'iusto'),
(839, 346, 1, 'Laborum commodi error quisquam.', 'accusantium'),
(840, 346, 3, 'Aliquid quod impedit dolorum ab accusantium o', 'voluptatum'),
(841, 347, 1, 'Perspiciatis sit tenetur.', 'tempora'),
(842, 347, 1, 'Totam fugiat nemo fugit.', 'omnis'),
(843, 347, 3, 'Eius explicabo asperiores ducimus quisquam vo', 'dolores'),
(844, 347, 3, 'Reprehenderit a iure non quae nostrum repelle', 'tempore'),
(845, 347, 2, 'Dolore libero perferendis voluptatum repellen', 'hic'),
(846, 348, 2, 'Magni omnis sit suscipit aut.', 'aperiam'),
(847, 348, 2, 'Itaque molestiae unde praesentium.', 'rerum'),
(848, 348, 3, 'Exercitationem reprehenderit amet.', 'magnam'),
(849, 349, 3, 'Animi dolore maiores amet consectetur consequ', 'qui'),
(850, 349, 3, 'Et possimus alias totam aut minus dignissimos', 'possimus'),
(851, 349, 3, 'Perspiciatis a natus debitis dolor nostrum ra', 'eum'),
(852, 349, 2, 'Aperiam aut magnam amet iusto atque.', 'molestiae'),
(853, 349, 3, 'Placeat cupiditate voluptatibus quas soluta m', 'eum'),
(854, 350, 1, 'Fuga similique deserunt enim voluptatum rerum', 'eos'),
(855, 351, 3, 'Quis excepturi perferendis labore beatae cons', 'facere'),
(856, 351, 3, 'Iure ea repellat veniam.', 'corrupti'),
(857, 351, 2, 'Aspernatur quas excepturi sequi similique sim', 'corrupti'),
(858, 351, 3, 'Consectetur illum neque illo sit.', 'odio'),
(859, 353, 3, 'Enim dolor reprehenderit voluptatibus dolorem', 'quos'),
(860, 353, 1, 'Ex iure quo quos.', 'beatae'),
(861, 353, 1, 'Sed corporis facilis aspernatur rem cumque do', 'nostrum'),
(862, 353, 3, 'Saepe corporis culpa sunt quas culpa.', 'autem'),
(863, 353, 1, 'Nihil veniam dicta numquam.', 'quis'),
(864, 354, 3, 'Quasi eius voluptate reprehenderit accusamus ', 'nostrum'),
(865, 354, 2, 'Fugiat quaerat quos deserunt.', 'modi'),
(866, 354, 3, 'Porro velit enim facilis officiis nihil.', 'laborum'),
(867, 354, 3, 'Delectus nulla quis optio nihil distinctio of', 'expedita'),
(868, 354, 1, 'Adipisci consectetur quisquam distinctio aut.', 'cupiditate'),
(869, 356, 3, 'Eligendi esse at distinctio animi.', 'animi'),
(870, 356, 1, 'Numquam quidem eos tempore.', 'sed'),
(871, 357, 2, 'Sequi quae error ipsam.', 'molestiae'),
(872, 357, 1, 'Nam beatae veritatis necessitatibus numquam v', 'nisi'),
(873, 357, 3, 'Ratione quisquam saepe itaque minus quod sunt', 'similique'),
(874, 358, 3, 'Quibusdam accusamus pariatur iusto excepturi ', 'vero'),
(875, 358, 1, 'Minus quasi dolorem tenetur omnis consequuntu', 'expedita'),
(876, 358, 3, 'Quam unde magnam ex ab.', 'nulla'),
(877, 359, 2, 'Deserunt vel vitae dolor similique.', 'numquam'),
(878, 359, 3, 'Iusto assumenda repudiandae excepturi quo ips', 'alias'),
(879, 359, 3, 'Cumque occaecati commodi molestias voluptas q', 'repellat'),
(880, 361, 2, 'Molestias sit nostrum doloribus tenetur maior', 'quis'),
(881, 361, 2, 'Odio est fugit nesciunt.', 'sint'),
(882, 361, 1, 'Quo libero eos consequuntur mollitia.', 'facere'),
(883, 363, 3, 'Vitae omnis doloribus expedita recusandae.', 'maiores'),
(884, 363, 1, 'Velit mollitia voluptates eligendi iusto perf', 'sunt'),
(885, 363, 1, 'Cumque nulla nobis voluptatibus.', 'possimus'),
(886, 363, 2, 'Accusamus voluptatibus adipisci optio consequ', 'vitae'),
(887, 363, 2, 'Quis doloribus aliquid saepe illo dolorum.', 'dolorum'),
(888, 364, 1, 'Officiis provident minima laudantium.', 'omnis'),
(889, 364, 3, 'Vel nostrum hic quae sint nostrum harum.', 'sed'),
(890, 364, 3, 'Error doloribus nihil tempora qui porro.', 'dignissimos'),
(891, 364, 1, 'Voluptatem provident autem.', 'perferendis'),
(892, 364, 1, 'Nostrum recusandae esse nulla laboriosam adip', 'explicabo'),
(893, 365, 3, 'Soluta beatae rem eius praesentium doloribus.', 'quidem'),
(894, 365, 3, 'Eveniet ullam nemo ratione.', 'non'),
(895, 365, 1, 'Debitis assumenda unde eveniet debitis facere', 'nulla'),
(896, 365, 2, 'Quisquam impedit eveniet minima quas fuga eni', 'modi'),
(897, 366, 1, 'Quod nesciunt eligendi nihil.', 'rem'),
(898, 366, 1, 'Nostrum soluta dolores omnis temporibus repel', 'neque'),
(899, 366, 3, 'Laudantium itaque harum totam veniam nostrum ', 'sapiente'),
(900, 367, 3, 'Accusantium vel optio deserunt odio nemo.', 'amet'),
(901, 367, 2, 'Cumque architecto magni aliquam impedit volup', 'eveniet'),
(902, 367, 3, 'Vel impedit aliquam amet recusandae aliquam.', 'voluptatem'),
(903, 367, 3, 'A quisquam fugiat nesciunt.', 'commodi'),
(904, 369, 2, 'Perferendis iure provident nisi.', 'laboriosam'),
(905, 369, 2, 'At ad architecto maxime.', 'distinctio'),
(906, 370, 3, 'Modi incidunt optio ratione quae.', 'repudiandae'),
(907, 370, 1, 'Dolores culpa aliquam ipsa veritatis eius sap', 'nihil'),
(908, 372, 3, 'Autem quas perspiciatis pariatur optio.', 'consectetur'),
(909, 373, 3, 'Omnis facere sed mollitia similique earum.', 'nesciunt'),
(910, 373, 3, 'Consequuntur in tenetur soluta tempora necess', 'quam'),
(911, 373, 1, 'Nihil illum dolore quia minima consectetur.', 'unde'),
(912, 373, 1, 'Sunt assumenda blanditiis dolor illo.', 'necessitatibus'),
(913, 374, 3, 'Officia fugit officiis officiis numquam optio', 'commodi'),
(914, 375, 3, 'Fuga consectetur in veritatis omnis.', 'nisi'),
(915, 375, 1, 'Facere animi aspernatur fugiat eveniet.', 'tempore'),
(916, 375, 2, 'Neque nulla non.', 'perferendis'),
(917, 375, 3, 'Exercitationem est repellat quibusdam volupta', 'facilis'),
(918, 375, 2, 'Iste eveniet ad amet nisi.', 'quis'),
(919, 376, 2, 'Dolore officiis eos molestias.', 'aspernatur'),
(920, 376, 2, 'Aliquid ipsam quibusdam minima nisi.', 'aperiam'),
(921, 376, 1, 'Dignissimos quia nostrum vel aspernatur.', 'minima'),
(922, 376, 1, 'Maiores debitis eaque facere earum.', 'hic'),
(923, 377, 1, 'Eius nemo ut error possimus aut.', 'odio'),
(924, 377, 2, 'Voluptates nisi repellendus explicabo.', 'optio'),
(925, 377, 1, 'Tempore quia minima ipsa.', 'nobis'),
(926, 377, 2, 'Cumque occaecati et temporibus cupiditate qua', 'odit'),
(927, 378, 1, 'Cum deserunt non.', 'modi'),
(928, 378, 1, 'Fugit expedita labore quis quo eum magni.', 'quas'),
(929, 378, 3, 'Corrupti accusamus cumque ducimus.', 'ipsam'),
(930, 378, 1, 'Dolor quae minima architecto reiciendis dolor', 'ad'),
(931, 378, 2, 'Odio dicta quis tempore suscipit itaque est.', 'commodi'),
(932, 380, 3, 'Nobis illum fuga.', 'dolorem'),
(933, 380, 2, 'Porro aut eaque occaecati praesentium harum a', 'molestiae'),
(934, 380, 3, 'Eveniet qui accusantium beatae quis autem.', 'animi'),
(935, 380, 1, 'Vitae voluptates laboriosam.', 'unde'),
(936, 380, 3, 'Dolore ex nulla.', 'nam'),
(937, 381, 1, 'Voluptatum neque necessitatibus commodi nobis', 'aspernatur'),
(938, 381, 1, 'Ducimus ipsum magnam sit.', 'dicta'),
(939, 382, 1, 'Deleniti sunt alias quibusdam ipsum explicabo', 'perspiciatis'),
(940, 382, 1, 'Laborum deserunt veniam hic odit sequi dolore', 'voluptas'),
(941, 382, 3, 'Iste deleniti officia natus.', 'at'),
(942, 382, 1, 'Modi error dolore odit maxime magni.', 'officiis'),
(943, 382, 1, 'Libero adipisci quas porro eius facere.', 'veritatis'),
(944, 383, 2, 'Similique hic unde.', 'perspiciatis'),
(945, 383, 1, 'Aperiam omnis atque distinctio eveniet nulla.', 'molestias'),
(946, 383, 3, 'Corporis sit aspernatur aliquid veniam magnam', 'autem'),
(947, 383, 1, 'Saepe alias voluptates minima at.', 'hic'),
(948, 384, 1, 'Itaque rerum doloremque error dolore.', 'libero'),
(949, 385, 2, 'Quae aliquid sit rerum nulla molestiae.', 'tempora'),
(950, 385, 1, 'Corrupti accusamus ducimus impedit porro occa', 'odit'),
(951, 385, 2, 'Ratione consequatur autem eius cum ea explica', 'vitae'),
(952, 385, 3, 'Odio excepturi repellendus occaecati tenetur ', 'aliquid'),
(953, 386, 2, 'Minima maiores cupiditate alias deleniti at e', 'odio'),
(954, 386, 1, 'Deleniti saepe deserunt vero earum qui quas r', 'eveniet'),
(955, 387, 3, 'Repudiandae dicta quod nulla laborum perspici', 'aliquid'),
(956, 387, 3, 'Facere et exercitationem ullam eaque totam.', 'ex'),
(957, 388, 1, 'Nulla vitae ratione possimus.', 'accusantium'),
(958, 388, 2, 'Dignissimos eos saepe autem ullam ipsum.', 'eius'),
(959, 388, 3, 'Quibusdam dignissimos deleniti repellendus ma', 'maiores'),
(960, 388, 3, 'Tempore maiores nulla modi.', 'provident'),
(961, 389, 2, 'Dolores explicabo accusantium animi sunt.', 'magni'),
(962, 389, 2, 'Nostrum tenetur quia debitis officiis.', 'vero'),
(963, 389, 3, 'Aliquam sint deserunt odit sapiente.', 'possimus'),
(964, 389, 3, 'Ea similique facilis accusantium reiciendis n', 'sint'),
(965, 389, 3, 'Porro repellat accusamus reiciendis.', 'voluptatum'),
(966, 390, 3, 'Corporis enim est quidem perspiciatis tempori', 'consequatur'),
(967, 390, 1, 'Animi impedit aliquid ut.', 'labore'),
(968, 390, 1, 'Ut tenetur sed necessitatibus exercitationem ', 'laborum'),
(969, 390, 2, 'Animi aut veniam laboriosam.', 'magnam'),
(970, 390, 3, 'Harum alias laborum nihil debitis.', 'provident'),
(971, 391, 1, 'Officiis odit quisquam quis aperiam.', 'vel'),
(972, 391, 2, 'Ipsa culpa facere possimus quia quasi.', 'vel'),
(973, 391, 2, 'Tempore modi accusantium quod voluptatum anim', 'rem'),
(974, 391, 2, 'Quas occaecati inventore deserunt maiores ull', 'iusto'),
(975, 392, 3, 'Perferendis iste autem dolores aspernatur.', 'aliquid'),
(976, 392, 2, 'Quos repellat eaque nemo.', 'rem'),
(977, 392, 1, 'Sapiente debitis occaecati error pariatur.', 'facere'),
(978, 393, 2, 'Sunt saepe facilis debitis nihil autem alias.', 'ipsam'),
(979, 393, 2, 'Commodi nihil quaerat repellendus reiciendis.', 'impedit'),
(980, 393, 2, 'Debitis odio labore inventore atque ducimus u', 'voluptatem'),
(981, 394, 2, 'Fugit recusandae explicabo nisi assumenda at.', 'dolore'),
(982, 395, 2, 'Ea nemo veritatis laborum accusamus repellat.', 'deserunt'),
(983, 395, 3, 'Dolore modi accusantium dolore dignissimos si', 'suscipit'),
(984, 395, 2, 'Quaerat expedita ad cum corrupti quam.', 'est'),
(985, 395, 1, 'Sequi illum natus error.', 'incidunt'),
(986, 396, 2, 'Aspernatur consectetur sunt.', 'earum'),
(987, 396, 3, 'Quo architecto quis debitis quaerat omnis sap', 'doloribus'),
(988, 396, 3, 'Iure quos fuga vel.', 'nulla'),
(989, 396, 3, 'Officia suscipit consectetur eveniet dicta.', 'quos'),
(990, 396, 3, 'Distinctio quisquam magnam rerum quos maiores', 'nam'),
(991, 397, 1, 'Alias assumenda odio.', 'enim'),
(992, 398, 3, 'Dolorem animi voluptatum iusto necessitatibus', 'nisi'),
(993, 398, 2, 'Iure delectus veniam eligendi expedita quos.', 'ullam'),
(994, 398, 3, 'Quos in quam blanditiis quae atque.', 'at'),
(995, 398, 1, 'Amet ratione illo vitae voluptate temporibus.', 'necessitatibus'),
(996, 399, 1, 'Placeat veniam quasi sint dignissimos.', 'laboriosam'),
(997, 399, 2, 'Perferendis tempora harum ex aut voluptas odi', 'quidem'),
(998, 399, 1, 'Quae aliquid labore voluptas.', 'praesentium'),
(999, 399, 3, 'Reiciendis ratione veniam.', 'quos'),
(1000, 400, 3, 'Illum atque deserunt.', 'asperiores'),
(1001, 400, 1, 'Possimus similique iusto tempora impedit accu', 'sed'),
(1002, 400, 2, 'Eos sit voluptas.', 'eaque'),
(1003, 400, 3, 'Odit minus autem debitis id aliquid adipisci.', 'autem'),
(1004, 402, 1, 'Est vel voluptatum corporis dolor quos esse.', 'doloremque'),
(1005, 402, 1, 'Doloremque animi cupiditate veritatis hic.', 'sit'),
(1006, 402, 1, 'Nulla perspiciatis cum eaque explicabo.', 'delectus'),
(1007, 403, 1, 'Tempore culpa facilis fuga doloremque asperio', 'autem'),
(1008, 404, 1, 'Molestias illo minus nihil deserunt praesenti', 'nobis'),
(1009, 404, 2, 'Eum neque repellat eligendi temporibus.', 'alias'),
(1010, 404, 2, 'Modi quia voluptates recusandae.', 'blanditiis'),
(1011, 404, 2, 'Eum distinctio mollitia occaecati sit omnis.', 'est'),
(1012, 405, 2, 'Doloremque nihil corrupti laborum vel sapient', 'commodi'),
(1013, 405, 1, 'Suscipit in tempore ipsam veniam.', 'dolorum'),
(1014, 406, 1, 'Vel soluta quibusdam necessitatibus commodi l', 'placeat'),
(1015, 407, 1, 'Repellat architecto dolores blanditiis placea', 'repellat'),
(1016, 407, 2, 'Minus voluptatem perspiciatis vitae.', 'libero'),
(1017, 407, 1, 'Libero quidem sunt veritatis possimus ad.', 'veniam'),
(1018, 407, 2, 'Fugiat error iste iste dignissimos cumque iur', 'impedit'),
(1019, 407, 1, 'Earum nostrum id quod veritatis.', 'perferendis'),
(1020, 408, 1, 'Quam possimus provident.', 'vero'),
(1021, 408, 3, 'Dignissimos quae illo commodi quae distinctio', 'praesentium'),
(1022, 408, 2, 'Expedita cum aperiam qui.', 'quae'),
(1023, 408, 3, 'Optio officia porro sed ab.', 'earum'),
(1024, 408, 2, 'Praesentium harum quasi tenetur.', 'ducimus'),
(1025, 411, 1, 'Eveniet quis placeat aut voluptatibus vel min', 'asperiores'),
(1026, 412, 2, 'Exercitationem enim nulla sunt aut doloribus.', 'distinctio'),
(1027, 412, 3, 'Recusandae deserunt saepe consequatur explica', 'porro'),
(1028, 412, 2, 'Laborum esse maiores quaerat eveniet itaque n', 'totam'),
(1029, 412, 2, 'Consectetur quidem suscipit modi vitae doloru', 'et'),
(1030, 412, 2, 'Recusandae repellat debitis doloribus facere.', 'cumque'),
(1031, 413, 2, 'Velit facilis ex incidunt a.', 'alias'),
(1032, 413, 3, 'Ratione nihil eaque error tenetur.', 'aspernatur'),
(1033, 413, 1, 'Non adipisci ad.', 'est'),
(1034, 414, 2, 'Cupiditate nobis ex aut culpa possimus.', 'est'),
(1035, 414, 2, 'Animi beatae itaque nihil rerum.', 'eveniet'),
(1036, 414, 2, 'Architecto voluptatum sint blanditiis aliquam', 'ducimus'),
(1037, 414, 3, 'Quia inventore non doloribus dolorum illo del', 'omnis'),
(1038, 414, 3, 'Suscipit repellendus porro voluptatibus error', 'odio'),
(1039, 415, 3, 'Ipsam quis molestias blanditiis incidunt a te', 'numquam'),
(1040, 415, 3, 'Distinctio impedit quae voluptatem doloremque', 'placeat'),
(1041, 415, 1, 'Maiores quis eos non.', 'praesentium'),
(1042, 415, 2, 'Repellat architecto amet sint molestias.', 'adipisci'),
(1043, 415, 2, 'Accusantium molestias eius sapiente deleniti.', 'libero'),
(1044, 416, 1, 'Quasi vero ad fugit molestiae veniam animi.', 'nostrum'),
(1045, 416, 3, 'Doloremque sapiente doloribus consectetur vol', 'inventore'),
(1046, 418, 1, 'Accusantium laboriosam tempora unde excepturi', 'ipsam'),
(1047, 418, 2, 'Et nemo repellat excepturi beatae nihil volup', 'doloremque'),
(1048, 418, 2, 'Labore nemo ut qui odit.', 'dolorum'),
(1049, 418, 2, 'Hic molestiae facere possimus tenetur dolores', 'quam'),
(1050, 419, 1, 'Dolorem tempore at voluptatibus.', 'illum'),
(1051, 420, 3, 'Qui est commodi dolorem.', 'non'),
(1052, 421, 3, 'Praesentium nisi velit ex facilis velit.', 'modi'),
(1053, 422, 1, 'Praesentium non quas molestiae sit.', 'aut'),
(1054, 422, 3, 'Ullam repellat sint dolores.', 'odio'),
(1055, 422, 1, 'Quo ducimus cum nisi fugiat quis veniam.', 'debitis'),
(1056, 422, 3, 'Corrupti iusto optio velit est.', 'odio'),
(1057, 422, 1, 'Quaerat nesciunt nam voluptatum nam.', 'asperiores'),
(1058, 423, 3, 'Ad saepe consectetur fugit iusto eaque ipsam ', 'quibusdam'),
(1059, 423, 2, 'Alias quibusdam dolor velit qui suscipit porr', 'unde'),
(1060, 424, 2, 'Ea iste possimus accusantium quisquam.', 'dolorum'),
(1061, 424, 1, 'In officia quod consectetur.', 'incidunt'),
(1062, 424, 2, 'Repellendus recusandae necessitatibus qui cul', 'placeat'),
(1063, 426, 3, 'Commodi saepe neque laborum hic quasi saepe.', 'tenetur'),
(1064, 426, 2, 'Maxime aliquid repellat deleniti quasi assume', 'unde'),
(1065, 426, 1, 'Fuga neque nesciunt vitae vitae occaecati nat', 'ipsum'),
(1066, 426, 1, 'Quas dolorum labore nostrum qui.', 'quibusdam'),
(1067, 427, 2, 'Laudantium dignissimos quo vel ipsa commodi r', 'quaerat'),
(1068, 427, 1, 'Quae ratione aperiam commodi ut corrupti.', 'nihil'),
(1069, 427, 2, 'Nisi doloremque rem non perspiciatis libero.', 'quaerat'),
(1070, 427, 2, 'Doloribus quia dolor beatae eveniet.', 'quisquam'),
(1071, 427, 2, 'Ea recusandae tempora commodi perferendis.', 'beatae'),
(1072, 428, 3, 'Eaque magni consectetur beatae nulla iste des', 'occaecati'),
(1073, 429, 3, 'Minima deserunt veniam suscipit tenetur exped', 'eum'),
(1074, 429, 3, 'Dolorum recusandae veniam quis eius dolorum a', 'optio'),
(1075, 429, 2, 'Ipsum asperiores aperiam corrupti.', 'ratione'),
(1076, 431, 2, 'Facere eos voluptate modi laudantium recusand', 'repellendus'),
(1077, 431, 3, 'Facilis quisquam dicta ipsam consequuntur nob', 'tempora'),
(1078, 432, 3, 'Numquam voluptatem iste similique.', 'dolor'),
(1079, 432, 2, 'Deleniti dignissimos aspernatur minus natus e', 'consequuntur'),
(1080, 433, 3, 'Cumque eius itaque alias modi.', 'voluptatem'),
(1081, 433, 2, 'Sed sed excepturi nesciunt nemo.', 'repellendus'),
(1082, 433, 2, 'Assumenda voluptatum quibusdam nesciunt quibu', 'eum'),
(1083, 434, 2, 'Dicta quaerat ducimus esse.', 'minima'),
(1084, 434, 2, 'Sint placeat soluta assumenda illo ut deserun', 'repudiandae'),
(1085, 434, 1, 'Vero necessitatibus deleniti distinctio.', 'laborum'),
(1086, 434, 3, 'Ut at error quas illo corporis.', 'autem'),
(1087, 434, 3, 'Debitis porro debitis illum.', 'ullam'),
(1088, 435, 3, 'Dolorem aspernatur natus exercitationem.', 'unde'),
(1089, 435, 2, 'Voluptas odit corporis aliquid assumenda.', 'ad'),
(1090, 435, 3, 'Odio magni tenetur alias cumque quibusdam.', 'dolores'),
(1091, 435, 2, 'Ipsum ad corrupti.', 'deleniti'),
(1092, 435, 3, 'Dolor nostrum laudantium ducimus.', 'perferendis'),
(1093, 436, 2, 'Reiciendis rem sapiente optio unde deserunt.', 'molestiae'),
(1094, 436, 2, 'Officia numquam delectus accusamus maiores.', 'labore'),
(1095, 436, 2, 'Corporis magni ad veritatis.', 'excepturi'),
(1096, 436, 1, 'Quam aut quo corrupti consequuntur necessitat', 'quaerat'),
(1097, 437, 3, 'Ipsam reprehenderit nostrum laboriosam reicie', 'tempore'),
(1098, 437, 2, 'Tempora ipsam nisi quidem possimus porro porr', 'consequatur'),
(1099, 437, 1, 'Maiores aliquid dicta modi debitis.', 'delectus'),
(1100, 439, 1, 'Quis deserunt nisi expedita cumque neque tota', 'temporibus'),
(1101, 439, 2, 'Voluptatem modi omnis consectetur molestias.', 'expedita'),
(1102, 441, 3, 'Voluptate odit soluta mollitia modi nihil del', 'nisi'),
(1103, 441, 2, 'Cum dicta aperiam.', 'ipsam'),
(1104, 442, 3, 'Dignissimos labore asperiores tempora reprehe', 'est'),
(1105, 442, 2, 'Reiciendis ipsam voluptatem ipsum amet ab sin', 'molestiae'),
(1106, 442, 3, 'Aperiam dolorem tempora unde aut veniam.', 'animi'),
(1107, 442, 3, 'Distinctio modi iste commodi ea.', 'reprehenderit'),
(1108, 442, 2, 'Occaecati tempore et praesentium deleniti.', 'nam'),
(1109, 445, 1, 'Cupiditate quod earum enim fugiat soluta et.', 'et'),
(1110, 445, 1, 'Nihil reiciendis adipisci dolorum inventore s', 'quam'),
(1111, 446, 3, 'Omnis corrupti explicabo.', 'qui'),
(1112, 446, 1, 'Cumque similique ipsa voluptas.', 'occaecati'),
(1113, 446, 3, 'Pariatur fugit culpa quisquam minus quibusdam', 'illo'),
(1114, 447, 1, 'Nobis natus porro debitis culpa iusto ab.', 'repellat'),
(1115, 447, 1, 'Cumque reprehenderit molestiae laboriosam vel', 'incidunt'),
(1116, 448, 2, 'Consectetur ipsum commodi nemo autem omnis ip', 'minus'),
(1117, 448, 2, 'Dignissimos esse dicta nemo.', 'similique'),
(1118, 448, 1, 'Quidem nostrum laborum nesciunt illo.', 'laborum'),
(1119, 448, 1, 'Dolores quos repellendus perferendis exercita', 'quam'),
(1120, 448, 1, 'Atque repellendus at veritatis libero neque.', 'fuga'),
(1121, 449, 2, 'Deserunt fuga dolores fuga.', 'facere'),
(1122, 449, 3, 'Sint sunt laborum temporibus esse quam animi.', 'vitae'),
(1123, 449, 3, 'Consectetur fuga eius porro officia facilis a', 'voluptatibus'),
(1124, 449, 2, 'Repudiandae recusandae quasi amet qui.', 'sed'),
(1125, 449, 1, 'Sit mollitia sequi voluptatibus.', 'unde'),
(1126, 450, 2, 'Illum quasi ea molestias magnam iure dolores ', 'fugit'),
(1127, 450, 1, 'Magni ex dolor at facilis commodi velit.', 'et'),
(1128, 450, 3, 'Magni tempore optio nemo eum.', 'libero'),
(1129, 450, 1, 'Temporibus ut aliquid praesentium.', 'neque'),
(1130, 451, 1, 'Nam soluta temporibus qui sunt ad.', 'iusto'),
(1131, 451, 3, 'Et possimus delectus officia aperiam modi.', 'laborum'),
(1132, 451, 3, 'Veritatis incidunt architecto est perspiciati', 'ut'),
(1133, 452, 1, 'Hic neque minima fugit dolore qui.', 'optio'),
(1134, 452, 2, 'Facere in quas mollitia.', 'aut'),
(1135, 452, 1, 'Cupiditate blanditiis atque debitis vel.', 'minima'),
(1136, 452, 2, 'Sed repellat deleniti error possimus tempore ', 'architecto'),
(1137, 453, 1, 'Laudantium architecto animi dolor iste nobis ', 'animi'),
(1138, 454, 3, 'Tempora explicabo at ipsa.', 'ipsum'),
(1139, 454, 2, 'Nihil sed odit quae temporibus.', 'porro'),
(1140, 455, 2, 'Vitae quisquam sit corrupti sunt laudantium a', 'libero'),
(1141, 455, 1, 'Fuga ad excepturi animi animi iste quis incid', 'sunt'),
(1142, 456, 3, 'Minus perferendis delectus corrupti odit faci', 'quas'),
(1143, 456, 2, 'Eos tempora illum quaerat occaecati libero.', 'hic'),
(1144, 456, 3, 'Beatae unde rem veniam tempora provident cons', 'aut'),
(1145, 456, 1, 'Magni eum dolorem saepe ut adipisci blanditii', 'consequatur'),
(1146, 456, 1, 'Fuga voluptas fuga nobis deserunt dolores vol', 'accusantium'),
(1147, 457, 3, 'Nostrum nam ipsum dolorum.', 'amet'),
(1148, 457, 2, 'Nobis aut animi libero.', 'laboriosam'),
(1149, 457, 2, 'Sapiente occaecati mollitia quod.', 'natus'),
(1150, 457, 2, 'Nemo culpa quia saepe nam.', 'ipsum'),
(1151, 458, 1, 'Eaque pariatur expedita sint voluptatum nesci', 'exercitationem'),
(1152, 458, 2, 'Molestiae itaque odio repudiandae perspiciati', 'illum'),
(1153, 459, 3, 'Exercitationem error pariatur quas occaecati ', 'magni'),
(1154, 460, 3, 'Blanditiis quis fuga aut.', 'dolorem'),
(1155, 460, 1, 'Veritatis magni debitis nesciunt voluptatibus', 'nobis'),
(1156, 460, 2, 'Exercitationem officia earum quia magni reici', 'vitae'),
(1157, 461, 1, 'Provident nisi adipisci perferendis.', 'quis'),
(1158, 462, 2, 'Ut autem occaecati animi quas.', 'quis'),
(1159, 462, 3, 'Ipsa error sit ipsa praesentium.', 'neque'),
(1160, 464, 2, 'Ullam libero amet quidem facilis esse ducimus', 'veritatis'),
(1161, 464, 3, 'Atque fuga iusto voluptatem assumenda necessi', 'perferendis'),
(1162, 464, 3, 'Consectetur commodi in sequi quaerat.', 'corporis'),
(1163, 464, 1, 'Ad laborum deserunt distinctio non expedita.', 'voluptatibus'),
(1164, 465, 2, 'Vitae eius aspernatur laborum rerum qui.', 'officia'),
(1165, 466, 1, 'Facere error corporis est.', 'quo'),
(1166, 466, 3, 'Repellendus dolores cumque corrupti.', 'numquam'),
(1167, 466, 1, 'Provident mollitia amet accusamus quo consequ', 'itaque'),
(1168, 466, 2, 'Sint eum quod voluptatem magnam assumenda inc', 'natus'),
(1169, 467, 1, 'Saepe voluptatum repudiandae voluptatem error', 'voluptatibus'),
(1170, 468, 3, 'Ipsam velit fugit earum odio dolor.', 'labore'),
(1171, 468, 3, 'Eum necessitatibus commodi cumque ut.', 'sint'),
(1172, 468, 1, 'Officiis voluptas voluptatem ipsam.', 'aliquam'),
(1173, 469, 3, 'Commodi beatae iste illum nam minus.', 'necessitatibus'),
(1174, 469, 1, 'Nobis labore laborum veniam voluptas.', 'ullam'),
(1175, 471, 3, 'Itaque amet unde modi.', 'beatae'),
(1176, 473, 1, 'Odio ullam sequi ad.', 'earum'),
(1177, 473, 2, 'Exercitationem nisi alias reiciendis ipsa mol', 'consequuntur'),
(1178, 473, 2, 'Velit consequatur ullam perferendis vero iure', 'officia'),
(1179, 473, 2, 'Ea distinctio adipisci neque voluptatem id.', 'explicabo'),
(1180, 473, 3, 'Nisi maiores sint sint suscipit.', 'culpa'),
(1181, 475, 2, 'Dolor asperiores nemo magni.', 'qui'),
(1182, 475, 3, 'Voluptate quam perspiciatis ex atque fugit mo', 'iste'),
(1183, 475, 1, 'Consequatur voluptas voluptas nobis.', 'dicta'),
(1184, 475, 2, 'Expedita sequi deleniti veritatis aliquam sus', 'assumenda'),
(1185, 475, 2, 'Ipsum rerum quas pariatur dolore.', 'dignissimos'),
(1186, 476, 1, 'Enim quod fugit.', 'fugiat'),
(1187, 476, 1, 'Similique provident voluptatem molestiae temp', 'vero'),
(1188, 476, 3, 'Aperiam reprehenderit eius velit iusto hic.', 'libero'),
(1189, 476, 2, 'Sequi dicta repellendus temporibus sit a sequ', 'sapiente'),
(1190, 476, 2, 'Sint quisquam similique saepe fuga eos tempor', 'reprehenderit'),
(1191, 477, 3, 'Suscipit in neque necessitatibus.', 'cumque'),
(1192, 477, 1, 'Iure totam necessitatibus.', 'facere'),
(1193, 478, 2, 'Quibusdam suscipit voluptates officia nemo bl', 'vel'),
(1194, 479, 2, 'Aliquam rerum recusandae esse assumenda elige', 'est'),
(1195, 479, 1, 'Eaque neque dolor officiis quibusdam nihil.', 'non'),
(1196, 479, 2, 'Neque sunt quod necessitatibus officia quos e', 'facere'),
(1197, 479, 3, 'Expedita soluta praesentium dolor ut.', 'quos'),
(1198, 480, 3, 'Doloribus nam at molestias animi quo omnis ab', 'itaque'),
(1199, 481, 2, 'Adipisci odit natus magni.', 'alias'),
(1200, 481, 1, 'Vel optio asperiores.', 'fugit'),
(1201, 481, 2, 'Enim voluptatibus labore eum aut tenetur id a', 'quod'),
(1202, 481, 3, 'Voluptas reiciendis quam repellat atque autem', 'et'),
(1203, 482, 3, 'Aperiam non aliquid aperiam.', 'quisquam'),
(1204, 484, 3, 'Ab ex occaecati accusantium ipsum laboriosam.', 'sint'),
(1205, 484, 1, 'Rerum perspiciatis perferendis aperiam facili', 'occaecati'),
(1206, 484, 1, 'Est itaque labore animi voluptatem quibusdam ', 'ab'),
(1207, 484, 1, 'Ipsum natus perferendis beatae.', 'mollitia'),
(1208, 484, 3, 'Ducimus porro dolores autem reprehenderit lab', 'qui'),
(1209, 485, 3, 'Quae impedit molestias odit repudiandae.', 'maiores'),
(1210, 485, 2, 'Nesciunt earum nemo hic eius vero.', 'labore'),
(1211, 485, 2, 'Eum delectus fuga consequuntur numquam.', 'fugit'),
(1212, 486, 2, 'Tempora occaecati eaque unde provident accusa', 'similique'),
(1213, 486, 3, 'Illo corrupti quibusdam natus quidem dicta om', 'dolorum'),
(1214, 487, 3, 'Dicta nesciunt quibusdam quia quidem ullam.', 'assumenda'),
(1215, 487, 1, 'Molestias dicta voluptatibus totam asperiores', 'atque'),
(1216, 488, 1, 'Architecto saepe architecto nostrum molestias', 'magni'),
(1217, 488, 1, 'Nobis molestias et cum aspernatur vitae asper', 'cumque'),
(1218, 489, 1, 'Architecto sapiente magnam accusantium ut.', 'voluptas'),
(1219, 490, 2, 'Beatae aspernatur facere illum totam quisquam', 'totam'),
(1220, 490, 2, 'Provident nesciunt dolores odit molestiae vel', 'magni'),
(1221, 490, 3, 'Cupiditate atque rem nam.', 'illum'),
(1222, 490, 3, 'Sequi amet temporibus quae sed illo.', 'pariatur'),
(1223, 492, 3, 'Facilis enim dolor ducimus reiciendis consect', 'corrupti'),
(1224, 492, 3, 'Maiores expedita repellat tempora quidem.', 'ea'),
(1225, 492, 1, 'Cupiditate suscipit non excepturi.', 'quidem'),
(1226, 492, 2, 'Delectus fugit suscipit ullam voluptatum veni', 'aliquam'),
(1227, 492, 3, 'Iusto velit illum qui magni.', 'ad'),
(1228, 494, 3, 'Animi impedit cupiditate blanditiis.', 'iste'),
(1229, 495, 1, 'Accusantium illo provident sequi assumenda il', 'hic'),
(1230, 498, 1, 'Eaque tenetur quos maiores voluptate iusto es', 'soluta'),
(1231, 499, 2, 'Officiis inventore veritatis possimus libero.', 'enim'),
(1232, 499, 1, 'Dignissimos fugit sit nostrum amet.', 'aliquid'),
(1233, 499, 2, 'Officia reiciendis accusantium maiores.', 'similique'),
(1234, 499, 2, 'Sit amet quaerat excepturi eveniet.', 'a'),
(1235, 499, 1, 'Deserunt molestiae eveniet id blanditiis.', 'alias'),
(1236, 500, 1, 'Tempore expedita necessitatibus non quae nece', 'commodi'),
(1237, 500, 2, 'Cum quod at amet facilis molestiae.', 'neque'),
(1238, 500, 1, 'Explicabo culpa voluptas perspiciatis nobis.', 'repellat'),
(1239, 501, 2, 'Necessitatibus dignissimos consequatur rem ac', 'ducimus'),
(1240, 501, 3, 'Laborum veniam illum.', 'nulla'),
(1241, 501, 1, 'Nobis earum enim ullam laborum quis quam.', 'labore'),
(1242, 503, 3, 'Veniam laboriosam eum repudiandae non soluta.', 'recusandae'),
(1243, 503, 2, 'Eaque maiores odit deserunt occaecati ut anim', 'modi'),
(1244, 503, 3, 'Debitis iure maiores laborum explicabo saepe.', 'dolore'),
(1245, 503, 3, 'Aspernatur laboriosam ex quasi tempora praese', 'soluta'),
(1246, 504, 3, 'Cum maxime odit laboriosam quidem.', 'vel'),
(1247, 504, 3, 'Quod commodi natus delectus quae tenetur.', 'ipsa'),
(1248, 504, 1, 'Sequi ex id iste praesentium.', 'est'),
(1249, 505, 3, 'Cupiditate impedit doloribus.', 'quisquam'),
(1250, 505, 3, 'Amet fugiat quidem iusto doloribus totam quo.', 'ea'),
(1251, 507, 3, 'Laudantium ratione doloribus.', 'quas'),
(1252, 507, 3, 'Molestias deserunt laborum repellat iste.', 'odio'),
(1253, 507, 3, 'Tempora nulla numquam.', 'repellendus'),
(1254, 509, 1, 'Tempore qui exercitationem et possimus qui.', 'perspiciatis'),
(1255, 510, 1, 'Velit sapiente laborum molestiae eaque ad ut.', 'accusamus'),
(1256, 510, 1, 'Impedit expedita ut fuga.', 'adipisci'),
(1257, 510, 1, 'Eligendi repellat doloremque soluta.', 'delectus'),
(1258, 512, 3, 'Enim atque corrupti.', 'voluptatibus'),
(1259, 512, 3, 'Tempora placeat nostrum quo harum.', 'sapiente'),
(1260, 513, 1, 'Consequatur laudantium harum inventore.', 'modi'),
(1261, 513, 3, 'Eaque assumenda veritatis reiciendis.', 'totam'),
(1262, 513, 1, 'Perspiciatis nam est consequuntur molestias t', 'atque'),
(1263, 514, 1, 'Provident corrupti ea nam ut voluptatem.', 'cupiditate'),
(1264, 514, 1, 'Assumenda animi modi veritatis.', 'eum'),
(1265, 514, 1, 'Quaerat eos totam accusantium excepturi amet ', 'nihil'),
(1266, 514, 1, 'Culpa aperiam sapiente nulla aliquid vero.', 'numquam'),
(1267, 516, 2, 'Perferendis accusamus dolorum consequuntur.', 'quam'),
(1268, 516, 3, 'Quia aperiam dolor quis.', 'nulla'),
(1269, 516, 2, 'Vitae dolor iure voluptas praesentium quos.', 'distinctio'),
(1270, 516, 2, 'Suscipit minima odit nisi repudiandae.', 'quam'),
(1271, 517, 3, 'Doloribus aliquam a dicta doloribus voluptatu', 'hic'),
(1272, 517, 3, 'Fuga facilis excepturi ex blanditiis dolorem.', 'ut'),
(1273, 517, 1, 'Officiis qui molestiae delectus ratione nobis', 'incidunt'),
(1274, 518, 1, 'Voluptate voluptate ut aut porro dolorem comm', 'officia'),
(1275, 518, 1, 'Quaerat voluptatum nemo perferendis molestias', 'laudantium'),
(1276, 519, 3, 'Dolorem atque ut corporis.', 'minus'),
(1277, 520, 3, 'Error error iure eius illum.', 'id'),
(1278, 520, 1, 'Voluptatibus assumenda officiis quibusdam imp', 'nam'),
(1279, 521, 1, 'Explicabo sit animi odit.', 'necessitatibus'),
(1280, 521, 2, 'Animi doloremque ea dicta odio vel consectetu', 'repellat'),
(1281, 521, 3, 'Veritatis corrupti quas maxime placeat.', 'saepe'),
(1282, 521, 1, 'Porro reprehenderit neque animi laudantium id', 'reprehenderit'),
(1283, 522, 1, 'Quibusdam facilis possimus atque aliquam quos', 'voluptas'),
(1284, 522, 2, 'Explicabo odio aperiam quia commodi neque rat', 'laboriosam'),
(1285, 522, 1, 'Cum facere optio.', 'laborum'),
(1286, 523, 1, 'A eos quo atque suscipit autem.', 'doloremque'),
(1287, 523, 2, 'Eius quod nam nobis perferendis debitis.', 'quod'),
(1288, 523, 1, 'Tempore tenetur eveniet culpa harum atque.', 'ipsum'),
(1289, 523, 3, 'Exercitationem veritatis perferendis rem duci', 'doloremque'),
(1290, 523, 2, 'Deleniti quaerat ad aliquid.', 'occaecati'),
(1291, 524, 3, 'Maxime vitae soluta.', 'alias'),
(1292, 524, 2, 'Beatae suscipit id sequi dicta.', 'accusamus'),
(1293, 525, 3, 'Optio dolorum soluta cupiditate nihil.', 'enim'),
(1294, 525, 1, 'Atque consequuntur dolorem numquam laborum pr', 'numquam'),
(1295, 526, 1, 'Maiores rerum debitis consectetur iste pariat', 'voluptate'),
(1296, 526, 2, 'Dicta harum ad praesentium.', 'veritatis'),
(1297, 527, 3, 'Ut magnam quasi distinctio quas recusandae di', 'officiis'),
(1298, 527, 2, 'Laudantium sunt nulla tempore rem quos sit.', 'itaque'),
(1299, 527, 3, 'Quidem ut quo quia asperiores iure.', 'architecto'),
(1300, 527, 2, 'Illum repellendus occaecati praesentium liber', 'illum'),
(1301, 528, 2, 'Dolorem laborum magnam non praesentium delect', 'maiores'),
(1302, 528, 3, 'Esse ea aliquid aspernatur architecto.', 'ipsa'),
(1303, 528, 2, 'Repudiandae mollitia atque quasi quibusdam la', 'fugit'),
(1304, 528, 3, 'Quisquam architecto asperiores doloremque.', 'vero'),
(1305, 528, 3, 'Et nihil doloribus voluptate temporibus.', 'dicta'),
(1306, 529, 2, 'Maxime sequi autem aperiam distinctio.', 'dolorum'),
(1307, 529, 3, 'Harum enim molestias.', 'omnis'),
(1308, 530, 2, 'Quaerat vitae unde aperiam deserunt.', 'enim'),
(1309, 530, 3, 'Error nisi praesentium totam excepturi impedi', 'exercitationem'),
(1310, 531, 2, 'Excepturi dolorum sit ea occaecati consequatu', 'porro'),
(1311, 532, 1, 'Architecto eaque ullam veritatis.', 'iste'),
(1312, 532, 2, 'Inventore adipisci delectus illo consectetur.', 'adipisci'),
(1313, 532, 2, 'Magni deserunt autem natus ipsum.', 'repellat'),
(1314, 533, 2, 'Aut molestias nobis nemo aut fugiat quo.', 'consequuntur'),
(1315, 533, 2, 'Excepturi deleniti esse maxime beatae aut.', 'doloribus'),
(1316, 533, 2, 'Aperiam at at dolore minima quidem molestias.', 'culpa'),
(1317, 534, 3, 'Animi eum sed doloribus ullam quasi.', 'quasi'),
(1318, 534, 1, 'Rem quod mollitia mollitia ipsam.', 'itaque'),
(1319, 534, 1, 'Eveniet quibusdam perferendis doloribus offic', 'iste'),
(1320, 534, 1, 'Quibusdam doloribus eius eius pariatur.', 'tenetur'),
(1321, 534, 1, 'Consectetur iure nam nesciunt voluptas natus ', 'atque'),
(1322, 535, 2, 'Sapiente reprehenderit nisi facere.', 'iure'),
(1323, 536, 3, 'Doloribus aut est impedit dolorum.', 'expedita'),
(1324, 536, 3, 'Officia minima rem sed.', 'deserunt'),
(1325, 537, 2, 'Quidem officiis ratione aliquam eligendi.', 'error'),
(1326, 537, 3, 'Facilis ipsam assumenda harum quos tempore.', 'vitae'),
(1327, 537, 1, 'Magni aut maxime cupiditate.', 'accusantium'),
(1328, 537, 3, 'Ea maxime sapiente.', 'rerum'),
(1329, 537, 2, 'Iste optio veniam minus cupiditate possimus v', 'debitis'),
(1330, 538, 3, 'Ipsum id ea fuga cumque fugiat sequi.', 'consectetur'),
(1331, 538, 1, 'Ducimus ab est odit veniam.', 'non'),
(1332, 539, 3, 'Voluptatum similique suscipit.', 'reiciendis'),
(1333, 539, 1, 'Veritatis quas atque sint adipisci.', 'quaerat'),
(1334, 539, 2, 'Saepe placeat expedita.', 'error'),
(1335, 540, 3, 'Distinctio iste consectetur aliquam eius maio', 'ad'),
(1336, 540, 1, 'Harum consequatur quos recusandae debitis nis', 'repellat'),
(1337, 540, 2, 'Ut perferendis ratione iusto.', 'excepturi'),
(1338, 540, 3, 'Expedita sunt laborum rem.', 'aliquam'),
(1339, 540, 3, 'Nulla tempore iste reiciendis.', 'accusantium'),
(1340, 542, 2, 'Qui magnam veniam laudantium ratione accusamu', 'iusto'),
(1341, 542, 2, 'Eius tempore iusto.', 'aliquam'),
(1342, 542, 1, 'Consequuntur nesciunt laboriosam assumenda om', 'fugit'),
(1343, 542, 1, 'Reprehenderit ratione quas dolores fuga volup', 'sapiente'),
(1344, 543, 2, 'Neque at ad eaque enim.', 'labore'),
(1345, 543, 3, 'Optio occaecati assumenda.', 'nesciunt'),
(1346, 545, 2, 'Nihil odit esse nam dignissimos atque asperna', 'commodi'),
(1347, 545, 3, 'Voluptates quis nemo optio iusto cum nesciunt', 'facilis'),
(1348, 546, 3, 'Ab ratione explicabo quo.', 'sint'),
(1349, 547, 2, 'Alias necessitatibus debitis quam.', 'fugiat'),
(1350, 547, 2, 'Iusto explicabo quisquam.', 'harum'),
(1351, 548, 2, 'Nesciunt repellendus voluptates architecto ea', 'iusto'),
(1352, 548, 2, 'Temporibus quae ratione animi odio est aspern', 'id'),
(1353, 548, 3, 'Magni officia consequuntur quaerat maiores.', 'ullam'),
(1354, 548, 3, 'Fugit reiciendis praesentium dicta.', 'quas'),
(1355, 548, 1, 'Qui possimus ipsam corporis vero fugiat ab.', 'dignissimos'),
(1356, 549, 2, 'Sunt dicta nisi.', 'accusamus'),
(1357, 549, 3, 'Quam veniam ipsa ea sapiente unde nihil.', 'a'),
(1358, 549, 3, 'Repellat itaque officiis molestiae.', 'ex'),
(1359, 549, 2, 'Accusamus libero illo molestias a perferendis', 'dicta'),
(1360, 550, 3, 'Dolorum inventore odit quis alias.', 'dignissimos'),
(1361, 550, 2, 'Repudiandae sequi vitae dolore voluptates con', 'natus'),
(1362, 551, 3, 'Omnis vero doloribus sequi ad maxime molestia', 'in'),
(1363, 551, 3, 'Quos pariatur explicabo ratione quaerat.', 'accusamus'),
(1364, 551, 1, 'Soluta molestiae accusantium aut assumenda.', 'sint'),
(1365, 551, 1, 'Soluta aspernatur asperiores consequuntur.', 'dicta'),
(1366, 551, 1, 'Id voluptas laudantium perferendis.', 'perferendis'),
(1367, 552, 2, 'Eligendi amet necessitatibus culpa inventore.', 'voluptatem'),
(1368, 552, 1, 'Debitis autem aspernatur soluta mollitia haru', 'rem'),
(1369, 552, 1, 'Tempore recusandae ipsam veritatis magnam ut.', 'maxime'),
(1370, 552, 3, 'Quam sit expedita vel veniam.', 'esse'),
(1371, 553, 3, 'Unde nemo in a distinctio magnam magni.', 'dignissimos'),
(1372, 553, 3, 'Ducimus natus dignissimos corrupti officia na', 'a'),
(1373, 553, 3, 'Ipsam aut non reiciendis ad.', 'quasi'),
(1374, 554, 2, 'Quia asperiores voluptatibus ipsum sed.', 'repellat'),
(1375, 554, 3, 'Quod nemo dolores eaque dolorem error enim.', 'placeat'),
(1376, 554, 1, 'Earum laudantium neque.', 'doloremque'),
(1377, 554, 2, 'Repudiandae rerum minima autem esse dolor.', 'quisquam'),
(1378, 554, 2, 'Est ea distinctio sit vitae dolorum praesenti', 'velit'),
(1379, 555, 3, 'Ullam voluptate accusamus doloremque.', 'voluptas'),
(1380, 555, 2, 'Earum voluptates quidem voluptate ab ad maior', 'reprehenderit'),
(1381, 555, 3, 'In dolores velit impedit ad suscipit.', 'dolorum'),
(1382, 555, 2, 'Itaque adipisci quasi sint.', 'ea'),
(1383, 556, 2, 'Sapiente molestiae ut.', 'qui'),
(1384, 556, 2, 'Incidunt atque veniam voluptas.', 'amet'),
(1385, 556, 3, 'Culpa voluptatum minima provident.', 'explicabo'),
(1386, 556, 1, 'Iste consectetur ab illo minima nulla.', 'excepturi'),
(1387, 557, 1, 'Modi rem magnam aliquam tenetur dolorem sint.', 'possimus'),
(1388, 558, 3, 'Cumque recusandae odio perspiciatis dolorum.', 'necessitatibus'),
(1389, 560, 2, 'Quae porro fuga maxime doloribus.', 'quia'),
(1390, 561, 3, 'Enim quo asperiores culpa perspiciatis minima', 'vero'),
(1391, 561, 3, 'Voluptatem molestias sapiente blanditiis dele', 'facere'),
(1392, 561, 3, 'Dicta qui corporis mollitia molestiae invento', 'sequi'),
(1393, 561, 1, 'Magnam esse quod quo cupiditate.', 'quisquam'),
(1394, 562, 3, 'Similique iusto praesentium numquam unde.', 'culpa'),
(1395, 562, 2, 'Voluptate eveniet doloribus sunt placeat dict', 'animi'),
(1396, 563, 2, 'Ut dolorem sequi odio neque modi veniam.', 'adipisci'),
(1397, 563, 3, 'Corporis esse dolorum aut necessitatibus nobi', 'recusandae'),
(1398, 563, 3, 'Debitis doloribus nostrum officiis.', 'totam'),
(1399, 563, 2, 'Facilis pariatur necessitatibus repellat sapi', 'laboriosam'),
(1400, 564, 2, 'Nam perferendis in at at.', 'cum'),
(1401, 564, 1, 'Modi quam quia expedita saepe necessitatibus ', 'fuga'),
(1402, 564, 3, 'Veritatis ipsa iure tenetur.', 'velit'),
(1403, 565, 2, 'Velit ipsa consequatur illum natus.', 'numquam'),
(1404, 565, 2, 'Magnam odio incidunt nihil enim praesentium.', 'rerum'),
(1405, 565, 3, 'Modi blanditiis voluptatem sapiente eos.', 'voluptatum'),
(1406, 565, 2, 'Nemo aliquam ad suscipit nihil.', 'veniam'),
(1407, 566, 1, 'Exercitationem impedit reprehenderit quod sae', 'hic'),
(1408, 566, 2, 'Et deserunt illum odio.', 'debitis'),
(1409, 568, 3, 'Eveniet itaque explicabo.', 'accusamus'),
(1410, 568, 1, 'Voluptatem est dolorem unde quos.', 'aut'),
(1411, 569, 3, 'Earum blanditiis rerum ipsam molestiae sequi ', 'fugit'),
(1412, 570, 2, 'Nulla consectetur officia assumenda nostrum p', 'cumque'),
(1413, 571, 2, 'Earum impedit consequatur magnam.', 'minima'),
(1414, 572, 3, 'Nobis veniam vel odio exercitationem voluptat', 'quas'),
(1415, 572, 1, 'Accusantium deleniti corporis fugiat itaque p', 'voluptatum'),
(1416, 572, 1, 'Debitis repudiandae repellendus distinctio fa', 'nostrum'),
(1417, 572, 1, 'Accusantium aut itaque harum distinctio amet.', 'accusantium'),
(1418, 572, 3, 'Odio tempora necessitatibus consequatur labor', 'error'),
(1419, 573, 2, 'Cum cum officia impedit alias ut.', 'qui'),
(1420, 573, 1, 'Aspernatur rerum hic earum eveniet quas.', 'pariatur'),
(1421, 573, 2, 'Similique deserunt praesentium iure impedit r', 'dicta'),
(1422, 574, 2, 'Nemo eos cupiditate quaerat ea quisquam.', 'voluptates'),
(1423, 574, 1, 'Asperiores architecto officia consequuntur il', 'exercitationem'),
(1424, 574, 3, 'Nam nam eius.', 'non'),
(1425, 574, 1, 'Odio qui dolor quasi ipsum saepe perferendis.', 'minima'),
(1426, 575, 3, 'Itaque deserunt nisi impedit tenetur hic.', 'aliquid'),
(1427, 575, 3, 'Quisquam distinctio soluta quas dolores.', 'dolor'),
(1428, 575, 3, 'Occaecati id optio delectus optio alias lauda', 'iste'),
(1429, 575, 2, 'Libero nesciunt magnam dolor.', 'doloremque'),
(1430, 575, 2, 'Ipsum corporis repellat minima.', 'incidunt'),
(1431, 576, 3, 'Minima voluptas rem iusto.', 'accusantium'),
(1432, 576, 3, 'Enim aut pariatur sed incidunt praesentium.', 'magni'),
(1433, 576, 3, 'Tempora praesentium blanditiis.', 'dolores'),
(1434, 576, 3, 'Minus ea incidunt quis ex incidunt.', 'ipsam'),
(1435, 577, 3, 'Velit et sapiente.', 'expedita'),
(1436, 577, 3, 'Tenetur inventore vel nostrum neque.', 'pariatur'),
(1437, 577, 2, 'Sed blanditiis esse consectetur nisi.', 'est'),
(1438, 577, 2, 'Sed deserunt sed.', 'numquam'),
(1439, 577, 2, 'Animi voluptates ab.', 'expedita'),
(1440, 578, 3, 'Consequatur veritatis nihil.', 'laudantium'),
(1441, 578, 2, 'Neque eveniet voluptatibus modi doloribus ali', 'dolor'),
(1442, 578, 1, 'Consequatur modi est commodi mollitia aperiam', 'sint'),
(1443, 578, 3, 'Facilis ea veniam cupiditate iusto soluta vit', 'dignissimos'),
(1444, 579, 1, 'Iste nemo dolor voluptatum deserunt.', 'reprehenderit'),
(1445, 579, 2, 'Consectetur repellendus explicabo occaecati n', 'error'),
(1446, 579, 1, 'Pariatur itaque odit iure ducimus dolor venia', 'omnis'),
(1447, 580, 1, 'Ipsum velit eligendi ad culpa atque facere.', 'quas'),
(1448, 580, 3, 'Nesciunt reiciendis distinctio ab.', 'voluptas'),
(1449, 580, 2, 'Placeat iusto eius tempora ratione necessitat', 'saepe'),
(1450, 581, 2, 'Saepe distinctio et quam occaecati quo.', 'delectus'),
(1451, 582, 2, 'Voluptate beatae incidunt nemo quo.', 'error'),
(1452, 583, 3, 'Eos alias dolore inventore occaecati eligendi', 'natus'),
(1453, 583, 3, 'Nisi itaque porro recusandae harum.', 'neque'),
(1454, 583, 3, 'Nemo pariatur quia quidem.', 'architecto'),
(1455, 584, 3, 'Dolor itaque amet quidem.', 'autem'),
(1456, 586, 2, 'Expedita ipsam ipsum sit modi.', 'ad'),
(1457, 586, 1, 'Perspiciatis nemo illum dolore natus mollitia', 'facilis'),
(1458, 587, 2, 'Quam incidunt adipisci officiis nemo neque iu', 'hic'),
(1459, 587, 2, 'Est voluptatem doloremque asperiores cum earu', 'nulla'),
(1460, 589, 3, 'Iusto nisi saepe a.', 'assumenda'),
(1461, 589, 2, 'Hic totam doloremque quae quisquam iste numqu', 'quibusdam'),
(1462, 590, 3, 'Eaque occaecati ipsum laborum molestiae volup', 'sunt'),
(1463, 591, 1, 'Voluptas esse atque cum eos minus itaque.', 'molestiae'),
(1464, 591, 3, 'Cum consequatur eaque sunt facilis minus haru', 'quam'),
(1465, 591, 1, 'Officiis ullam maxime optio hic reiciendis.', 'non'),
(1466, 591, 2, 'Ipsam quo quas ipsum.', 'quia'),
(1467, 592, 2, 'Explicabo tenetur minus ad laboriosam explica', 'suscipit'),
(1468, 592, 1, 'Distinctio exercitationem maxime incidunt.', 'esse'),
(1469, 593, 3, 'Labore dolore veniam.', 'deserunt'),
(1470, 593, 3, 'Voluptates facere non suscipit ea perspiciati', 'minima'),
(1471, 593, 3, 'Magnam hic omnis sunt labore ut.', 'quibusdam'),
(1472, 594, 1, 'Nostrum alias harum est ex rem.', 'nam'),
(1473, 594, 2, 'Molestias cum velit error dolorem similique i', 'accusantium'),
(1474, 595, 2, 'Aut aut dolores aliquam numquam.', 'recusandae'),
(1475, 595, 2, 'Odio temporibus itaque.', 'inventore'),
(1476, 595, 3, 'Repellat tenetur accusantium ex aspernatur id', 'ab'),
(1477, 596, 2, 'Dolores tempore ex iusto.', 'delectus'),
(1478, 596, 2, 'Laudantium doloribus dolores corrupti soluta ', 'quos'),
(1479, 596, 1, 'Saepe sint ab aliquam autem.', 'harum'),
(1480, 596, 3, 'Amet cupiditate nesciunt adipisci error repel', 'ratione'),
(1481, 596, 3, 'Odit ipsam quo.', 'voluptas'),
(1482, 597, 1, 'Asperiores autem reiciendis eveniet odit.', 'deleniti'),
(1483, 597, 1, 'Deleniti sapiente porro illo laborum magnam.', 'quo'),
(1484, 597, 2, 'Sed necessitatibus debitis repudiandae occaec', 'impedit'),
(1485, 597, 1, 'Qui enim eius et maxime quasi.', 'quidem'),
(1486, 597, 3, 'Illo consectetur consequuntur reprehenderit d', 'sunt'),
(1487, 598, 2, 'Aliquid mollitia debitis harum.', 'est'),
(1488, 598, 3, 'A illum veniam iusto nulla beatae rerum.', 'ab'),
(1489, 600, 3, 'Cum aut cupiditate rem.', 'ullam'),
(1490, 600, 1, 'Perferendis atque inventore iure.', 'aliquid'),
(1491, 600, 1, 'Eius libero voluptatibus ipsum temporibus bea', 'sed'),
(1492, 602, 2, 'Repudiandae distinctio itaque saepe maiores.', 'eius'),
(1493, 602, 3, 'Perspiciatis explicabo reiciendis dolorem mag', 'dicta'),
(1494, 603, 3, 'Sint mollitia voluptatem id reiciendis volupt', 'culpa'),
(1495, 604, 1, 'Qui sed minus.', 'tempora'),
(1496, 604, 3, 'Possimus aperiam cumque dolorem architecto te', 'distinctio'),
(1497, 605, 3, 'Quod aspernatur blanditiis aspernatur.', 'autem'),
(1498, 605, 1, 'Repellat pariatur blanditiis hic provident cu', 'illo'),
(1499, 605, 3, 'Consequuntur beatae voluptates sed sed id.', 'sequi'),
(1500, 607, 2, 'Numquam nam autem harum corporis dolor laboru', 'similique'),
(1501, 607, 3, 'Aperiam distinctio libero.', 'debitis'),
(1502, 607, 3, 'Nisi deserunt delectus ea at quisquam nisi iu', 'assumenda'),
(1503, 608, 1, 'Ex excepturi quo totam.', 'veniam'),
(1504, 609, 2, 'Officia necessitatibus error ipsam aliquam pr', 'repellat'),
(1505, 609, 3, 'Deserunt commodi veniam incidunt doloremque e', 'assumenda'),
(1506, 609, 1, 'Repellendus officia assumenda a ipsam non adi', 'ducimus'),
(1507, 609, 2, 'Quisquam voluptatem fugiat quas.', 'similique'),
(1508, 610, 1, 'Aut ab ullam officiis doloremque expedita aut', 'alias'),
(1509, 610, 2, 'Possimus ab tempore reiciendis occaecati.', 'enim'),
(1510, 610, 2, 'Sit optio voluptatum officiis.', 'natus'),
(1511, 611, 3, 'Accusantium occaecati neque sed.', 'temporibus'),
(1512, 611, 2, 'Explicabo nulla quo recusandae minima.', 'blanditiis'),
(1513, 612, 2, 'Quo rem voluptatibus impedit officia numquam.', 'sint'),
(1514, 612, 1, 'Ab distinctio incidunt corporis.', 'dignissimos'),
(1515, 612, 1, 'Commodi quos ea numquam dolores.', 'aut'),
(1516, 613, 3, 'Sit alias nemo quas sequi vel aliquid.', 'dignissimos'),
(1517, 613, 1, 'Soluta qui ullam perspiciatis ullam explicabo', 'debitis'),
(1518, 614, 3, 'Commodi doloremque praesentium quasi et esse.', 'id'),
(1519, 615, 1, 'Illum dolores incidunt adipisci.', 'sequi'),
(1520, 615, 3, 'Unde cumque impedit nobis atque.', 'corporis'),
(1521, 615, 1, 'Ab nulla esse blanditiis laborum temporibus p', 'officiis'),
(1522, 615, 3, 'Ratione exercitationem rem.', 'harum'),
(1523, 615, 1, 'Officiis doloremque libero eaque ea eum.', 'eum'),
(1524, 617, 2, 'Iusto beatae itaque eveniet quae.', 'repellat'),
(1525, 617, 1, 'Dignissimos omnis odio cum quia eveniet.', 'soluta'),
(1526, 617, 2, 'Dolor quas atque natus.', 'quasi'),
(1527, 618, 1, 'Voluptate aliquid ab voluptas.', 'autem'),
(1528, 618, 1, 'Impedit molestias libero tempora.', 'a'),
(1529, 618, 3, 'Minus maxime fugit similique velit rerum.', 'praesentium'),
(1530, 618, 1, 'Nam optio cupiditate expedita commodi.', 'nulla'),
(1531, 618, 2, 'Veritatis quas vero cupiditate.', 'quia'),
(1532, 619, 2, 'Illo ipsa totam veniam ex officiis assumenda.', 'ducimus'),
(1533, 619, 3, 'Pariatur repudiandae quidem sapiente adipisci', 'accusantium'),
(1534, 619, 2, 'Aliquam dolorum similique similique.', 'iste'),
(1535, 619, 3, 'Sit in molestiae eaque a voluptatem nihil.', 'quibusdam'),
(1536, 620, 1, 'Repellendus blanditiis natus optio eveniet po', 'ratione'),
(1537, 620, 2, 'Ipsa tenetur praesentium maxime.', 'distinctio'),
(1538, 620, 3, 'Incidunt iure ipsum similique quibusdam ipsum', 'voluptatum'),
(1539, 620, 1, 'Ullam maxime modi ut.', 'in'),
(1540, 621, 1, 'Quod nulla dolorum cum tempora ab odio.', 'ratione'),
(1541, 624, 1, 'Fugit voluptatem sint neque iusto.', 'porro'),
(1542, 625, 2, 'Necessitatibus tempora quod aperiam labore.', 'ratione'),
(1543, 626, 1, 'Culpa natus laudantium.', 'iusto'),
(1544, 626, 1, 'Quaerat repellat deleniti dolore facere assum', 'fugit'),
(1545, 626, 2, 'Accusantium mollitia maiores consectetur quia', 'ratione'),
(1546, 626, 3, 'Quibusdam dicta voluptatibus voluptas at dist', 'pariatur'),
(1547, 626, 2, 'Hic a itaque officia in vitae.', 'eum'),
(1548, 627, 2, 'Debitis voluptates laboriosam excepturi nulla', 'ea'),
(1549, 627, 3, 'Non laboriosam at unde reiciendis.', 'illum'),
(1550, 628, 1, 'Accusantium ducimus voluptates.', 'inventore'),
(1551, 628, 2, 'Minus animi doloremque modi.', 'ipsam'),
(1552, 629, 2, 'Similique a exercitationem vitae.', 'impedit'),
(1553, 629, 1, 'Quis laborum magnam cumque ut adipisci.', 'rem'),
(1554, 630, 3, 'Delectus incidunt distinctio perferendis prov', 'deserunt'),
(1555, 631, 2, 'Dolor consectetur necessitatibus vel rem.', 'aliquid'),
(1556, 631, 1, 'Commodi consequatur eius.', 'soluta'),
(1557, 631, 1, 'Ea placeat voluptates quaerat.', 'reprehenderit'),
(1558, 631, 2, 'Perspiciatis placeat nihil doloremque.', 'cupiditate'),
(1559, 632, 3, 'Maiores laborum expedita ad dicta ipsa non.', 'sint'),
(1560, 632, 3, 'Reiciendis unde reiciendis odit expedita occa', 'quia'),
(1561, 632, 3, 'Optio eos totam adipisci in explicabo fuga.', 'magnam'),
(1562, 632, 1, 'Incidunt voluptatum laboriosam recusandae imp', 'labore'),
(1563, 633, 1, 'Natus nostrum ab et excepturi aliquam animi.', 'consequatur'),
(1564, 633, 1, 'Quam dignissimos hic voluptatum a odio.', 'vel'),
(1565, 633, 1, 'Facere magni optio labore consequatur ab sapi', 'cum'),
(1566, 634, 1, 'Non aliquam modi sint iure a accusamus.', 'impedit'),
(1567, 635, 2, 'Saepe ab exercitationem at libero mollitia pr', 'quasi'),
(1568, 636, 1, 'Cum quidem vitae laboriosam amet illum.', 'asperiores'),
(1569, 636, 1, 'Odit accusamus repellat earum ipsa quis.', 'modi'),
(1570, 637, 3, 'Quod dolorem incidunt distinctio ipsa vitae.', 'totam'),
(1571, 637, 3, 'Mollitia molestias vitae esse numquam.', 'voluptas'),
(1572, 637, 3, 'Laudantium odit molestiae occaecati.', 'earum'),
(1573, 637, 3, 'Eaque voluptatibus repudiandae est velit.', 'commodi'),
(1574, 638, 1, 'Tempore reiciendis ea laboriosam officia repe', 'dolores'),
(1575, 638, 3, 'Eligendi minus excepturi ullam dignissimos.', 'nobis'),
(1576, 640, 3, 'Ducimus soluta id omnis.', 'ea'),
(1577, 640, 1, 'Dolorum quia quasi minus repellat.', 'corporis'),
(1578, 641, 2, 'Saepe corrupti accusantium ad hic odio tenetu', 'modi'),
(1579, 642, 1, 'Amet vel unde neque.', 'est'),
(1580, 642, 3, 'Vero neque rem vero quae cumque.', 'ad'),
(1581, 642, 1, 'Excepturi fugiat nostrum aliquid sint iste ex', 'autem'),
(1582, 642, 3, 'Soluta optio magnam autem.', 'esse'),
(1583, 643, 3, 'Quia reprehenderit nobis alias id commodi rep', 'sint'),
(1584, 643, 3, 'Neque libero occaecati asperiores perspiciati', 'quis'),
(1585, 643, 3, 'Quidem ipsa quae sint doloremque molestiae co', 'optio'),
(1586, 643, 1, 'Alias minima facilis aliquam.', 'voluptate'),
(1587, 644, 3, 'Modi cumque necessitatibus nemo labore deleni', 'dolorum'),
(1588, 644, 1, 'Odit perferendis quae porro eligendi.', 'dolorum'),
(1589, 645, 2, 'A corporis facilis maxime nostrum aperiam.', 'doloribus'),
(1590, 645, 2, 'Rem minus aliquam nisi facilis iste ratione.', 'veniam'),
(1591, 645, 3, 'Vel rem sint laboriosam.', 'quaerat'),
(1592, 645, 1, 'Minus saepe eligendi veniam.', 'vitae'),
(1593, 645, 2, 'Nobis molestiae possimus exercitationem nostr', 'temporibus'),
(1594, 646, 2, 'Doloremque magnam amet nam inventore recusand', 'sequi'),
(1595, 646, 1, 'Beatae consectetur temporibus eaque exercitat', 'quae'),
(1596, 646, 3, 'Pariatur vero nihil voluptates fuga soluta.', 'architecto'),
(1597, 647, 1, 'Accusantium dolorem aspernatur nemo.', 'id'),
(1598, 647, 2, 'Repellat corrupti veniam.', 'praesentium'),
(1599, 647, 3, 'Sint alias ipsum eos rerum eveniet possimus.', 'in'),
(1600, 648, 3, 'Cumque odio culpa iusto.', 'quis'),
(1601, 648, 1, 'Amet dolorem autem error.', 'deserunt'),
(1602, 649, 1, 'Odio possimus excepturi dolorem magnam.', 'eum'),
(1603, 649, 2, 'Distinctio quo quam inventore ad sit.', 'aliquam'),
(1604, 650, 1, 'Eos magni officiis molestiae sapiente autem s', 'eligendi'),
(1605, 650, 2, 'Tempora deserunt at suscipit minus numquam.', 'beatae'),
(1606, 651, 1, 'Nemo earum beatae harum quam maxime.', 'in'),
(1607, 651, 1, 'Nemo veritatis ea eius reprehenderit nulla.', 'modi'),
(1608, 651, 3, 'Nostrum quibusdam voluptates dolore.', 'accusantium'),
(1609, 651, 3, 'Quia neque molestias molestiae numquam iste l', 'et'),
(1610, 651, 2, 'Iusto vel iure aut praesentium molestiae expl', 'similique'),
(1611, 652, 2, 'Eaque recusandae doloremque.', 'autem'),
(1612, 652, 1, 'Voluptas recusandae ipsam magnam aperiam quib', 'expedita'),
(1613, 652, 3, 'Quibusdam culpa culpa earum saepe nesciunt ip', 'et'),
(1614, 652, 3, 'Ad debitis nam quis nemo nobis.', 'eligendi'),
(1615, 652, 1, 'Debitis nemo nobis nam magni in.', 'optio'),
(1616, 655, 3, 'Illo cupiditate eveniet occaecati.', 'nobis'),
(1617, 655, 2, 'Minus ipsum sed.', 'voluptas'),
(1618, 655, 2, 'Beatae fugit quam sint.', 'soluta'),
(1619, 655, 2, 'Dolor ea velit sint mollitia numquam iusto ni', 'dicta'),
(1620, 655, 2, 'Molestias unde repudiandae autem voluptatibus', 'laborum'),
(1621, 657, 2, 'Fuga at ipsum adipisci dicta porro nisi.', 'sequi'),
(1622, 657, 2, 'Necessitatibus cum dicta quaerat dolorum elig', 'deserunt'),
(1623, 657, 2, 'Sed quibusdam excepturi cumque.', 'recusandae'),
(1624, 657, 2, 'Corrupti et culpa animi blanditiis ipsam.', 'illum'),
(1625, 657, 1, 'Illo laudantium officia rerum nobis natus hic', 'voluptas'),
(1626, 658, 3, 'Hic dolores magnam nulla numquam.', 'fuga'),
(1627, 658, 2, 'Quam cum in illo distinctio.', 'voluptate'),
(1628, 658, 3, 'Corporis quod quam alias atque commodi.', 'corrupti'),
(1629, 658, 3, 'Eos quidem quia quam sapiente illum.', 'odit'),
(1630, 659, 1, 'Voluptate explicabo qui eos ipsa.', 'nam'),
(1631, 659, 2, 'Ducimus asperiores quo ipsum voluptatem reici', 'nostrum'),
(1632, 659, 3, 'Tempora odit quaerat eius quibusdam magnam ve', 'tenetur'),
(1633, 659, 1, 'Molestiae vero molestias.', 'quae'),
(1634, 659, 1, 'Hic alias corporis voluptatem non vero molest', 'velit'),
(1635, 660, 1, 'Repudiandae porro reiciendis expedita.', 'architecto'),
(1636, 660, 1, 'Quasi molestiae optio facilis nihil totam.', 'repudiandae'),
(1637, 661, 3, 'Consectetur incidunt molestiae provident veli', 'ipsam'),
(1638, 661, 3, 'Ipsa nulla suscipit corrupti adipisci expedit', 'nostrum'),
(1639, 661, 1, 'Necessitatibus blanditiis tempore deserunt.', 'quod'),
(1640, 661, 3, 'Ad harum quis modi placeat.', 'placeat'),
(1641, 663, 2, 'Suscipit nostrum quaerat omnis atque hic.', 'et'),
(1642, 664, 3, 'Dolore itaque dolorum fugit amet optio maxime', 'porro'),
(1643, 664, 3, 'Provident fugiat alias earum fuga quisquam de', 'est'),
(1644, 664, 2, 'Exercitationem sed molestiae necessitatibus r', 'sed'),
(1645, 665, 3, 'Praesentium sequi aperiam porro officiis cons', 'quo'),
(1646, 665, 1, 'Quam eligendi amet fugiat.', 'architecto'),
(1647, 665, 1, 'Culpa atque tempora necessitatibus aperiam mo', 'atque'),
(1648, 666, 1, 'Alias harum necessitatibus nulla.', 'dolore'),
(1649, 667, 2, 'Soluta est ducimus doloribus nostrum voluptat', 'distinctio'),
(1650, 667, 1, 'Maiores praesentium est asperiores eaque.', 'omnis'),
(1651, 667, 2, 'Modi explicabo nobis quae veniam ad.', 'eius'),
(1652, 667, 1, 'Ullam odit dolores occaecati.', 'harum'),
(1653, 668, 3, 'Ratione vero debitis quo quaerat eligendi exp', 'est'),
(1654, 668, 3, 'Iste pariatur nostrum fugiat molestiae dicta ', 'repellendus'),
(1655, 668, 3, 'Odio delectus explicabo blanditiis animi.', 'quam'),
(1656, 669, 1, 'Dolores unde at pariatur similique tempore.', 'soluta'),
(1657, 669, 3, 'Vitae commodi numquam ad ab quasi est.', 'sit'),
(1658, 669, 1, 'Laborum provident iure quo repellendus atque.', 'voluptatum'),
(1659, 669, 3, 'Sint rerum dolorum accusamus.', 'esse'),
(1660, 669, 2, 'Amet esse ipsam voluptate totam velit.', 'praesentium'),
(1661, 670, 3, 'Consequatur pariatur odit velit esse quos cup', 'ducimus'),
(1662, 670, 2, 'Corrupti voluptates facilis vitae accusantium', 'ab'),
(1663, 670, 2, 'Harum in praesentium atque necessitatibus qui', 'voluptatum'),
(1664, 670, 2, 'Eos assumenda deserunt aliquam.', 'fugit'),
(1665, 670, 1, 'Incidunt enim repellat dolorum incidunt saepe', 'dolorem'),
(1666, 672, 3, 'Saepe fugiat deserunt asperiores suscipit adi', 'pariatur'),
(1667, 673, 2, 'Necessitatibus ad fuga ex quos.', 'sequi'),
(1668, 673, 2, 'Autem maxime et quo sint ratione.', 'voluptatum'),
(1669, 674, 3, 'Pariatur dignissimos iusto dignissimos eius e', 'hic'),
(1670, 674, 1, 'Harum non dolore id.', 'a'),
(1671, 676, 3, 'Accusantium harum nihil ipsa itaque assumenda', 'eius'),
(1672, 676, 2, 'Minus id rerum nobis.', 'beatae'),
(1673, 676, 3, 'Ratione cumque minima.', 'unde'),
(1674, 677, 3, 'Officiis dignissimos beatae nemo doloremque.', 'aspernatur'),
(1675, 677, 3, 'Debitis eum qui necessitatibus recusandae min', 'ex'),
(1676, 677, 3, 'Non nam odio incidunt qui praesentium quis.', 'est'),
(1677, 677, 1, 'Hic alias a enim incidunt quas.', 'blanditiis'),
(1678, 677, 2, 'Nemo quibusdam necessitatibus a inventore vol', 'nulla'),
(1679, 678, 1, 'Libero quisquam rem quod porro dolorem nisi.', 'omnis'),
(1680, 678, 2, 'Ab pariatur maxime.', 'veritatis'),
(1681, 678, 3, 'Voluptates eius omnis maxime nobis.', 'iste'),
(1682, 678, 3, 'Praesentium cumque sapiente velit repellendus', 'maxime'),
(1683, 679, 3, 'Animi officiis aut praesentium at maiores mol', 'culpa'),
(1684, 679, 3, 'Perferendis quis reprehenderit magni ad fuga.', 'magni'),
(1685, 679, 2, 'Maxime facilis esse reprehenderit blanditiis ', 'iure'),
(1686, 679, 1, 'Rem recusandae sit.', 'eum'),
(1687, 681, 1, 'Tenetur ratione hic impedit assumenda rerum.', 'atque'),
(1688, 681, 3, 'Rerum aliquam iusto vel ad eum aliquid.', 'nihil'),
(1689, 681, 2, 'Inventore facilis beatae et ab temporibus seq', 'totam'),
(1690, 682, 1, 'Non quidem aut non officiis quam voluptatum s', 'cumque'),
(1691, 682, 1, 'Quidem nesciunt mollitia occaecati omnis.', 'esse'),
(1692, 682, 2, 'Totam nihil reprehenderit cum ut.', 'fugit'),
(1693, 683, 2, 'Veritatis expedita quidem corporis magni.', 'accusantium'),
(1694, 683, 1, 'Quas voluptatum asperiores praesentium.', 'veniam'),
(1695, 683, 1, 'Rerum quidem saepe.', 'quaerat'),
(1696, 683, 1, 'Eum voluptates fugit.', 'praesentium'),
(1697, 684, 2, 'Ad occaecati laudantium.', 'occaecati'),
(1698, 685, 2, 'Hic neque autem.', 'vitae'),
(1699, 685, 3, 'Similique laboriosam illum velit consequatur.', 'consequuntur'),
(1700, 686, 3, 'Voluptate sed fuga sequi.', 'beatae'),
(1701, 686, 2, 'Optio pariatur facilis dicta porro dolor.', 'facere'),
(1702, 686, 1, 'Unde alias atque libero corrupti culpa.', 'quis'),
(1703, 686, 2, 'Vero ex deserunt nam dicta.', 'amet'),
(1704, 686, 3, 'Facilis sunt ea ab.', 'voluptatum'),
(1705, 688, 3, 'Eligendi iure totam aperiam incidunt magnam.', 'quos'),
(1706, 688, 2, 'Earum hic molestiae tempore culpa fugiat.', 'pariatur'),
(1707, 688, 1, 'Nostrum quibusdam sed fugit voluptatum alias.', 'quasi'),
(1708, 688, 2, 'Ab veniam pariatur nisi qui nobis natus.', 'quam'),
(1709, 689, 2, 'Quasi inventore iste.', 'officia'),
(1710, 689, 1, 'Nulla quisquam dicta voluptatum soluta asperi', 'similique'),
(1711, 689, 2, 'Culpa laboriosam non illo odio aperiam.', 'aliquam'),
(1712, 690, 1, 'Iste earum odit atque consequatur doloremque ', 'dolore'),
(1713, 690, 3, 'Numquam placeat quam illum impedit in atque.', 'maxime'),
(1714, 690, 1, 'Accusamus nostrum quasi atque quasi.', 'veniam'),
(1715, 691, 2, 'Eveniet nam odit commodi et eaque necessitati', 'vitae'),
(1716, 691, 1, 'Ad tempore recusandae consequuntur eveniet.', 'eum'),
(1717, 691, 2, 'Esse corporis sit sit.', 'corporis'),
(1718, 691, 2, 'Est rem ea necessitatibus facere.', 'quibusdam'),
(1719, 692, 1, 'Quas ipsam debitis omnis magnam eius voluptat', 'iste'),
(1720, 693, 1, 'Corrupti asperiores magni exercitationem volu', 'ea'),
(1721, 693, 2, 'Voluptas optio fuga quae ratione.', 'sequi'),
(1722, 693, 2, 'Molestiae nulla totam ut.', 'distinctio'),
(1723, 693, 2, 'Debitis sit dolor illo.', 'amet'),
(1724, 694, 3, 'Totam totam cum.', 'minima'),
(1725, 695, 2, 'Nesciunt quod corporis laboriosam.', 'voluptate'),
(1726, 695, 2, 'Hic delectus sed magnam magni.', 'qui'),
(1727, 695, 2, 'Laudantium illum accusamus cumque porro eius ', 'fuga'),
(1728, 696, 3, 'Magnam distinctio ea earum.', 'consequatur'),
(1729, 696, 3, 'Ipsam repellendus debitis nostrum hic.', 'commodi'),
(1730, 696, 1, 'Deserunt aut voluptate similique suscipit pos', 'corrupti'),
(1731, 696, 2, 'Est aliquid quidem illum.', 'exercitationem'),
(1732, 696, 3, 'Ab optio placeat ea eligendi.', 'mollitia'),
(1733, 697, 2, 'Dicta similique nesciunt vero temporibus adip', 'debitis'),
(1734, 697, 2, 'Fugit beatae odit nam hic.', 'iste'),
(1735, 697, 1, 'Sunt itaque officiis molestias repudiandae vo', 'dolorem'),
(1736, 697, 1, 'Quasi officiis consectetur praesentium provid', 'neque'),
(1737, 697, 1, 'Nihil maiores fugiat minima aperiam.', 'temporibus'),
(1738, 698, 2, 'Possimus quaerat necessitatibus neque sapient', 'dolores'),
(1739, 699, 1, 'Harum corrupti ullam repudiandae quaerat quid', 'facere'),
(1740, 699, 3, 'Dolores perspiciatis repudiandae repudiandae ', 'quae'),
(1741, 699, 1, 'Impedit dolore ipsum quam facilis a.', 'eius'),
(1742, 699, 2, 'Ducimus rem deleniti ut.', 'voluptatum'),
(1743, 700, 2, 'A dolore eos optio laboriosam natus.', 'magni'),
(1744, 700, 3, 'Dolor omnis quidem harum voluptatem dicta.', 'velit'),
(1745, 700, 2, 'Maiores temporibus soluta et quisquam impedit', 'modi'),
(1746, 700, 1, 'Soluta sint ipsa animi quae unde magnam odit.', 'recusandae'),
(1747, 702, 2, 'Perferendis ab repellendus harum fugit totam.', 'quo'),
(1748, 702, 3, 'Expedita dolor fugit aliquid tenetur reprehen', 'quod'),
(1749, 702, 1, 'Eveniet explicabo nulla quibusdam dolores sus', 'iste'),
(1750, 703, 1, 'Quod facere sapiente porro explicabo voluptat', 'ea'),
(1751, 704, 2, 'Eligendi aut sit quos.', 'nesciunt'),
(1752, 704, 2, 'Ea reprehenderit qui eos maiores possimus et.', 'id'),
(1753, 704, 2, 'Nemo perspiciatis ullam inventore.', 'ex'),
(1754, 704, 2, 'Fugit laborum tenetur nobis dicta fuga distin', 'alias'),
(1755, 704, 1, 'Vitae magni magnam a repellendus alias.', 'quia'),
(1756, 705, 2, 'Perspiciatis dicta labore qui provident perfe', 'veniam'),
(1757, 705, 1, 'Assumenda harum officia fugit fugiat.', 'deleniti'),
(1758, 705, 2, 'Itaque harum accusamus iste eaque nulla corpo', 'cupiditate'),
(1759, 705, 3, 'Sed quidem quas.', 'alias'),
(1760, 706, 1, 'Nulla fugit amet consequuntur.', 'vero'),
(1761, 706, 3, 'Impedit alias eius facere.', 'dolores'),
(1762, 707, 1, 'Aperiam natus vitae eos magni.', 'enim'),
(1763, 707, 2, 'Laboriosam harum excepturi blanditiis quod ar', 'quia'),
(1764, 707, 2, 'Recusandae facere numquam saepe debitis rem e', 'earum'),
(1765, 707, 2, 'Error saepe mollitia porro distinctio aliquam', 'minus'),
(1766, 707, 1, 'Eos eaque error.', 'repellat'),
(1767, 708, 1, 'Recusandae debitis illum itaque.', 'repellendus'),
(1768, 708, 3, 'Velit numquam nesciunt tempore numquam optio ', 'laudantium'),
(1769, 709, 2, 'Excepturi itaque consequuntur a repellat.', 'qui'),
(1770, 711, 1, 'Soluta sapiente ducimus qui consequuntur nisi', 'ad'),
(1771, 712, 2, 'Ea aliquid laudantium pariatur et eos.', 'libero'),
(1772, 712, 2, 'Magnam commodi corrupti facere.', 'consectetur'),
(1773, 712, 2, 'Nulla doloribus doloribus fugit repellat ab l', 'molestias'),
(1774, 712, 2, 'Praesentium aspernatur alias commodi eveniet ', 'aspernatur'),
(1775, 712, 3, 'Eum exercitationem mollitia eius.', 'tempora'),
(1776, 713, 1, 'Dolores placeat inventore magni delectus.', 'eveniet'),
(1777, 714, 3, 'Placeat quasi natus natus architecto.', 'natus'),
(1778, 714, 2, 'Saepe aperiam asperiores perferendis error.', 'inventore'),
(1779, 715, 1, 'Officiis aut quod nesciunt optio aspernatur e', 'sint'),
(1780, 716, 1, 'Quod soluta doloribus ex architecto vel repre', 'porro'),
(1781, 718, 3, 'Aperiam facere omnis pariatur.', 'quidem'),
(1782, 718, 3, 'Voluptatem necessitatibus eius eveniet atque.', 'nemo'),
(1783, 719, 1, 'Commodi amet nisi minus.', 'aliquam'),
(1784, 719, 1, 'A explicabo unde veritatis cupiditate sit ill', 'rerum'),
(1785, 719, 2, 'Laboriosam fuga harum possimus eius.', 'temporibus'),
(1786, 719, 3, 'Qui tenetur dolorum aliquid.', 'asperiores'),
(1787, 720, 1, 'Quisquam nam consectetur tempora rerum offici', 'beatae'),
(1788, 720, 2, 'Eos consequuntur nobis.', 'quos'),
(1789, 720, 3, 'Quod similique repellendus ut.', 'adipisci'),
(1790, 720, 3, 'Dolor temporibus fugiat magni unde illo.', 'architecto'),
(1791, 720, 1, 'Ratione est quibusdam exercitationem.', 'illo'),
(1792, 721, 3, 'Aut nostrum corrupti provident dolorum.', 'labore'),
(1793, 721, 2, 'Eaque facilis nisi quas.', 'laboriosam'),
(1794, 721, 1, 'Voluptas dolorum consequatur ea cum beatae.', 'incidunt'),
(1795, 722, 3, 'Dolores consectetur ducimus cupiditate magni ', 'quae'),
(1796, 722, 2, 'Animi hic cum vel.', 'tempore'),
(1797, 722, 2, 'Dolorum facilis voluptas natus.', 'excepturi'),
(1798, 722, 2, 'Voluptates perferendis natus amet suscipit.', 'ut'),
(1799, 722, 3, 'Architecto dignissimos eaque deserunt rem dol', 'mollitia'),
(1800, 723, 2, 'Molestias aperiam ipsum illum in quo minus.', 'consequatur'),
(1801, 723, 2, 'Eligendi dignissimos voluptatem.', 'alias'),
(1802, 723, 1, 'Magnam impedit aperiam.', 'rem'),
(1803, 723, 3, 'In ad molestiae accusamus labore.', 'vel'),
(1804, 723, 1, 'Qui officia beatae maiores.', 'quos'),
(1805, 725, 3, 'Suscipit veniam facilis reiciendis quam aliqu', 'occaecati'),
(1806, 725, 2, 'Accusamus officiis recusandae dolor.', 'sed'),
(1807, 725, 2, 'Molestiae molestiae magni optio officiis.', 'soluta'),
(1808, 725, 2, 'Itaque tempore odit temporibus sapiente.', 'dolores'),
(1809, 725, 3, 'Eveniet nemo reiciendis.', 'ipsam'),
(1810, 727, 2, 'Reprehenderit doloribus delectus saepe commod', 'occaecati'),
(1811, 727, 2, 'Labore modi sunt mollitia nesciunt.', 'eligendi'),
(1812, 731, 1, 'At soluta molestias assumenda molestias.', 'expedita'),
(1813, 732, 1, 'Quia vitae perspiciatis odit.', 'consectetur'),
(1814, 732, 2, 'At atque expedita autem veniam.', 'voluptatibus'),
(1815, 732, 2, 'Nam voluptates cumque aliquid debitis reicien', 'atque'),
(1816, 733, 2, 'Nam doloremque error incidunt suscipit esse n', 'facilis'),
(1817, 735, 2, 'Culpa officiis debitis quos.', 'praesentium'),
(1818, 735, 2, 'Vitae itaque nostrum optio enim.', 'neque'),
(1819, 735, 3, 'Illo excepturi autem et quae odit.', 'consequuntur'),
(1820, 735, 3, 'Pariatur nesciunt dolore sit at.', 'amet'),
(1821, 735, 3, 'Voluptates soluta repellendus quasi quis prov', 'possimus'),
(1822, 736, 2, 'Non quidem delectus mollitia quod hic.', 'maxime'),
(1823, 737, 2, 'Nam minus facilis inventore voluptates eius n', 'quibusdam'),
(1824, 737, 2, 'Provident earum vitae aperiam.', 'architecto'),
(1825, 737, 3, 'Esse sint quisquam accusamus.', 'explicabo'),
(1826, 738, 3, 'Earum beatae molestiae hic magni consequuntur', 'fugiat'),
(1827, 738, 1, 'Sunt unde magni maxime nostrum ipsum alias.', 'alias'),
(1828, 738, 3, 'Est libero odio corrupti libero quo.', 'aspernatur'),
(1829, 738, 3, 'Voluptate reiciendis harum.', 'suscipit'),
(1830, 738, 2, 'Quibusdam cupiditate in sit a.', 'nemo'),
(1831, 739, 1, 'Id sint dolores laudantium quam.', 'et'),
(1832, 740, 1, 'Sapiente doloribus velit necessitatibus fugit', 'vel'),
(1833, 740, 2, 'Laudantium deserunt numquam voluptate quae sa', 'expedita'),
(1834, 740, 3, 'Animi eos esse.', 'asperiores'),
(1835, 742, 1, 'Vel labore veritatis perspiciatis ducimus a n', 'quae'),
(1836, 743, 1, 'Illum libero excepturi asperiores deleniti qu', 'ipsum'),
(1837, 743, 2, 'Magni a nemo quasi consectetur ea eos.', 'impedit'),
(1838, 745, 1, 'Facere laborum doloribus voluptates odio.', 'sunt'),
(1839, 745, 3, 'Ex illum commodi eligendi mollitia.', 'impedit'),
(1840, 745, 1, 'Totam ab reiciendis non eligendi similique la', 'et'),
(1841, 745, 3, 'Animi possimus pariatur incidunt ad.', 'aperiam'),
(1842, 746, 2, 'Ratione quis et ullam inventore quos dolorum.', 'veritatis'),
(1843, 746, 3, 'Ex quidem id vero quae unde iste.', 'perferendis'),
(1844, 746, 2, 'Officia labore vel explicabo aliquam sint.', 'harum'),
(1845, 747, 3, 'Provident reiciendis dicta.', 'nihil'),
(1846, 747, 3, 'Iste molestiae quia vero.', 'voluptas'),
(1847, 748, 3, 'Architecto qui cupiditate tempore dignissimos', 'quas'),
(1848, 748, 3, 'Perferendis doloremque assumenda.', 'ducimus'),
(1849, 748, 2, 'Illo tempora amet.', 'ipsum'),
(1850, 749, 1, 'Cupiditate possimus quasi earum.', 'consequuntur'),
(1851, 750, 3, 'Quis nisi harum possimus animi voluptatibus i', 'autem'),
(1852, 750, 2, 'Architecto deleniti maiores mollitia atque in', 'ut'),
(1853, 750, 3, 'Libero harum odio quis id.', 'temporibus'),
(1854, 750, 3, 'Error inventore labore sunt nostrum.', 'minus'),
(1855, 751, 3, 'Aliquid nesciunt hic architecto.', 'dolore'),
(1856, 752, 3, 'Sapiente rerum deleniti dolorum numquam.', 'nihil'),
(1857, 752, 1, 'Voluptatum voluptatibus explicabo fugit liber', 'vero'),
(1858, 752, 3, 'Culpa nemo fuga eveniet consequatur.', 'ducimus'),
(1859, 752, 2, 'Nemo esse sed nisi vel.', 'sequi'),
(1860, 752, 3, 'Totam harum neque ea voluptatum.', 'voluptate'),
(1861, 753, 1, 'Aspernatur iste reiciendis ea.', 'nobis'),
(1862, 754, 1, 'Officiis aspernatur neque harum minima adipis', 'accusantium'),
(1863, 755, 1, 'Blanditiis deserunt beatae nesciunt dolor ut.', 'culpa'),
(1864, 756, 2, 'Qui aliquam eligendi totam reprehenderit debi', 'repellendus'),
(1865, 756, 2, 'Eos atque voluptate.', 'repudiandae'),
(1866, 756, 1, 'Repellendus repellat incidunt atque eaque ear', 'eveniet'),
(1867, 757, 3, 'Necessitatibus non a recusandae magni.', 'id'),
(1868, 758, 3, 'Libero hic aliquid vel veniam nisi assumenda.', 'recusandae'),
(1869, 758, 3, 'Sunt mollitia ad distinctio.', 'ex'),
(1870, 760, 2, 'Placeat inventore praesentium animi.', 'impedit'),
(1871, 760, 1, 'Soluta illum neque esse velit asperiores unde', 'quidem'),
(1872, 761, 2, 'Possimus magnam veniam tenetur.', 'eligendi'),
(1873, 761, 2, 'Vitae dolorem possimus commodi minus occaecat', 'maxime'),
(1874, 762, 1, 'Quibusdam quod fugit delectus non.', 'nostrum'),
(1875, 763, 3, 'Exercitationem ullam perferendis.', 'consequatur'),
(1876, 763, 1, 'Consectetur quia accusantium iure inventore c', 'laboriosam'),
(1877, 763, 1, 'Eveniet ipsum culpa labore dignissimos soluta', 'ad'),
(1878, 763, 2, 'Odit nisi iste perferendis impedit.', 'perferendis'),
(1879, 764, 1, 'Illum aliquid id consequuntur.', 'voluptate'),
(1880, 765, 2, 'Quidem pariatur odit quisquam hic officiis.', 'quisquam'),
(1881, 765, 1, 'Laboriosam deleniti distinctio tempore suscip', 'quidem'),
(1882, 765, 2, 'Aut ipsum nihil beatae vero.', 'id'),
(1883, 765, 1, 'Quibusdam rem esse minus maiores laudantium e', 'unde'),
(1884, 765, 1, 'Ipsa dolorem id eligendi laboriosam.', 'iste'),
(1885, 767, 3, 'Impedit cumque voluptatibus adipisci cum.', 'incidunt'),
(1886, 767, 1, 'Tenetur eveniet quia odio.', 'ducimus'),
(1887, 769, 3, 'Itaque laboriosam consectetur tempore provide', 'maiores'),
(1888, 769, 2, 'Nulla ipsum sunt mollitia doloribus.', 'ab'),
(1889, 769, 2, 'Vel eligendi autem minima rem.', 'aliquid'),
(1890, 771, 2, 'Quos autem molestiae quisquam.', 'atque'),
(1891, 771, 3, 'Error fugiat exercitationem.', 'optio'),
(1892, 771, 2, 'Consectetur sequi maxime provident velit.', 'alias'),
(1893, 771, 3, 'Aliquam cupiditate debitis neque aperiam veli', 'vel'),
(1894, 771, 3, 'Est ipsum id quod optio totam blanditiis vel.', 'repellat'),
(1895, 774, 1, 'Enim excepturi eveniet rem harum esse unde.', 'necessitatibus'),
(1896, 775, 3, 'Iste labore exercitationem totam quam aut neq', 'assumenda'),
(1897, 775, 3, 'Praesentium minima sequi nobis iure atque.', 'est'),
(1898, 775, 1, 'Libero rem praesentium.', 'porro'),
(1899, 775, 3, 'Modi repudiandae magni esse voluptatibus dolo', 'omnis'),
(1900, 776, 3, 'Ut nulla asperiores maiores.', 'molestiae'),
(1901, 776, 3, 'Error doloremque velit.', 'minus'),
(1902, 776, 2, 'Dolores rerum quam saepe.', 'ullam'),
(1903, 777, 1, 'Blanditiis dolor minus eum dolorum unde.', 'impedit'),
(1904, 778, 2, 'Veritatis ipsa porro consequuntur animi.', 'ab'),
(1905, 778, 1, 'Iste aut excepturi esse.', 'accusantium'),
(1906, 778, 2, 'Aut vitae voluptatibus iste nihil.', 'impedit'),
(1907, 779, 2, 'Ea ducimus facilis.', 'facere'),
(1908, 779, 3, 'Harum inventore repellendus sed nostrum repre', 'quas'),
(1909, 779, 2, 'Qui sequi nihil velit doloremque adipisci qua', 'necessitatibus'),
(1910, 779, 2, 'Animi dicta soluta.', 'natus'),
(1911, 779, 3, 'Illum voluptas nisi distinctio tenetur animi.', 'ut'),
(1912, 780, 2, 'Tempora eveniet quod voluptatum dolore occaec', 'sed'),
(1913, 780, 3, 'In blanditiis laboriosam in quaerat suscipit.', 'nulla'),
(1914, 780, 2, 'Nam nihil exercitationem autem aliquam.', 'sint'),
(1915, 780, 2, 'Blanditiis velit facilis asperiores officiis ', 'voluptates'),
(1916, 780, 2, 'Occaecati voluptatum modi est.', 'optio'),
(1917, 781, 3, 'Nam similique repellendus fugit et.', 'corrupti'),
(1918, 781, 2, 'Molestias eum amet nulla eligendi dolorum lab', 'dolor'),
(1919, 781, 1, 'Facere est dolor explicabo eligendi.', 'optio'),
(1920, 781, 1, 'Magni illum reiciendis nesciunt quo praesenti', 'ullam'),
(1921, 782, 1, 'Velit animi doloribus nostrum officiis.', 'quaerat'),
(1922, 782, 3, 'Aspernatur velit ipsa voluptas voluptate non.', 'expedita'),
(1923, 782, 1, 'Praesentium impedit consequatur aliquam magna', 'repellat'),
(1924, 782, 2, 'Fugit assumenda dolorum quam.', 'aut'),
(1925, 782, 3, 'Incidunt aperiam et voluptatum perspiciatis o', 'doloribus'),
(1926, 783, 3, 'Assumenda nemo molestiae totam ad neque.', 'cumque'),
(1927, 783, 1, 'Nobis quos suscipit porro soluta quaerat vita', 'unde'),
(1928, 783, 2, 'Blanditiis fuga nobis hic doloribus temporibu', 'dolorum'),
(1929, 783, 1, 'Atque ratione inventore velit magnam magnam i', 'labore'),
(1930, 784, 3, 'Vero occaecati veritatis ullam.', 'at'),
(1931, 784, 3, 'Laudantium sequi sit fugiat.', 'nobis'),
(1932, 784, 2, 'Dicta sit dolores.', 'voluptatum'),
(1933, 785, 2, 'Facilis praesentium aliquam pariatur eos exer', 'modi'),
(1934, 785, 1, 'Nam magnam autem corrupti.', 'voluptatum'),
(1935, 786, 3, 'Et voluptatem dolores mollitia amet eos dolor', 'aspernatur'),
(1936, 786, 2, 'Eveniet temporibus nihil.', 'consectetur'),
(1937, 786, 2, 'Veniam minus corrupti vel molestias.', 'cumque'),
(1938, 786, 3, 'Ex eius dolor fugiat nulla.', 'consectetur'),
(1939, 786, 2, 'Veniam nisi quisquam earum tenetur.', 'eligendi'),
(1940, 788, 2, 'Provident qui reiciendis voluptate adipisci i', 'sunt'),
(1941, 788, 1, 'Sunt eveniet dolore voluptas explicabo.', 'explicabo'),
(1942, 788, 1, 'Ea maiores facilis maiores tempore architecto', 'id'),
(1943, 788, 2, 'Itaque numquam earum eaque corrupti provident', 'quam'),
(1944, 789, 2, 'Minus eos praesentium doloribus rerum et offi', 'quod'),
(1945, 789, 1, 'Vero blanditiis praesentium repellat natus la', 'voluptatum'),
(1946, 789, 1, 'Minus quod aperiam aliquid tenetur.', 'quaerat'),
(1947, 789, 2, 'Natus eos inventore velit reprehenderit nobis', 'facilis'),
(1948, 789, 3, 'Corrupti delectus fugiat inventore quisquam.', 'sequi'),
(1949, 790, 2, 'Natus officiis quas.', 'aut'),
(1950, 790, 1, 'Laudantium repellendus vel ad aut.', 'doloremque'),
(1951, 791, 3, 'Porro tempora a dicta optio numquam aspernatu', 'unde'),
(1952, 791, 3, 'Porro ipsum commodi ab molestias ad sint inve', 'ipsum'),
(1953, 791, 3, 'Saepe debitis suscipit culpa hic.', 'dignissimos'),
(1954, 791, 3, 'Ducimus tempore maxime qui iusto omnis nihil.', 'quas'),
(1955, 791, 2, 'Quis molestias fugiat ullam soluta modi sapie', 'quibusdam'),
(1956, 793, 3, 'Similique sequi ipsa et.', 'illo'),
(1957, 794, 3, 'Tempora tenetur illum laboriosam a.', 'quia'),
(1958, 795, 1, 'Rerum pariatur quaerat aperiam temporibus.', 'nisi'),
(1959, 795, 3, 'Veniam neque quo magnam praesentium quaerat a', 'dignissimos'),
(1960, 795, 2, 'Quam nemo consectetur quia exercitationem par', 'architecto'),
(1961, 796, 2, 'Corporis corporis reprehenderit voluptatem cu', 'pariatur'),
(1962, 796, 3, 'Necessitatibus iusto dolores officia repellat', 'ab'),
(1963, 796, 2, 'Commodi ut corporis asperiores.', 'eos'),
(1964, 796, 1, 'Quae ipsa et dolore minus aliquam laborum.', 'illo'),
(1965, 796, 1, 'Eveniet iste distinctio non fugiat aliquid ip', 'alias'),
(1966, 797, 1, 'Facere explicabo perferendis debitis at nobis', 'beatae'),
(1967, 797, 1, 'Repudiandae id molestiae ullam adipisci accus', 'ducimus'),
(1968, 797, 2, 'Dolores quo cumque labore amet a sed.', 'ea'),
(1969, 797, 2, 'Autem asperiores impedit non autem quo offici', 'veritatis'),
(1970, 798, 1, 'A quia nihil magnam earum distinctio nostrum ', 'blanditiis'),
(1971, 798, 3, 'Enim totam sed corporis facilis.', 'facere'),
(1972, 799, 1, 'Repellendus enim temporibus officiis quis qui', 'aliquid'),
(1973, 800, 1, 'Harum sint rem harum possimus quia minus perf', 'distinctio'),
(1974, 800, 2, 'Ipsum accusantium placeat.', 'ipsam'),
(1975, 800, 2, 'Voluptatem aspernatur ducimus modi necessitat', 'totam'),
(1976, 801, 3, 'Consequuntur sint eligendi dolorem tempore eo', 'asperiores'),
(1977, 801, 3, 'Facere nisi eveniet.', 'temporibus'),
(1978, 801, 2, 'Libero maxime molestiae provident consequuntu', 'a'),
(1979, 801, 3, 'Repellendus nisi laborum omnis nostrum sit la', 'unde'),
(1980, 803, 1, 'Doloribus quisquam quae commodi ipsum cupidit', 'ratione'),
(1981, 803, 3, 'Saepe ea blanditiis vitae delectus maiores qu', 'a'),
(1982, 803, 2, 'Laboriosam incidunt nam voluptas tenetur dolo', 'animi'),
(1983, 803, 2, 'Molestias neque fugiat ad.', 'amet'),
(1984, 803, 2, 'Voluptas tempora libero assumenda.', 'veniam'),
(1985, 806, 2, 'Alias ullam nostrum esse veritatis nisi.', 'repudiandae'),
(1986, 806, 2, 'Dignissimos ea quo blanditiis reprehenderit i', 'commodi'),
(1987, 806, 3, 'Ducimus sed perferendis accusantium.', 'pariatur'),
(1988, 806, 2, 'Sit ipsum deleniti dignissimos totam in.', 'ut'),
(1989, 806, 3, 'Sit nostrum porro quas eaque.', 'optio'),
(1990, 807, 3, 'Magnam necessitatibus debitis aperiam rerum.', 'perferendis'),
(1991, 807, 3, 'Deleniti nemo similique pariatur quisquam.', 'vitae'),
(1992, 807, 1, 'Occaecati illum voluptatem impedit illo ea as', 'eveniet'),
(1993, 807, 1, 'Neque deleniti facilis totam.', 'suscipit'),
(1994, 808, 1, 'Saepe minus neque alias expedita a.', 'laborum'),
(1995, 808, 3, 'Quibusdam quam ducimus voluptatibus.', 'beatae'),
(1996, 809, 1, 'Porro ut voluptatem nam.', 'ratione'),
(1997, 809, 2, 'Cumque veniam cumque.', 'ut'),
(1998, 809, 2, 'Nihil magni sint ipsam.', 'deserunt'),
(1999, 809, 1, 'Dolores quae odio minus.', 'eius'),
(2000, 809, 3, 'Deleniti laboriosam veritatis.', 'numquam'),
(2001, 811, 2, 'Perspiciatis placeat aspernatur et dolorem.', 'numquam'),
(2002, 811, 1, 'Inventore numquam debitis omnis ducimus repel', 'itaque'),
(2003, 812, 3, 'Iste mollitia suscipit earum enim.', 'cupiditate'),
(2004, 812, 2, 'Vero alias voluptates quam veritatis exercita', 'commodi'),
(2005, 812, 3, 'Ipsa expedita aperiam ab eligendi.', 'nulla'),
(2006, 813, 3, 'Ducimus quasi quisquam nostrum officia necess', 'voluptas'),
(2007, 813, 1, 'Odio libero cum inventore consequuntur quasi.', 'esse'),
(2008, 814, 1, 'Sint fuga dolor explicabo laudantium voluptat', 'occaecati'),
(2009, 814, 3, 'Atque nisi eum.', 'tempora'),
(2010, 814, 2, 'Consequatur consequatur repudiandae accusanti', 'qui'),
(2011, 815, 3, 'Consequuntur sunt rem cumque libero.', 'rem'),
(2012, 816, 2, 'Ipsum beatae consequatur veniam incidunt numq', 'numquam'),
(2013, 816, 2, 'Earum sapiente est laborum natus.', 'similique'),
(2014, 817, 2, 'Unde neque enim consectetur quidem accusantiu', 'architecto'),
(2015, 817, 3, 'Velit eligendi totam autem sed aspernatur.', 'maiores'),
(2016, 817, 2, 'Rem tenetur consequuntur minus maiores ab odi', 'ut'),
(2017, 818, 2, 'Animi optio ullam quisquam iste deserunt repu', 'mollitia'),
(2018, 818, 3, 'Consequuntur quam dicta quam.', 'accusantium'),
(2019, 818, 3, 'Provident magni doloremque eveniet pariatur p', 'sunt'),
(2020, 819, 2, 'Praesentium esse voluptatem facere blanditiis', 'nostrum'),
(2021, 819, 3, 'Ullam sequi beatae expedita vel.', 'itaque'),
(2022, 819, 1, 'Aliquid aspernatur atque laborum eum rerum.', 'a'),
(2023, 820, 1, 'Aperiam dolorem recusandae voluptatibus exped', 'architecto'),
(2024, 820, 1, 'Sunt optio ipsa dicta.', 'officia'),
(2025, 822, 2, 'Enim suscipit mollitia sequi commodi.', 'repellat'),
(2026, 824, 2, 'Natus ipsam hic exercitationem.', 'at'),
(2027, 824, 2, 'Nemo eos nostrum fugiat.', 'recusandae'),
(2028, 824, 1, 'Ipsam ullam rerum necessitatibus consequatur.', 'cumque'),
(2029, 825, 3, 'Fugit voluptatibus neque asperiores tenetur r', 'adipisci'),
(2030, 825, 3, 'Reprehenderit optio explicabo quaerat amet.', 'rem'),
(2031, 827, 3, 'Nisi praesentium neque minus eaque placeat mo', 'accusantium'),
(2032, 828, 2, 'Minima quasi temporibus praesentium facilis i', 'esse'),
(2033, 828, 1, 'Sint laudantium hic deserunt accusantium volu', 'id'),
(2034, 828, 3, 'Maiores deserunt temporibus nostrum.', 'ullam'),
(2035, 830, 2, 'Possimus deleniti aperiam.', 'dolorum'),
(2036, 830, 1, 'Eveniet est eligendi ut.', 'fugiat'),
(2037, 830, 1, 'Sequi quos ea voluptate est maxime necessitat', 'quas'),
(2038, 830, 3, 'Corrupti voluptatum consectetur nulla officii', 'voluptate'),
(2039, 831, 1, 'Facilis excepturi quam nulla inventore.', 'fugiat'),
(2040, 831, 1, 'Error ducimus nulla numquam porro.', 'temporibus'),
(2041, 831, 2, 'Autem facilis nobis culpa fugiat necessitatib', 'consequatur'),
(2042, 831, 2, 'Maxime harum inventore veritatis ut mollitia ', 'dicta'),
(2043, 832, 1, 'Iusto laboriosam iure recusandae excepturi co', 'autem'),
(2044, 832, 1, 'Exercitationem nisi dolorem optio.', 'soluta'),
(2045, 833, 3, 'Et cum quae.', 'natus'),
(2046, 833, 3, 'Laborum expedita aperiam est ratione dignissi', 'accusamus'),
(2047, 834, 3, 'Temporibus aliquam itaque provident cumque im', 'adipisci'),
(2048, 834, 3, 'Ullam porro voluptatum explicabo architecto.', 'ad'),
(2049, 835, 3, 'Dignissimos accusamus dolor distinctio volupt', 'numquam'),
(2050, 835, 1, 'Nihil incidunt natus sit deleniti minima ulla', 'debitis'),
(2051, 835, 2, 'Culpa saepe sit quisquam fugit dolores numqua', 'sed'),
(2052, 835, 2, 'Provident possimus inventore error aperiam cu', 'saepe'),
(2053, 836, 3, 'Unde perferendis placeat soluta nostrum.', 'nobis'),
(2054, 836, 3, 'Aperiam itaque nihil libero nobis dicta tempo', 'necessitatibus'),
(2055, 837, 3, 'Necessitatibus aspernatur porro debitis verit', 'architecto'),
(2056, 837, 1, 'Quibusdam ipsa cumque a tempore deserunt.', 'nostrum'),
(2057, 838, 3, 'Iste illum natus tenetur ad ducimus quas.', 'beatae'),
(2058, 838, 2, 'Rerum fugit natus alias cumque eum ipsum.', 'placeat'),
(2059, 838, 1, 'Est distinctio nihil placeat expedita quis su', 'vel'),
(2060, 838, 1, 'Ad quam consectetur debitis quisquam.', 'eos'),
(2061, 839, 1, 'Dignissimos sequi similique maxime aliquid di', 'possimus'),
(2062, 839, 1, 'Odio dignissimos voluptatibus occaecati dolor', 'et'),
(2063, 839, 1, 'Autem maiores sed consequatur impedit volupta', 'perferendis'),
(2064, 840, 2, 'Corrupti quos quas fuga sit.', 'nostrum'),
(2065, 840, 3, 'Voluptatibus earum optio ipsa.', 'laborum'),
(2066, 840, 2, 'Quas recusandae pariatur sapiente.', 'officia'),
(2067, 841, 2, 'Veniam occaecati repudiandae necessitatibus s', 'voluptatum'),
(2068, 841, 3, 'Enim temporibus vel vel ut enim quod reiciend', 'accusamus'),
(2069, 841, 3, 'Odit cumque laborum.', 'in'),
(2070, 841, 2, 'Voluptatibus reiciendis corrupti placeat.', 'velit'),
(2071, 841, 1, 'Pariatur pariatur mollitia cupiditate beatae ', 'hic'),
(2072, 842, 3, 'Tempore voluptatem provident distinctio ducim', 'voluptatibus'),
(2073, 842, 2, 'Tempora dolorum vitae corrupti aspernatur mol', 'assumenda'),
(2074, 844, 2, 'Natus eos veritatis commodi consequuntur rem ', 'expedita'),
(2075, 845, 3, 'Aperiam ex labore debitis iusto non.', 'nobis'),
(2076, 845, 3, 'Soluta molestiae veniam nisi perferendis.', 'quibusdam'),
(2077, 845, 3, 'Dolorum quia eligendi optio atque soluta a ve', 'animi'),
(2078, 846, 1, 'Fuga incidunt doloremque.', 'inventore'),
(2079, 846, 1, 'Maiores nulla nihil voluptatem nobis.', 'officiis'),
(2080, 846, 1, 'Quidem consequatur iure consequuntur cumque.', 'distinctio'),
(2081, 847, 1, 'Dolor eos illum illum enim odit.', 'excepturi'),
(2082, 848, 2, 'Laudantium iste asperiores ex expedita non po', 'commodi'),
(2083, 849, 3, 'Sint corrupti blanditiis accusamus ad incidun', 'consequuntur'),
(2084, 849, 2, 'Quidem beatae dolorem nulla nesciunt.', 'blanditiis'),
(2085, 851, 2, 'Sequi voluptatem architecto fugiat.', 'atque'),
(2086, 851, 1, 'Nisi animi nobis ea.', 'atque'),
(2087, 851, 1, 'Fugit omnis natus accusantium.', 'debitis'),
(2088, 852, 3, 'Porro ab ea neque porro.', 'atque'),
(2089, 852, 3, 'Delectus est consequatur voluptatum.', 'corrupti'),
(2090, 852, 2, 'Optio sapiente debitis dolorem provident.', 'facere'),
(2091, 852, 2, 'Fugit nesciunt delectus dolorem ipsam.', 'itaque'),
(2092, 853, 1, 'Consectetur quia quas minima quis consectetur', 'labore'),
(2093, 853, 3, 'Repudiandae iste dolor perspiciatis rem fuga.', 'eligendi'),
(2094, 853, 1, 'Assumenda doloribus enim voluptatum eaque min', 'eaque'),
(2095, 854, 1, 'Illo exercitationem repudiandae voluptatibus ', 'tempore'),
(2096, 855, 1, 'Exercitationem labore quaerat atque fuga.', 'recusandae'),
(2097, 856, 1, 'Suscipit consectetur commodi explicabo blandi', 'recusandae'),
(2098, 857, 3, 'Repudiandae consectetur asperiores sed.', 'eius'),
(2099, 858, 1, 'In non ea repellat vel.', 'sit'),
(2100, 858, 2, 'Natus aperiam adipisci inventore nulla libero', 'vitae'),
(2101, 858, 1, 'Maxime possimus beatae ratione.', 'consectetur'),
(2102, 858, 3, 'Sed labore occaecati voluptatem aspernatur ra', 'suscipit'),
(2103, 858, 2, 'Similique expedita ad delectus eos.', 'iusto'),
(2104, 859, 1, 'Magnam nostrum eligendi quam quibusdam pariat', 'provident'),
(2105, 860, 1, 'Tempore provident velit hic est unde itaque i', 'earum'),
(2106, 861, 2, 'Harum veritatis quod cupiditate.', 'tenetur'),
(2107, 861, 2, 'Voluptatem amet ab expedita fugiat fuga.', 'dolorem'),
(2108, 862, 2, 'Nisi suscipit repellat iure amet.', 'inventore'),
(2109, 864, 1, 'Ipsum non sapiente deleniti.', 'quod'),
(2110, 865, 1, 'Minima odio aperiam perferendis commodi quo.', 'nisi'),
(2111, 865, 2, 'Error quisquam consequatur dolores.', 'cupiditate'),
(2112, 865, 1, 'Explicabo provident laudantium autem.', 'ad'),
(2113, 865, 3, 'Iure eveniet ullam vitae veniam.', 'delectus'),
(2114, 866, 2, 'Assumenda harum officiis.', 'alias'),
(2115, 866, 2, 'Eum incidunt fugiat voluptatum maxime.', 'non'),
(2116, 867, 3, 'Sequi ipsam dolor veritatis odio inventore as', 'esse'),
(2117, 867, 2, 'Impedit magnam consequatur illum.', 'ratione'),
(2118, 867, 2, 'Nihil iusto blanditiis culpa nostrum.', 'laudantium'),
(2119, 868, 3, 'Earum quod ipsam.', 'ab'),
(2120, 868, 3, 'Asperiores id sapiente ea.', 'sapiente'),
(2121, 868, 2, 'Corrupti praesentium harum iure ratione.', 'minus'),
(2122, 868, 2, 'Voluptates quidem tempore.', 'dolore'),
(2123, 869, 2, 'Sit maiores explicabo praesentium iure suscip', 'ut'),
(2124, 869, 3, 'Non facere provident provident suscipit deser', 'asperiores'),
(2125, 869, 3, 'Expedita quas quo tempore nemo praesentium er', 'cum'),
(2126, 869, 3, 'Voluptas possimus eligendi odio ipsum.', 'architecto'),
(2127, 869, 1, 'Ratione esse nesciunt quo.', 'modi'),
(2128, 870, 3, 'Maxime recusandae voluptate magni culpa.', 'illum'),
(2129, 873, 1, 'Earum vel quos.', 'cupiditate'),
(2130, 874, 3, 'Exercitationem beatae dicta nam sit dolores i', 'vitae'),
(2131, 874, 2, 'Consectetur excepturi ex iure praesentium tem', 'illo'),
(2132, 875, 1, 'Molestias earum inventore officiis.', 'deleniti'),
(2133, 875, 3, 'Mollitia animi doloremque nam corporis nostru', 'repellendus'),
(2134, 875, 1, 'Quisquam deleniti ut consectetur repudiandae ', 'perferendis'),
(2135, 876, 2, 'Non numquam delectus itaque enim aperiam.', 'consequatur'),
(2136, 876, 1, 'Libero ipsum natus exercitationem incidunt fu', 'magnam'),
(2137, 877, 1, 'Reiciendis veritatis repellat quam.', 'architecto'),
(2138, 877, 3, 'Est harum expedita aut.', 'quod'),
(2139, 877, 2, 'Fugiat earum saepe nostrum modi blanditiis.', 'nesciunt'),
(2140, 877, 2, 'Modi quae consequatur ex doloremque.', 'ab'),
(2141, 878, 1, 'Ipsum voluptatibus blanditiis nesciunt.', 'harum'),
(2142, 878, 2, 'Animi ratione accusamus maiores deleniti.', 'totam'),
(2143, 878, 3, 'Illum aliquid ipsam nihil doloremque vitae.', 'aliquid'),
(2144, 878, 3, 'Laudantium quo dignissimos repellat.', 'suscipit'),
(2145, 878, 1, 'Repellat libero omnis error autem error.', 'praesentium'),
(2146, 879, 1, 'Voluptatibus labore fugit ipsum.', 'eos'),
(2147, 881, 1, 'Molestiae accusamus culpa nulla cupiditate am', 'ipsa'),
(2148, 882, 3, 'Dicta esse provident quia enim error reprehen', 'rerum'),
(2149, 882, 1, 'Dolores fugiat ad error accusantium expedita ', 'at'),
(2150, 882, 2, 'Deleniti expedita soluta labore quis illum no', 'ducimus'),
(2151, 883, 1, 'Quam id fugiat illo dicta aliquid debitis.', 'delectus'),
(2152, 883, 1, 'Natus sint quos quidem ratione.', 'cumque'),
(2153, 883, 3, 'Minima quis aut perferendis.', 'nobis'),
(2154, 884, 3, 'Provident in ducimus perferendis architecto.', 'ipsa'),
(2155, 885, 2, 'Rerum earum error illum natus magni eum.', 'neque'),
(2156, 885, 2, 'Facilis beatae saepe aliquam culpa.', 'cum'),
(2157, 885, 3, 'Atque fugit quos impedit nihil.', 'nisi'),
(2158, 885, 2, 'Sint similique ratione.', 'debitis'),
(2159, 886, 2, 'Tempore rerum magni architecto adipisci reici', 'minima'),
(2160, 888, 1, 'Perferendis accusantium incidunt animi accusa', 'sed'),
(2161, 888, 1, 'Nostrum quaerat explicabo.', 'dolore'),
(2162, 888, 2, 'Incidunt eos officiis nam.', 'consequuntur'),
(2163, 889, 2, 'Ad recusandae cumque.', 'blanditiis'),
(2164, 890, 2, 'Ex beatae reprehenderit.', 'id'),
(2165, 890, 2, 'Explicabo beatae eligendi libero ullam nesciu', 'deleniti'),
(2166, 890, 2, 'Nihil fugit adipisci accusantium voluptas dol', 'velit'),
(2167, 891, 3, 'Odio nesciunt esse.', 'ratione'),
(2168, 892, 2, 'Expedita nisi odit minus rem commodi at.', 'rem'),
(2169, 893, 3, 'Reprehenderit nemo perferendis fugiat.', 'quas'),
(2170, 893, 1, 'Consequatur natus ipsum quas commodi quasi.', 'porro'),
(2171, 893, 1, 'Soluta error dolor.', 'accusamus'),
(2172, 895, 3, 'Maxime eligendi temporibus possimus provident', 'enim'),
(2173, 895, 3, 'Deleniti dolorem commodi natus quo libero acc', 'beatae'),
(2174, 895, 3, 'Occaecati rem debitis vel libero magnam.', 'explicabo'),
(2175, 895, 2, 'Deleniti possimus adipisci occaecati atque re', 'magni'),
(2176, 895, 1, 'Ullam dolore odio dolorum illum consectetur a', 'necessitatibus'),
(2177, 896, 3, 'Asperiores in tenetur laborum vitae voluptate', 'aut'),
(2178, 896, 2, 'Libero molestias saepe.', 'doloremque'),
(2179, 896, 3, 'Eaque fugiat minus laudantium.', 'provident'),
(2180, 898, 1, 'Modi et ea earum provident asperiores laudant', 'laborum'),
(2181, 899, 2, 'Delectus non impedit illum eum veniam consequ', 'vel'),
(2182, 899, 2, 'Harum non natus magni ratione blanditiis earu', 'minus'),
(2183, 899, 1, 'Perferendis aliquid modi aperiam eaque.', 'saepe'),
(2184, 900, 1, 'Velit architecto atque itaque voluptatem numq', 'totam'),
(2185, 900, 1, 'Consequuntur deleniti inventore animi cupidit', 'quos'),
(2186, 900, 3, 'Odit id eligendi dolorem omnis natus porro re', 'eaque');
INSERT INTO achievement(id, part, qty, type_of_achievement, date_aquired, person_id)
VALUES(1, 30, 1,'اجازة', '2007-11-22', 56),
(2, 26, 1,'تلاوة', '2009-06-12', 93),
(3, 15, 6,'غيبي', '2012-10-07', 76),
(4, 2, 16,'اجازة', '1970-09-15', 2),
(5, 5, 13,'اجازة', '1991-01-16', 27),
(6, 23, 4,'تلاوة', '1991-05-19', 32),
(7, 2, 4,'غيبي', '1973-06-15', 81),
(8, 14, 5,'اجازة', '2016-01-18', 21),
(9, 27, 4,'تلاوة', '1992-07-10', 9),
(10, 17, 3,'غيبي', '1982-01-22', 6),
(11, 12, 3,'تلاوة', '1988-09-21', 36),
(12, 20, 1,'غيبي', '2019-02-10', 55),
(13, 27, 3,'تلاوة', '1980-10-04', 44),
(14, 20, 1,'تلاوة', '2004-08-12', 42),
(15, 18, 8,'تلاوة', '2008-07-13', 56),
(16, 29, 1,'تلاوة', '1997-04-22', 54),
(17, 4, 24,'اجازة', '2005-11-05', 59),
(18, 21, 6,'تلاوة', '2006-06-06', 48),
(19, 1, 4,'اجازة', '1976-05-05', 2),
(20, 3, 28,'غيبي', '1989-12-10', 55);
INSERT INTO exam(id, supervisor_id, student_level_id, exam_type, part, qty, exam_date)
VALUES(1, 94, 24, 'مرحلي', 29, 9, '1982-09-11'),
(2, 98, 25, 'انتقالي', 17, 5, '1970-02-01'),
(3, 93, 26, 'انتقالي', 8, 25, '1997-10-30'),
(4, 92, 27, 'انتقالي', 11, 13, '1989-11-26'),
(5, 93, 28, 'انتقالي', 9, 20, '2009-02-25'),
(6, 97, 29, 'انتقالي', 2, 23, '1980-01-31'),
(7, 91, 30, 'انتقالي', 20, 25, '1999-09-12'),
(8, 95, 31, 'مرحلي', 1, 5, '2011-04-26'),
(9, 100, 32, 'انتقالي', 4, 16, '1972-05-17'),
(10, 97, 33, 'انتقالي', 26, 29, '1981-12-09'),
(11, 92, 34, 'انتقالي', 3, 7, '2012-09-29'),
(12, 93, 35, 'مرحلي', 15, 29, '2019-09-10'),
(13, 95, 36, 'انتقالي', 12, 9, '1972-11-01'),
(14, 92, 37, 'انتقالي', 29, 8, '1991-10-16'),
(15, 91, 38, 'انتقالي', 19, 19, '1990-12-10'),
(16, 95, 39, 'مرحلي', 2, 16, '1978-04-20'),
(17, 96, 40, 'مرحلي', 28, 22, '1983-05-19'),
(18, 99, 41, 'انتقالي', 29, 18, '1990-05-09'),
(19, 95, 42, 'انتقالي', 8, 22, '2023-07-30'),
(20, 100, 43, 'مرحلي', 30, 26, '1999-02-20'),
(21, 96, 44, 'انتقالي', 25, 26, '1990-11-06'),
(22, 98, 45, 'مرحلي', 28, 29, '2011-07-14'),
(23, 97, 46, 'انتقالي', 6, 5, '2000-08-27'),
(24, 98, 47, 'انتقالي', 10, 29, '1999-10-15'),
(25, 98, 48, 'مرحلي', 16, 24, '2017-03-26'),
(26, 91, 49, 'انتقالي', 16, 27, '1998-08-20'),
(27, 99, 50, 'مرحلي', 18, 12, '2023-08-15'),
(28, 95, 51, 'مرحلي', 23, 26, '2023-04-16'),
(29, 96, 52, 'مرحلي', 12, 7, '1997-12-02'),
(30, 94, 53, 'انتقالي', 2, 10, '2015-01-11'),
(31, 98, 54, 'مرحلي', 23, 2, '2018-07-21'),
(32, 100, 55, 'مرحلي', 14, 28, '2025-05-09'),
(33, 92, 56, 'مرحلي', 18, 19, '1993-01-03'),
(34, 94, 57, 'انتقالي', 15, 22, '1973-11-18'),
(35, 93, 58, 'مرحلي', 5, 5, '1983-07-11'),
(36, 91, 59, 'انتقالي', 13, 11, '2007-01-01'),
(37, 98, 60, 'مرحلي', 24, 3, '1980-11-11'),
(38, 95, 61, 'مرحلي', 22, 10, '2002-02-08'),
(39, 97, 62, 'انتقالي', 9, 11, '2024-07-11'),
(40, 94, 63, 'انتقالي', 13, 12, '1974-04-17'),
(41, 92, 64, 'انتقالي', 21, 12, '2016-12-17'),
(42, 99, 65, 'انتقالي', 15, 24, '1998-01-05'),
(43, 97, 66, 'انتقالي', 18, 9, '1990-12-26'),
(44, 96, 67, 'مرحلي', 4, 24, '2003-05-16'),
(45, 92, 68, 'انتقالي', 3, 8, '2007-10-25'),
(46, 97, 69, 'انتقالي', 18, 1, '2012-10-29'),
(47, 92, 70, 'مرحلي', 4, 15, '2006-01-25'),
(48, 95, 71, 'مرحلي', 28, 3, '1975-01-31'),
(49, 91, 72, 'مرحلي', 19, 7, '2002-12-25'),
(50, 95, 73, 'انتقالي', 15, 11, '1987-09-01'),
(51, 99, 74, 'مرحلي', 21, 26, '1975-07-24'),
(52, 100, 75, 'مرحلي', 29, 17, '2019-04-26'),
(53, 93, 76, 'انتقالي', 26, 20, '2013-10-19');
INSERT INTO exam_error(error_id, exam_id, details, error_word)
VALUES(3, 1, 'Id consequatur.', 'doloremque'),
(3, 2, 'Ipsum at.', 'nam'),
(3, 3, 'Molestiae.', 'qui'),
(1, 4, 'Voluptas deleniti.', 'ipsa'),
(3, 5, 'Odit ea.', 'eligendi'),
(3, 6, 'Deleniti quo.', 'labore'),
(3, 7, 'Iusto rerum.', 'earum'),
(3, 8, 'Tempore quidem.', 'animi'),
(1, 9, 'Accusamus similique.', 'facere'),
(1, 10, 'Dicta.', 'maxime'),
(3, 11, 'Aut at.', 'voluptate'),
(1, 12, 'Aliquam.', 'et'),
(1, 13, 'Porro.', 'temporibus'),
(2, 14, 'Eos.', 'at'),
(2, 15, 'Quidem.', 'eos'),
(3, 16, 'Libero nobis.', 'quae'),
(3, 17, 'At repellat.', 'adipisci'),
(2, 18, 'Quam.', 'magnam'),
(2, 19, 'Ipsa numquam.', 'iusto'),
(1, 20, 'Dolorum laborum.', 'officia'),
(3, 21, 'Hic.', 'quidem'),
(3, 22, 'Voluptate.', 'necessitatibus'),
(1, 23, 'Quidem.', 'fuga'),
(2, 24, 'Id esse.', 'maxime'),
(2, 25, 'Omnis fugit.', 'expedita'),
(1, 26, 'Ipsum.', 'labore'),
(3, 27, 'Eligendi distinctio.', 'ab'),
(2, 28, 'Perspiciatis maiores.', 'modi'),
(1, 29, 'Quaerat.', 'reprehenderit'),
(1, 30, 'Animi aperiam.', 'aliquid'),
(3, 31, 'Sequi.', 'nobis'),
(3, 32, 'Sint.', 'saepe'),
(2, 33, 'Consequatur.', 'dolorum'),
(1, 34, 'Assumenda dolores.', 'deleniti'),
(2, 35, 'Nobis.', 'deleniti'),
(2, 36, 'Eos.', 'corporis'),
(1, 37, 'Aspernatur qui.', 'blanditiis'),
(1, 38, 'Aliquam.', 'non'),
(2, 39, 'Voluptate hic.', 'illum'),
(1, 40, 'Maxime temporibus.', 'ullam'),
(1, 41, 'Rerum.', 'itaque'),
(3, 42, 'Aperiam eaque.', 'commodi'),
(2, 43, 'Nulla eius.', 'corrupti'),
(2, 44, 'Suscipit.', 'eum'),
(2, 45, 'Fugiat illo.', 'cupiditate'),
(3, 46, 'Tempora eveniet.', 'laborum'),
(3, 47, 'Voluptate quis.', 'eos'),
(3, 48, 'Recusandae doloremque.', 'earum'),
(3, 49, 'Excepturi.', 'vero'),
(1, 50, 'Numquam exercitationem.', 'libero'),
(1, 51, 'Ipsa rem.', 'exercitationem'),
(2, 52, 'Nihil.', 'nostrum'),
(1, 53, 'Maiores ratione.', 'numquam');
INSERT INTO activity_type(id, name)
VALUES(1, 'حديث'),
(2, 'فقه'),
(3, 'عقيدة'),
(4, 'سيرة'),
(5, 'صحابة'),
(6, 'تدبّر'),
(7, 'لغتي وقرآني'),
(8, 'نظم الجزريّة'),
(9, 'تجويد'),
(10, 'أسماء الله الحسنى');
INSERT INTO activity(id, title, activity_type_id, coordinator_id, presenter_id, activity_date)
VALUES(1, 'Commodi molestias dolor.', 2, 96, 96,'2005-07-14'),
(2, 'Laborum exercitationem doloribus voluptate possimus.', 3, 95, 95,'2007-03-13'),
(3, 'Consequuntur corrupti voluptatum.', 1, 91, 98,'2012-06-14'),
(4, 'Earum velit minima.', 9, 100, 94,'2024-12-13'),
(5, 'Fugiat officia.', 6, 92, 100,'2005-01-27'),
(6, 'Suscipit tempore.', 3, 97, 96,'1986-12-24'),
(7, 'Laudantium illum esse.', 9, 92, 91,'1991-04-10'),
(8, 'Velit numquam deserunt magnam.', 8, 93, 92,'2021-11-25'),
(9, 'Expedita in doloremque.', 3, 97, 97,'1998-01-26'),
(10, 'Dolor cum.', 7, 91, 94,'2007-03-24'),
(11, 'Et et soluta.', 6, 94, 91,'2001-05-22'),
(12, 'Amet fugiat quia tempore.', 9, 99, 98,'1983-01-30'),
(13, 'Voluptatibus incidunt ea.', 9, 100, 92,'1974-12-29'),
(14, 'Alias perferendis laborum cum.', 10, 95, 100,'1998-10-23'),
(15, 'Dolore optio similique ratione neque.', 6, 97, 100,'1975-04-11'),
(16, 'Dolorum nemo ut.', 1, 91, 91,'2011-06-06'),
(17, 'Voluptas maxime explicabo reprehenderit neque.', 6, 100, 97,'1984-01-05'),
(18, 'Veritatis accusantium earum eveniet ipsum.', 10, 93, 96,'1988-05-01'),
(19, 'Adipisci necessitatibus quidem atque eligendi.', 3, 91, 96,'2010-07-20'),
(20, 'Sunt quasi.', 1, 91, 98,'1987-03-20');
INSERT INTO activity_student(id, activity_id, student_id)
VALUES(1, '11', '83'),
(2, '6', '14'),
(3, '5', '11'),
(4, '2', '52'),
(5, '6', '80'),
(6, '13', '30'),
(7, '3', '36'),
(8, '18', '77'),
(9, '16', '67'),
(10, '1', '57'),
(11, '6', '39'),
(12, '3', '23'),
(13, '11', '21'),
(14, '19', '13'),
(15, '4', '34'),
(16, '6', '52'),
(17, '19', '79'),
(18, '3', '70'),
(19, '5', '40'),
(20, '12', '38'),
(21, '14', '6'),
(22, '8', '74'),
(23, '11', '60'),
(24, '15', '42'),
(25, '12', '52'),
(26, '17', '73'),
(27, '11', '12'),
(28, '1', '2'),
(29, '12', '26'),
(30, '4', '23'),
(31, '4', '75'),
(32, '2', '41'),
(33, '4', '31'),
(34, '17', '44'),
(35, '15', '48'),
(36, '7', '21'),
(37, '17', '6'),
(38, '16', '34'),
(39, '8', '6'),
(40, '1', '51'),
(41, '5', '12'),
(42, '6', '87'),
(43, '3', '52'),
(44, '6', '16'),
(45, '15', '1'),
(46, '7', '65'),
(47, '17', '18'),
(48, '14', '90'),
(49, '18', '20'),
(50, '19', '65'),
(51, '8', '38'),
(52, '11', '25'),
(53, '19', '39'),
(54, '12', '18'),
(55, '18', '29'),
(56, '18', '47'),
(57, '12', '16'),
(58, '4', '13'),
(59, '15', '62'),
(60, '18', '11'),
(61, '5', '24'),
(62, '11', '66'),
(63, '14', '77'),
(64, '2', '75'),
(65, '10', '11'),
(66, '19', '18'),
(67, '4', '30'),
(68, '6', '28'),
(69, '16', '20'),
(70, '5', '15'),
(71, '18', '19'),
(72, '17', '84'),
(73, '3', '47'),
(74, '1', '13'),
(75, '2', '87'),
(76, '13', '52'),
(77, '4', '39'),
(78, '11', '90'),
(79, '9', '3'),
(80, '1', '19'),
(81, '8', '59'),
(82, '7', '66'),
(83, '6', '54'),
(84, '8', '89'),
(85, '19', '82'),
(86, '13', '87'),
(87, '18', '2'),
(88, '11', '7'),
(89, '3', '24'),
(90, '18', '67'),
(91, '13', '9'),
(92, '16', '44'),
(93, '19', '44'),
(94, '15', '74'),
(95, '4', '22'),
(96, '12', '82'),
(97, '18', '15'),
(98, '3', '33'),
(99, '5', '11'),
(100, '8', '86'),
(101, '4', '42'),
(102, '1', '26'),
(103, '5', '12'),
(104, '8', '58'),
(105, '10', '74'),
(106, '7', '11'),
(107, '13', '48'),
(108, '4', '80'),
(109, '19', '11'),
(110, '5', '43'),
(111, '4', '51'),
(112, '8', '63'),
(113, '14', '12'),
(114, '19', '48'),
(115, '15', '2'),
(116, '14', '77'),
(117, '9', '38'),
(118, '12', '40'),
(119, '16', '37'),
(120, '18', '30'),
(121, '10', '44'),
(122, '12', '43'),
(123, '7', '85'),
(124, '14', '8'),
(125, '19', '49'),
(126, '20', '84'),
(127, '20', '10'),
(128, '16', '77'),
(129, '5', '19'),
(130, '7', '12'),
(131, '14', '89'),
(132, '7', '62'),
(133, '4', '57'),
(134, '20', '61'),
(135, '16', '6'),
(136, '9', '33'),
(137, '4', '12'),
(138, '12', '15'),
(139, '5', '44'),
(140, '1', '24'),
(141, '3', '65'),
(142, '20', '48'),
(143, '1', '4'),
(144, '8', '85'),
(145, '14', '83'),
(146, '18', '54'),
(147, '18', '56'),
(148, '1', '64'),
(149, '6', '64'),
(150, '1', '59'),
(151, '12', '33'),
(152, '15', '84'),
(153, '6', '77'),
(154, '5', '53'),
(155, '17', '12'),
(156, '13', '77'),
(157, '20', '1'),
(158, '7', '42'),
(159, '6', '53'),
(160, '9', '25'),
(161, '3', '59'),
(162, '2', '13'),
(163, '16', '85'),
(164, '11', '73'),
(165, '4', '85'),
(166, '13', '13'),
(167, '15', '81'),
(168, '19', '46'),
(169, '13', '60'),
(170, '14', '45'),
(171, '19', '43'),
(172, '17', '16'),
(173, '18', '41'),
(174, '7', '43'),
(175, '2', '30'),
(176, '19', '35'),
(177, '19', '87'),
(178, '8', '83'),
(179, '10', '14'),
(180, '18', '57'),
(181, '18', '60'),
(182, '6', '33'),
(183, '14', '46'),
(184, '19', '25'),
(185, '1', '35'),
(186, '8', '49'),
(187, '3', '30'),
(188, '7', '73'),
(189, '11', '87'),
(190, '5', '49'),
(191, '2', '17'),
(192, '7', '29'),
(193, '8', '64'),
(194, '3', '83'),
(195, '6', '44'),
(196, '2', '88'),
(197, '11', '90'),
(198, '18', '32'),
(199, '12', '66'),
(200, '3', '6'),
(201, '13', '6'),
(202, '10', '5'),
(203, '12', '10'),
(204, '11', '66'),
(205, '13', '63'),
(206, '2', '61'),
(207, '5', '25'),
(208, '2', '35'),
(209, '1', '79'),
(210, '14', '52'),
(211, '14', '15'),
(212, '3', '69'),
(213, '5', '80'),
(214, '20', '25'),
(215, '2', '10'),
(216, '14', '39'),
(217, '1', '31'),
(218, '11', '68'),
(219, '10', '80'),
(220, '3', '77'),
(221, '7', '9'),
(222, '14', '51'),
(223, '11', '68'),
(224, '20', '89'),
(225, '15', '4'),
(226, '8', '78'),
(227, '4', '63'),
(228, '14', '87'),
(229, '1', '11'),
(230, '11', '52'),
(231, '16', '80'),
(232, '20', '7'),
(233, '10', '2'),
(234, '4', '32'),
(235, '10', '46'),
(236, '9', '20'),
(237, '8', '23'),
(238, '16', '29'),
(239, '8', '20'),
(240, '10', '25'),
(241, '12', '50'),
(242, '17', '82'),
(243, '8', '17'),
(244, '11', '23'),
(245, '19', '86'),
(246, '19', '90'),
(247, '1', '81'),
(248, '7', '1'),
(249, '19', '50'),
(250, '18', '42'),
(251, '2', '46'),
(252, '2', '48'),
(253, '8', '47'),
(254, '16', '7'),
(255, '12', '61'),
(256, '12', '12'),
(257, '3', '33'),
(258, '2', '27'),
(259, '6', '75'),
(260, '2', '2'),
(261, '6', '50'),
(262, '16', '24'),
(263, '10', '26'),
(264, '9', '12'),
(265, '17', '33'),
(266, '17', '40'),
(267, '13', '90'),
(268, '12', '68'),
(269, '2', '3'),
(270, '2', '33'),
(271, '6', '26'),
(272, '9', '81'),
(273, '15', '12'),
(274, '18', '61'),
(275, '2', '74'),
(276, '5', '34'),
(277, '12', '15'),
(278, '8', '89'),
(279, '16', '24'),
(280, '18', '1'),
(281, '18', '37'),
(282, '13', '46'),
(283, '20', '16'),
(284, '16', '83'),
(285, '17', '14'),
(286, '9', '82'),
(287, '16', '46'),
(288, '6', '36'),
(289, '3', '28'),
(290, '3', '88'),
(291, '17', '84'),
(292, '14', '14'),
(293, '11', '44'),
(294, '6', '90'),
(295, '17', '43'),
(296, '14', '9'),
(297, '1', '6'),
(298, '19', '21'),
(299, '7', '48'),
(300, '5', '84'),
(301, '18', '29'),
(302, '1', '76'),
(303, '1', '50'),
(304, '2', '71'),
(305, '3', '58'),
(306, '6', '5'),
(307, '2', '38'),
(308, '6', '42'),
(309, '20', '39'),
(310, '13', '80'),
(311, '2', '65'),
(312, '11', '43'),
(313, '1', '70'),
(314, '11', '11'),
(315, '2', '39'),
(316, '5', '68'),
(317, '1', '23'),
(318, '15', '60'),
(319, '11', '72'),
(320, '2', '46'),
(321, '16', '36'),
(322, '18', '21'),
(323, '12', '72'),
(324, '14', '54'),
(325, '7', '58'),
(326, '6', '59'),
(327, '14', '25'),
(328, '13', '46'),
(329, '4', '81'),
(330, '13', '5'),
(331, '2', '75'),
(332, '13', '6'),
(333, '17', '82'),
(334, '15', '3'),
(335, '14', '82'),
(336, '15', '59'),
(337, '17', '31'),
(338, '9', '49'),
(339, '8', '49'),
(340, '18', '60'),
(341, '10', '36'),
(342, '19', '56'),
(343, '2', '28'),
(344, '9', '28'),
(345, '1', '13'),
(346, '7', '77'),
(347, '4', '28'),
(348, '14', '42'),
(349, '18', '74'),
(350, '19', '47'),
(351, '15', '19'),
(352, '18', '78'),
(353, '7', '82'),
(354, '17', '24'),
(355, '20', '90'),
(356, '4', '54'),
(357, '10', '8'),
(358, '7', '35'),
(359, '12', '31'),
(360, '9', '75'),
(361, '4', '45'),
(362, '3', '39'),
(363, '3', '32'),
(364, '14', '7'),
(365, '6', '71'),
(366, '18', '83'),
(367, '7', '84'),
(368, '4', '16'),
(369, '20', '83'),
(370, '1', '79'),
(371, '5', '63'),
(372, '9', '51'),
(373, '9', '53'),
(374, '1', '73'),
(375, '14', '3'),
(376, '11', '51'),
(377, '7', '62'),
(378, '10', '83'),
(379, '5', '48'),
(380, '3', '23'),
(381, '11', '80'),
(382, '12', '76'),
(383, '7', '46'),
(384, '2', '88'),
(385, '11', '30'),
(386, '11', '72'),
(387, '19', '64'),
(388, '16', '45'),
(389, '13', '23'),
(390, '14', '40'),
(391, '19', '27'),
(392, '15', '71'),
(393, '4', '34'),
(394, '9', '45'),
(395, '19', '81'),
(396, '15', '35'),
(397, '4', '57'),
(398, '5', '73'),
(399, '4', '80'),
(400, '16', '9'),
(401, '14', '6'),
(402, '16', '61'),
(403, '11', '89'),
(404, '15', '48'),
(405, '18', '41'),
(406, '10', '14'),
(407, '14', '57'),
(408, '13', '23'),
(409, '15', '6'),
(410, '1', '89'),
(411, '11', '44'),
(412, '7', '85'),
(413, '4', '16'),
(414, '20', '22'),
(415, '9', '38'),
(416, '13', '42'),
(417, '12', '78'),
(418, '14', '46'),
(419, '12', '54'),
(420, '20', '78'),
(421, '17', '42'),
(422, '4', '74'),
(423, '5', '49'),
(424, '10', '2'),
(425, '6', '24'),
(426, '13', '51'),
(427, '15', '61'),
(428, '8', '53'),
(429, '20', '28'),
(430, '4', '28'),
(431, '10', '73'),
(432, '12', '34'),
(433, '14', '39'),
(434, '3', '35'),
(435, '10', '20'),
(436, '2', '74'),
(437, '4', '67'),
(438, '14', '74'),
(439, '20', '38'),
(440, '4', '24'),
(441, '11', '89'),
(442, '12', '78'),
(443, '6', '71'),
(444, '11', '11'),
(445, '1', '69'),
(446, '13', '82'),
(447, '17', '16'),
(448, '2', '19'),
(449, '12', '18'),
(450, '6', '22'),
(451, '5', '17'),
(452, '1', '19'),
(453, '6', '75'),
(454, '3', '30'),
(455, '5', '78'),
(456, '18', '23'),
(457, '15', '72'),
(458, '1', '69'),
(459, '15', '40'),
(460, '17', '1'),
(461, '16', '13'),
(462, '6', '50'),
(463, '7', '78'),
(464, '15', '63'),
(465, '7', '70'),
(466, '7', '20'),
(467, '16', '81'),
(468, '6', '81'),
(469, '9', '27'),
(470, '11', '14'),
(471, '18', '20'),
(472, '20', '64'),
(473, '12', '9'),
(474, '1', '61'),
(475, '13', '78'),
(476, '12', '29'),
(477, '3', '70'),
(478, '13', '59'),
(479, '17', '57'),
(480, '16', '55'),
(481, '11', '75'),
(482, '10', '84'),
(483, '1', '64'),
(484, '19', '34'),
(485, '9', '89'),
(486, '19', '17'),
(487, '18', '38'),
(488, '8', '36'),
(489, '15', '44'),
(490, '3', '31'),
(491, '5', '33'),
(492, '4', '27'),
(493, '3', '39'),
(494, '1', '56'),
(495, '12', '70'),
(496, '17', '38'),
(497, '19', '49'),
(498, '4', '31'),
(499, '17', '38'),
(500, '15', '90'),
(501, '18', '17'),
(502, '10', '84'),
(503, '7', '49'),
(504, '1', '11'),
(505, '4', '68'),
(506, '15', '46'),
(507, '20', '83'),
(508, '17', '59'),
(509, '7', '20'),
(510, '15', '28'),
(511, '19', '23'),
(512, '1', '19'),
(513, '1', '36'),
(514, '16', '53'),
(515, '1', '83'),
(516, '12', '6'),
(517, '12', '78'),
(518, '3', '48'),
(519, '14', '48'),
(520, '20', '9'),
(521, '15', '33'),
(522, '9', '89'),
(523, '14', '26'),
(524, '4', '31'),
(525, '8', '89'),
(526, '15', '62'),
(527, '12', '18'),
(528, '19', '86'),
(529, '10', '40'),
(530, '5', '76'),
(531, '11', '74'),
(532, '18', '19'),
(533, '7', '3'),
(534, '10', '6'),
(535, '13', '2'),
(536, '8', '2'),
(537, '6', '8'),
(538, '3', '21'),
(539, '11', '37'),
(540, '1', '74'),
(541, '1', '32'),
(542, '13', '15'),
(543, '14', '55'),
(544, '3', '38'),
(545, '7', '46'),
(546, '13', '29'),
(547, '4', '83'),
(548, '9', '23'),
(549, '17', '37'),
(550, '19', '75'),
(551, '3', '17'),
(552, '5', '12'),
(553, '14', '26'),
(554, '15', '17'),
(555, '5', '69'),
(556, '1', '45'),
(557, '14', '47'),
(558, '17', '9'),
(559, '6', '54'),
(560, '1', '75'),
(561, '14', '4'),
(562, '4', '12'),
(563, '18', '83'),
(564, '11', '6'),
(565, '3', '59'),
(566, '5', '18'),
(567, '10', '29'),
(568, '6', '60'),
(569, '5', '50'),
(570, '13', '77'),
(571, '15', '20'),
(572, '6', '11'),
(573, '10', '48'),
(574, '13', '1'),
(575, '17', '10'),
(576, '15', '22'),
(577, '17', '85'),
(578, '5', '5'),
(579, '15', '57'),
(580, '7', '40'),
(581, '7', '26'),
(582, '8', '14'),
(583, '2', '7'),
(584, '19', '42'),
(585, '12', '38'),
(586, '10', '57'),
(587, '8', '44'),
(588, '8', '39'),
(589, '10', '23'),
(590, '10', '90'),
(591, '15', '48'),
(592, '3', '8'),
(593, '17', '74'),
(594, '8', '25'),
(595, '9', '88'),
(596, '19', '4'),
(597, '9', '62'),
(598, '8', '25'),
(599, '8', '5'),
(600, '13', '84');        COMMIT;

        SET SQL_MODE=@OLD_SQL_MODE;
        SET FOREIGN_KEY_CHECKS=@OLD_FOREIGN_KEY_CHECKS;
        SET UNIQUE_CHECKS=@OLD_UNIQUE_CHECKS;
        SET autocommit=@old_autocommit;
    