        SET NAMES utf8mb4;
        SET @OLD_UNIQUE_CHECKS=@@UNIQUE_CHECKS, UNIQUE_CHECKS=0;
        SET @OLD_FOREIGN_KEY_CHECKS=@@FOREIGN_KEY_CHECKS, FOREIGN_KEY_CHECKS=0;
        SET @OLD_SQL_MODE=@@SQL_MODE, SQL_MODE='TRADITIONAL';
        SET @old_autocommit=@@autocommit;

        USE wrattel;

        SET AUTOCOMMIT=0;

    INSERT INTO person (id, fname, lname, year_of_study, contact_number, join_date, email, address)
VALUES(1, 'سالم', 'الدباغ', 1, '863-573-986', '2012-03-01', 'mlrshd@yahoo.com', 'PSC 9516, Box 2242\nAPO AE 58723'),
(2, 'رباح', 'آل رفيع', 1, '179-627-055', '1993-05-21', 'lshyrby@hotmail.com', '11673 المهيدب Mission Apt. 055\nدهمانstad, TX 73000'),
(3, 'شاكر', 'المشاولة', 3, '526-405-009', '2024-06-08', 'mkhlsfsyl@gmail.com', '6523 مقدام Stream\nNew نجم الدّين, ID 15466'),
(4, 'لاما', 'آل الشيخ', 1, '203-628-144', '1991-04-03', 'qtz65@yahoo.com', '17916 آل عواض Motorway\nNew رواءmouth, ND 35784'),
(5, 'فتحي', 'آل رفيع', 4, '173-478-221', '1981-08-31', 'khldwn04@gmail.com', '7228 آل بن ظافر Valleys Suite 724\nSouth عتريسfort, GA 07292'),
(6, 'عبد الحيّ', 'الحكير', 5, '658-320-827', '1973-06-27', 'blsm39@hotmail.com', '519 المشاولة Manors\nWest رضوانmouth, NY 59942'),
(7, 'يسرى', 'حنبولي', 3, '156-678-470', '2004-10-24', 'fysllmgwl@yahoo.com', '316 مخلص Harbor Apt. 860\nآل معيضfurt, AS 82760'),
(8, 'بارعة', 'فصيل', 1, '338-298-849', '1975-11-26', 'mrshdlqyl@hotmail.com', '23468 حجار Brook\nWest كارمland, SC 66565'),
(9, 'جلال', 'آل الشيخ', 1, '223-554-736', '1984-04-26', 'rmhyldbg@yahoo.com', '41225 أبا الخيل Villages\nآل مقطةland, ME 45387'),
(10, 'زين', 'العجلان', 1, '221-246-469', '1996-03-28', 'thmnbw-dwwd@yahoo.com', '9284 الخرافي Extension Suite 650\nالعجلانburgh, RI 31294'),
(11, 'ميرال', 'الحجار', 5, '950-336-396', '1996-07-11', 'aal-rfy@yahoo.com', '80976 مُرسي Landing\nNorth ابتكار, MS 47323'),
(12, 'زياد', 'حنبولي', 2, '202-708-580', '1978-08-19', 'lmhnmnsy@gmail.com', '50759 صنديد Summit\nآل مقطةshire, VA 56148'),
(13, 'هايدي', 'المهيدب', 3, '935-746-969', '1993-10-14', 'dwy37@yahoo.com', '4436 ثائر Throughway\nالعجلانburgh, WA 16982'),
(14, 'عبد الغني', 'بن لادن', 5, '601-678-173', '2024-05-06', 'qal-swd@hotmail.com', 'PSC 6265, Box 1539\nAPO AP 46845'),
(15, 'شامل', 'آل مقطة', 4, '944-757-728', '1975-03-07', 'gtfn56@hotmail.com', '2751 العليان Club\nWest قاصد, ME 75514'),
(16, 'سبأ', 'آل حسين', 1, '556-764-526', '2000-11-10', 'wal-wd@yahoo.com', '3524 كسّاب Crescent\nSouth خالدport, CO 79455'),
(17, 'عتاب', 'الحجار', 2, '293-283-472', '1971-02-09', 'tlt20@yahoo.com', '613 نمر Corner Apt. 743\nLake ضاحيmouth, MT 40000'),
(18, 'صقر', 'أبا الخيل', 4, '780-595-544', '1990-06-28', 'mr57@gmail.com', '08807 خطيب Lane Apt. 912\nفصيلhaven, PW 07282'),
(19, 'يارا', 'آل عواض', 1, '191-613-217', '1991-06-04', 'xal-ly@hotmail.com', '3277 فصيل Ridges\nرجاءstad, SD 95438'),
(20, 'تامر', 'حنبولي', 5, '109-392-837', '2021-09-26', 'glshy@yahoo.com', '4871 آل جعفر Views Suite 236\nNew عدنان, MI 51145'),
(21, 'زبير', 'آل صفوان', 1, '986-021-781', '2005-08-20', 'vljfly@gmail.com', '16081 حجار Rapid Suite 721\nقائدville, PW 18289'),
(22, 'علم الدّين', 'آل عايض', 1, '915-251-479', '1979-04-26', 'llynhy@gmail.com', '36355 آل علي Terrace Apt. 695\nNorth صائبfurt, ID 73321'),
(23, 'كنان', 'آل بن ظافر', 3, '731-367-738', '1986-03-06', 'lrshdmrym@hotmail.com', '6800 أبو داوود Springs Apt. 756\nLake رجاءmouth, IN 24260'),
(24, 'بيسان', 'الشايع', 5, '729-814-212', '1997-08-01', 'zzal-bn-zfr@yahoo.com', 'PSC 0970, Box 2018\nAPO AE 12490'),
(25, 'يعقوب', 'الجابر', 3, '882-297-382', '2011-11-18', 'bal-hsyn@hotmail.com', '57026 مازن Lodge\nآل محمد بن علي بن جمازland, AK 46799'),
(26, 'جرّاح', 'آل بن ظافر', 1, '574-511-588', '2004-09-21', 'hsn09@gmail.com', '546 العقيل Isle\nNorth سهوانmouth, OR 50584'),
(27, 'نزيه', 'آل عايض', 3, '032-468-494', '1992-03-11', 'bd-lltyflmhn@hotmail.com', '1795 جهاد Branch Suite 739\nعبد السّميعmouth, VT 99903'),
(28, 'قنوع', 'بقشان', 4, '560-380-053', '2011-11-09', 'ual-mqt@yahoo.com', '061 مرتجي Walks\nساطعbury, VI 41482'),
(29, 'ميثاق', 'بقشان', 1, '807-490-529', '1984-02-22', 'fal-mhmd-bn-ly-bn-jmz@hotmail.com', '5361 آل مقطة Key Apt. 540\nالحجارshire, MO 69691'),
(30, 'رواء', 'آل سلطان', 3, '540-682-759', '1981-03-24', 'llhjr@yahoo.com', '19962 مالك Course\nمُصلحside, OK 31419'),
(31, 'مازن', 'آل جعفر', 1, '009-178-527', '2016-06-21', 'oal-khdyr@yahoo.com', '3412 خاطر Inlet Suite 234\nEast شاطر, WA 07273'),
(32, 'رافع', 'آل عايض', 1, '047-339-227', '2016-10-09', 'br74@hotmail.com', '45738 آل الشيخ Meadow\nمكرّمport, SC 96755'),
(33, 'صنديد', 'آل علي', 1, '911-629-632', '1987-09-11', 'sbal-myd@hotmail.com', '208 آل قصير Cliff Apt. 906\nرشديfort, WA 70513'),
(34, 'يقين', 'كانو', 1, '089-740-887', '1991-08-05', 'mal-qsyr@yahoo.com', '98379 أبا الخيل Shore\nSouth خاطرtown, AK 07342'),
(35, 'جمان', 'المهيدب', 1, '869-469-806', '1972-10-19', 'sltnljbr@hotmail.com', '3390 بوران Street\nLake ترف, FM 92615'),
(36, 'نافع', 'آل سعود', 1, '248-862-337', '1990-03-01', 'vljfly@yahoo.com', '843 حنبولي Trace Apt. 186\nNew ساطعside, MA 25047'),
(37, 'ليث', 'حنبولي', 2, '577-147-868', '2011-02-23', 'al-sfwnbd-lrwzq@gmail.com', '74349 سلمان Branch\nSouth تحسين, IA 01797'),
(38, 'سعيد', 'المشاولة', 3, '319-513-502', '2008-04-07', 'lyn66@hotmail.com', '099 آل بن لافي Haven Suite 166\nعذبshire, NV 16408'),
(39, 'صادق', 'المهيدب', 4, '460-552-686', '1978-05-01', 'gljbr@hotmail.com', '963 أبو داوود Fort\nقنوعfurt, DE 37485'),
(40, 'باسمة', 'العليان', 2, '270-477-864', '1981-03-25', 'btwlal-sltn@gmail.com', '13105 آل محمد بن علي بن جماز Plain\nآل سعودstad, DE 45128'),
(41, 'مايا', 'آل عايض', 1, '179-169-037', '2012-06-29', 'blsmal-tf@gmail.com', '435 ثائر Canyon Apt. 843\nEast جوريّة, TN 93285'),
(42, 'جهراء', 'آل سعود', 3, '522-784-317', '1974-02-06', 'ysral-myd@gmail.com', '96653 ليث Forges\nكريمmouth, LA 72664'),
(43, 'روبا', 'أبا الخيل', 5, '383-622-843', '1993-04-28', 'ljlnkhtr@yahoo.com', '3433 الراشد Loop\nشفيعshire, NJ 63729'),
(44, 'محسن', 'بقشان', 3, '191-900-796', '1984-08-17', 'mmdwh03@gmail.com', '8533 الراشد Village Suite 660\nالعليانbury, KY 81906'),
(45, 'كاظم', 'آل حسين', 2, '190-059-787', '2007-09-06', 'mr18@gmail.com', '67475 لبيد Plain\nSouth محيي الدّين, ND 44364'),
(46, 'دانية', 'حنبولي', 4, '795-768-484', '1979-12-29', 'jll53@hotmail.com', '553 نسيب Glen\nNorth توفيقside, TN 89267'),
(47, 'مهران', 'آل الشيخ', 3, '785-607-530', '1998-07-04', 'sbhy76@hotmail.com', '514 قانت Causeway Apt. 516\nجوديside, MT 35189'),
(48, 'مُتولي', 'آل عواض', 1, '127-798-826', '2008-02-02', 'ly66@yahoo.com', '045 آل مقطة Heights Apt. 567\nالعليانfort, PR 82352'),
(49, 'زاخر', 'الجابر', 2, '241-035-614', '1999-09-08', 'mldbg@hotmail.com', 'PSC 3800, Box 4731\nAPO AA 33298'),
(50, 'طارق', 'الراشد', 4, '621-966-808', '2014-12-01', 'hndybqshn@hotmail.com', '38919 آل محمد بن علي بن جماز Circles\nWest فخريbury, HI 26788'),
(51, 'بيلسان', 'بن لادن', 1, '929-769-662', '1970-01-07', 'qyl58@hotmail.com', 'USNS آل سعود\nFPO AE 84998'),
(52, 'وسيم', 'آل خضير', 2, '408-154-511', '2010-10-07', 'lmshwlsfyn@hotmail.com', '937 ميار Villages\nPort رمزيbury, NH 88095'),
(53, 'عمير', 'المهنا', 4, '688-689-225', '2025-03-23', 'mhmwdljfly@gmail.com', '4600 وليف Rapids\nآل سعودton, GA 50281'),
(54, 'عاطف', 'الدباغ', 2, '743-142-440', '1988-02-11', 'blmlqyl@yahoo.com', '3688 عفيف Lane\nنصريfurt, NC 58747'),
(55, 'ممدوح', 'الحكير', 4, '254-159-380', '1981-08-31', 'ulshy@gmail.com', 'Unit 6202 Box 1348\nDPO AE 02358'),
(56, 'حارث', 'المهيدب', 1, '389-750-011', '2022-02-09', 'rlhkyr@yahoo.com', '69320 آل معيض Divide\nNew رحيب, NM 98291'),
(57, 'سامي', 'آل خضير', 4, '980-748-714', '1996-10-25', 'fkhrfsyl@hotmail.com', '445 صباح Locks Apt. 545\nقائدfurt, VA 85018'),
(58, 'همام', 'آل عايض', 1, '725-009-238', '1970-12-25', 'nwlal-sfwn@gmail.com', '25908 آل عايض Lights\nحنفيton, GA 39193'),
(59, 'أجوان', 'المهيدب', 1, '228-977-519', '2015-04-28', 'dy69@hotmail.com', '62881 آل معيض Underpass Suite 712\nNew تاج الدّين, CT 30087'),
(60, 'نديم', 'آل خضير', 4, '720-343-506', '2013-02-23', 'hal-myd@gmail.com', '92465 ضياء Way\nآل حسينborough, NV 90378'),
(61, 'وجيه', 'آل عواض', 3, '981-765-203', '1973-07-31', 'illyn@gmail.com', '26117 عبد اللطيف Streets Suite 939\nرواءland, VI 03034'),
(62, 'رائف', 'العليان', 2, '408-173-127', '2016-03-19', 'jal-ly@hotmail.com', '05792 آل بن ظافر Overpass Suite 784\nWest هياland, WI 79567'),
(63, 'مهنّد', 'آل العسكري', 3, '985-586-684', '2024-12-23', 'nljln@hotmail.com', '9045 آل العسكري Isle\nوفاءshire, LA 78523'),
(64, 'يسري', 'آل عواض', 5, '629-392-128', '2023-01-16', 'sdqy66@yahoo.com', '7370 آل مقطة Avenue Suite 109\nEast رجائيfort, AS 67378'),
(65, 'غوى', 'الدباغ', 3, '897-780-519', '2001-06-27', 'lmgwlglb@gmail.com', '142 آل صفوان Estates Suite 842\nNew عتاب, CO 47768'),
(66, 'جوانا', 'العجلان', 4, '839-560-217', '1971-08-05', 'lmwhb-lkhyl@yahoo.com', '8668 أبو داوود Ville\nLake مازنhaven, MP 50351'),
(67, 'نوّار', 'بقشان', 1, '889-486-982', '2003-11-17', 'al-mydmkhls@gmail.com', '064 شربتلي Burg\nآل بن ظافرton, RI 15090'),
(68, 'ملهم', 'آل حسين', 5, '412-763-640', '2023-10-18', 'hljfly@gmail.com', '92536 ترف Union Apt. 824\nSouth منتصر, RI 23591'),
(69, 'حفيظ', 'حجار', 1, '158-671-781', '2012-03-18', 'lkhrfyqyl@yahoo.com', '121 ريمان Heights\nآل خضيرville, VT 62117'),
(70, 'لفيف', 'آل سلطان', 1, '063-979-895', '2011-08-17', 'tllal-sltn@yahoo.com', '55006 أبا الخيل Rapid\nالدباغfort, AL 88036'),
(71, 'ميسور', 'أبا الخيل', 3, '283-063-437', '1999-02-02', 'qsm36@yahoo.com', '288 مهنا Brooks Apt. 502\nآل العسكريville, FL 60792'),
(72, 'زهدي', 'بقشان', 4, '286-181-213', '1984-04-30', 'shl96@hotmail.com', '63818 تمام Keys\nNew دريدstad, VT 88825'),
(73, 'ريفال', 'أبا الخيل', 1, '379-042-212', '2019-03-09', 'plrshd@yahoo.com', '070 المغاولة Route Suite 457\nNorth وليفville, IA 10336'),
(74, 'مصطفى', 'الحكير', 5, '276-444-012', '1989-02-20', 'llynfthy@hotmail.com', '462 رحيب Tunnel Apt. 841\nNorth عائد, SD 50649'),
(75, 'نصر الدّين', 'آل رفيع', 5, '583-527-976', '1971-10-06', 'nldbg@hotmail.com', '93348 عتيد Spur\nسنامmouth, CA 75398'),
(76, 'سليم', 'شربتلي', 5, '984-923-960', '1998-09-19', 'shywq71@gmail.com', '8268 الشايع Keys\nتاج الدّينfort, SC 07793'),
(77, 'ودود', 'آل خضير', 3, '000-916-761', '2019-03-25', 'gw02@hotmail.com', '627 آل بن لافي Fork Suite 595\nعبد الجبّارburgh, AR 39031'),
(78, 'علاء الدّين', 'آل قصير', 1, '017-631-531', '1982-12-01', 'mylal-wd@gmail.com', '107 صدقي Spurs\nنورسberg, MT 38103'),
(79, 'يسار', 'الجفالي', 1, '544-043-148', '2010-07-30', 'eljbr@gmail.com', '4938 ناجي Courts Apt. 327\nNorth عاقل, LA 77614'),
(80, 'منيع', 'شربتلي', 3, '203-289-476', '1998-08-12', 'jlhkyr@hotmail.com', '750 حسام Highway Apt. 358\nمازنbury, AR 66549'),
(81, 'جرّاح', 'آل بن لافي', 1, '549-674-733', '1976-09-03', 'oal-mhmd-bn-ly-bn-jmz@hotmail.com', '89162 مهران Circle\nNew خليفةview, AL 19069'),
(82, 'سرور', 'المهنا', 1, '531-453-704', '2023-03-26', 'ulrshd@gmail.com', '186 شبلي Shore\nمحسنton, AS 26849'),
(83, 'عالم', 'آل سلطان', 2, '487-352-334', '2005-08-23', 'al-hsynrwb@gmail.com', '56374 آل عطفة Corners Suite 172\nNorth شهيرside, IL 81003'),
(84, 'عبد الباري', 'بن لادن', 2, '586-186-996', '1979-07-07', 'rymlmgwl@hotmail.com', '01415 حسين Unions\nNorth سخاءville, SC 85369'),
(85, 'ضحّاك', 'بن لادن', 3, '987-469-665', '1972-06-03', 'al-swdshj@gmail.com', '468 آل رفيع Lights\nNorth مظهرburgh, OK 97536'),
(86, 'سديم', 'أبو داوود', 1, '925-683-042', '2020-09-07', 'rwwfal-qsyr@gmail.com', '8825 يونس Locks\nآل خضيرhaven, SC 19128'),
(87, 'معمّر', 'آل سلطان', 1, '688-955-275', '2023-09-13', 'ltwf64@yahoo.com', '1092 فكري Manors\nسالمton, NV 08236'),
(88, 'شهير', 'حجار', 4, '475-207-582', '1999-01-05', 'bd-lhyw86@yahoo.com', '916 رضي Crossing\nلاماberg, AK 58823'),
(89, 'عاكف', 'آل مقطة', 2, '131-210-519', '1995-08-02', 'ljflydhky@gmail.com', '36393 شربتلي Crossroad\nSouth نصوحside, FM 70693'),
(90, 'صباح', 'الجابر', 2, '703-379-676', '1991-10-22', 'shbnal-jfr@yahoo.com', '1442 شادي Village Suite 752\nآل خضيرshire, CO 36106'),
(91, 'كاظم', 'الجفالي', 3, '961-253-300', '1998-04-18', 'mjhdal-bn-zfr@hotmail.com', '666 نزيه Estate Apt. 407\nيعقوبside, DC 49544'),
(92, 'عرفات', 'آل رفيع', 4, '437-839-426', '1992-03-15', 'njybw-dwwd@hotmail.com', '69324 دعاء Fort\nآل رفيعfurt, NM 54410'),
(93, 'نغم', 'آل سلطان', 4, '912-243-620', '1973-01-13', 'fywdal-yd@gmail.com', '49489 عبد التّواب Roads Apt. 649\nآل خضيرshire, AR 63431'),
(94, 'عزمي', 'آل خضير', 2, '142-046-784', '1987-04-12', 'munjd14@hotmail.com', '27439 جالا Run Suite 685\nمياسtown, AZ 43360'),
(95, 'رخاء', 'المشاولة', 5, '586-440-573', '1979-03-03', 'al-sfwnnyl@hotmail.com', '7222 روعة Locks\nNorth صبريchester, MP 56626'),
(96, 'محمّد', 'آل الشيخ', 2, '989-243-766', '2021-02-05', 'mlmhn@hotmail.com', '821 ظاعن Club\nالجفاليmouth, MI 57243'),
(97, 'ضاحي', 'آل العسكري', 4, '490-162-814', '1984-10-03', 'mal-bn-lfy@yahoo.com', '197 طلعت Fall\nWest صهيبfort, SC 71425'),
(98, 'وفائي', 'حنبولي', 4, '204-126-529', '1979-04-22', 'shwqy74@hotmail.com', '073 آل معيض Station Apt. 670\nنجيبview, MD 41516'),
(99, 'حنفي', 'أبا الخيل', 4, '609-300-366', '1982-11-10', 'fbn-ldn@hotmail.com', '67978 فالح Lake Apt. 481\nEast ريمان, SD 52958'),
(100, 'صنديد', 'المهيدب', 4, '175-185-819', '1970-05-03', 'qal-mqt@yahoo.com', 'USNV آل رفيع\nFPO AE 34682');



INSERT INTO student(id, status)
VALUES(1, 'متخرج'),
(2, 'متخرج'),
(3, 'متخرج'),
(4, 'متخرج'),
(5, 'منقطع'),
(6, 'نشط'),
(7, 'منقطع'),
(8, 'منقطع'),
(9, 'متخرج'),
(10, 'نشط'),
(11, 'نشط'),
(12, 'منقطع'),
(13, 'منقطع'),
(14, 'منقطع'),
(15, 'نشط'),
(16, 'نشط'),
(17, 'منقطع'),
(18, 'منقطع'),
(19, 'منقطع'),
(20, 'نشط'),
(21, 'نشط'),
(22, 'نشط'),
(23, 'متخرج'),
(24, 'متخرج'),
(25, 'نشط'),
(26, 'منقطع'),
(27, 'متخرج'),
(28, 'نشط'),
(29, 'نشط'),
(30, 'نشط'),
(31, 'نشط'),
(32, 'نشط'),
(33, 'منقطع'),
(34, 'منقطع'),
(35, 'نشط'),
(36, 'منقطع'),
(37, 'منقطع'),
(38, 'نشط'),
(39, 'نشط'),
(40, 'متخرج'),
(41, 'نشط'),
(42, 'متخرج'),
(43, 'منقطع'),
(44, 'نشط'),
(45, 'متخرج'),
(46, 'متخرج'),
(47, 'منقطع'),
(48, 'منقطع'),
(49, 'منقطع'),
(50, 'نشط'),
(51, 'نشط'),
(52, 'منقطع'),
(53, 'نشط'),
(54, 'نشط'),
(55, 'نشط'),
(56, 'متخرج'),
(57, 'متخرج'),
(58, 'منقطع'),
(59, 'نشط'),
(60, 'متخرج'),
(61, 'منقطع'),
(62, 'منقطع'),
(63, 'منقطع'),
(64, 'نشط'),
(65, 'متخرج'),
(66, 'منقطع'),
(67, 'نشط'),
(68, 'منقطع'),
(69, 'متخرج'),
(70, 'متخرج'),
(71, 'متخرج'),
(72, 'نشط'),
(73, 'نشط'),
(74, 'نشط'),
(75, 'متخرج'),
(76, 'منقطع'),
(77, 'متخرج'),
(78, 'منقطع'),
(79, 'نشط'),
(80, 'متخرج'),
(81, 'نشط'),
(82, 'نشط'),
(83, 'منقطع'),
(84, 'نشط'),
(85, 'منقطع'),
(86, 'متخرج'),
(87, 'نشط'),
(88, 'متخرج'),
(89, 'منقطع'),
(90, 'منقطع');



INSERT INTO supervisor(id, role, became_supervisor_at, retired_at)
VALUES(91, 'مشرف', '2012-11-26', '2007-07-13'),
(92, 'مساعد', '1970-06-14', '2017-07-09'),
(93, 'مساعد', '1974-11-23', '1992-05-18'),
(94, 'مشرف', '2002-06-26', '2022-04-13'),
(95, 'مساعد', '1976-02-19', '1992-10-06'),
(96, 'مساعد', '1994-11-07', '1986-10-20'),
(97, 'مسمع', '2018-09-24', '2018-06-22'),
(98, 'مشرف', '1994-11-02', '2012-07-13'),
(99, 'مشرف', '2021-03-13', '1974-01-11'),
(100, 'مشرف', '2020-05-29', '2015-01-21');



UPDATE supervisor SET assistant_id = 93 WHERE id = 91;
UPDATE supervisor SET assistant_id = 96 WHERE id = 97;
UPDATE supervisor SET assistant_id = 96 WHERE id = 97;



INSERT INTO student_supervisor(id, student_id, supervisor_id, retired_at)
VALUES(1, 1, 98, '2024-04-14'),
(2, 2, 92, '2002-06-29'),
(3, 3, 95, '1994-12-09'),
(4, 4, 98, '2005-03-17'),
(5, 5, 92, '2003-01-19'),
(6, 6, 91, '2009-06-02'),
(7, 7, 95, '2025-04-06'),
(8, 8, 93, '2016-07-11'),
(9, 9, 95, '2007-02-04'),
(10, 10, 94, '1974-06-28'),
(11, 11, 100, '2016-04-22'),
(12, 12, 94, '2020-08-10'),
(13, 13, 97, '1991-03-09'),
(14, 14, 100, '2003-07-01'),
(15, 15, 97, '2006-12-02'),
(16, 16, 92, '2014-05-05'),
(17, 17, 97, '2015-05-06'),
(18, 18, 99, '2012-09-11'),
(19, 19, 100, '1994-09-26'),
(20, 20, 96, '1993-08-10'),
(21, 21, 94, '1977-09-22'),
(22, 22, 96, '1972-06-02'),
(23, 23, 93, '1982-06-01'),
(24, 24, 96, '1985-07-06'),
(25, 25, 100, '1986-05-11'),
(26, 26, 93, '2012-07-19'),
(27, 27, 97, '2009-01-16'),
(28, 28, 100, '2011-02-10'),
(29, 29, 99, '2020-05-26'),
(30, 30, 96, '2002-06-18'),
(31, 31, 94, '1990-09-09'),
(32, 32, 99, '2007-07-07'),
(33, 33, 99, '1979-06-12'),
(34, 34, 94, '1971-10-05'),
(35, 35, 100, '1992-10-01'),
(36, 36, 96, '1993-01-28'),
(37, 37, 100, '2022-11-14'),
(38, 38, 95, '1978-10-21'),
(39, 39, 97, '2003-08-31'),
(40, 40, 100, '2007-10-12'),
(41, 41, 91, '1983-12-12'),
(42, 42, 91, '2005-08-09'),
(43, 43, 91, '1972-01-06'),
(44, 44, 94, '2022-09-25'),
(45, 45, 97, '1970-02-14'),
(46, 46, 99, '1989-02-17'),
(47, 47, 93, '2013-07-12'),
(48, 48, 95, '2003-08-03'),
(49, 49, 96, '1984-05-04'),
(50, 50, 96, '2006-11-05'),
(51, 51, 95, '2003-08-15'),
(52, 52, 91, '1988-02-25'),
(53, 53, 94, '1987-07-11'),
(54, 54, 93, '2015-11-21'),
(55, 55, 94, '2010-05-16'),
(56, 56, 96, '2017-10-02'),
(57, 57, 98, '2011-09-22'),
(58, 58, 94, '1992-03-04'),
(59, 59, 97, '1996-12-15'),
(60, 60, 91, '1993-03-30'),
(61, 61, 94, '2008-06-04'),
(62, 62, 94, '1977-05-27'),
(63, 63, 97, '2000-02-25'),
(64, 64, 99, '1970-05-05'),
(65, 65, 100, '2009-04-02'),
(66, 66, 99, '1972-01-16'),
(67, 67, 97, '1990-02-27'),
(68, 68, 99, '2012-04-20'),
(69, 69, 94, '2022-03-09'),
(70, 70, 97, '2002-11-17'),
(71, 71, 94, '1982-09-19'),
(72, 72, 91, '1974-09-27'),
(73, 73, 95, '2008-04-03'),
(74, 74, 93, '2007-03-16'),
(75, 75, 99, '2008-11-15'),
(76, 76, 94, '1993-03-02'),
(77, 77, 97, '1988-10-13'),
(78, 78, 96, '1981-05-26'),
(79, 79, 95, '1989-09-01'),
(80, 80, 100, '1997-01-16'),
(81, 81, 92, '2004-01-26'),
(82, 82, 93, '2018-08-23'),
(83, 83, 92, '2002-09-27'),
(84, 84, 97, '1973-06-04'),
(85, 85, 100, '1991-05-20'),
(86, 86, 99, '1985-07-30'),
(87, 87, 93, '1972-09-20'),
(88, 88, 97, '2019-01-14'),
(89, 89, 91, '1970-08-07'),
(90, 90, 96, '1990-09-06');
            INSERT INTO level(id, name, description, plan)
            VALUES(1, 'تلاوة', 'مستوى التجويد ضعيف', 'تلاوة 4 أجزاء على المسمع وتعلم كتاب لغتي وقرآني وعند الانتهاء ينقل للانتقالي'),
            (2, 'غيبي', 'مستوى التجويد جيّد', 'تعلم كتاب المنهج الموحّد في التجويد و تسميع عدد من الصفحات حاضرًا حتّى يصبح تجويده ممتازًا وبناءً على تقاريره ينقل إلى الغيبي'),
            (3, 'انتقالي', 'مستوى التجويد ممتاز', 'تسميع الصفحات غيبًا وإجراء سبر لكل جزء ينهيه وعند حفظه لجميع الأجزاء يبدأ بالإجازة'),
            (4, 'اجازة', 'مستوى التجويد ممتاز وتم حفظ وسبر جميع أجزاء القرآن', 'تعلّم نظم المقدمة الجزريّة وإعادة سبر جميع الأجزاء عند مسمع واحد فقط');
INSERT INTO student_level(id, level_id, student_id, reached_at)
VALUES(1, 4, 1, '1997-04-19'),
(2, 3, 2, '1998-04-24'),
(3, 2, 3, '2023-12-29'),
(4, 2, 4, '2025-02-23'),
(5, 1, 5, '1971-03-31'),
(6, 1, 6, '2007-04-13'),
(7, 2, 7, '1971-04-29'),
(8, 3, 8, '1999-04-15'),
(9, 3, 9, '1971-10-19'),
(10, 3, 10, '2015-11-15'),
(11, 2, 11, '1995-10-13'),
(12, 2, 12, '2006-09-01'),
(13, 4, 13, '2024-10-12'),
(14, 4, 14, '2013-09-29'),
(15, 1, 15, '1975-01-19'),
(16, 4, 16, '1970-09-06'),
(17, 4, 17, '2010-03-26'),
(18, 2, 18, '1980-09-27'),
(19, 4, 19, '1987-10-29'),
(20, 3, 20, '1995-06-25'),
(21, 3, 21, '1982-10-08'),
(22, 1, 22, '1982-05-17'),
(23, 2, 23, '1975-01-04'),
(24, 4, 24, '1980-03-25'),
(25, 4, 25, '1987-02-14'),
(26, 4, 26, '2015-08-02'),
(27, 2, 27, '1986-12-10'),
(28, 3, 28, '1993-11-29'),
(29, 4, 29, '2022-05-12'),
(30, 4, 30, '1973-01-26'),
(31, 3, 31, '1996-10-24'),
(32, 3, 32, '1971-01-07'),
(33, 2, 33, '2012-10-14'),
(34, 3, 34, '2019-08-27'),
(35, 2, 35, '1977-12-19'),
(36, 3, 36, '1982-05-24'),
(37, 4, 37, '1977-12-17'),
(38, 2, 38, '1971-10-17'),
(39, 3, 39, '1985-02-27'),
(40, 2, 40, '2014-02-23'),
(41, 2, 41, '1989-03-15'),
(42, 3, 42, '1992-09-10'),
(43, 4, 43, '1986-09-05'),
(44, 3, 44, '2004-01-13'),
(45, 1, 45, '2014-04-07'),
(46, 1, 46, '2008-01-07'),
(47, 3, 47, '1999-11-24'),
(48, 1, 48, '1970-11-08'),
(49, 4, 49, '1977-12-28'),
(50, 3, 50, '1976-04-23'),
(51, 4, 51, '1989-08-16'),
(52, 4, 52, '2006-06-02'),
(53, 4, 53, '1977-07-25'),
(54, 4, 54, '2014-12-02'),
(55, 1, 55, '2014-07-22'),
(56, 2, 56, '1979-08-01'),
(57, 4, 57, '1986-12-13'),
(58, 1, 58, '2004-12-31'),
(59, 3, 59, '2000-09-19'),
(60, 1, 60, '1990-11-23'),
(61, 3, 61, '2015-03-11'),
(62, 2, 62, '2009-10-12'),
(63, 3, 63, '2016-08-16'),
(64, 1, 64, '2003-05-01'),
(65, 1, 65, '1991-05-03'),
(66, 1, 66, '1999-11-27'),
(67, 4, 67, '1976-12-16'),
(68, 2, 68, '2006-11-15'),
(69, 3, 69, '1973-04-30'),
(70, 1, 70, '1998-03-21'),
(71, 2, 71, '1976-05-05'),
(72, 1, 72, '1997-12-14'),
(73, 3, 73, '1993-04-11'),
(74, 4, 74, '2011-02-05'),
(75, 4, 75, '1990-07-17'),
(76, 1, 76, '1999-02-18'),
(77, 3, 77, '2004-09-23'),
(78, 2, 78, '2012-03-25'),
(79, 1, 79, '2017-02-16'),
(80, 2, 80, '2013-02-19'),
(81, 1, 81, '1986-10-05'),
(82, 3, 82, '2005-05-28'),
(83, 4, 83, '1982-07-21'),
(84, 1, 84, '1994-10-05'),
(85, 3, 85, '2016-05-26'),
(86, 3, 86, '2014-10-15'),
(87, 2, 87, '1992-05-16'),
(88, 2, 88, '1977-05-24'),
(89, 2, 89, '2023-10-15'),
(90, 1, 90, '1977-10-07');
            INSERT INTO error(id, error_type, score)
            VALUES(1, 'تجويدي', -4),
            (2, 'حفظي', -3),
            (3, 'تشكيلي', -2);
INSERT INTO report(id, student_supervisor_id, student_level_id, start_page, qty)
VALUES(1, 1, 13, '110', '4'),
(2, 1, 75, '491', '19'),
(3, 1, 32, '205', '6'),
(4, 1, 71, '565', '3'),
(5, 1, 19, '299', '6'),
(6, 1, 80, '248', '12'),
(7, 1, 75, '32', '11'),
(8, 1, 21, '228', '10'),
(9, 1, 84, '125', '5'),
(10, 1, 10, '310', '16'),
(11, 2, 21, '203', '21'),
(12, 2, 30, '522', '12'),
(13, 2, 80, '388', '7'),
(14, 2, 63, '466', '18'),
(15, 2, 87, '282', '17'),
(16, 2, 68, '346', '17'),
(17, 2, 34, '134', '5'),
(18, 2, 37, '407', '5'),
(19, 2, 18, '360', '7'),
(20, 2, 58, '467', '7'),
(21, 3, 6, '479', '13'),
(22, 3, 57, '345', '16'),
(23, 3, 2, '134', '10'),
(24, 3, 3, '142', '14'),
(25, 3, 75, '369', '9'),
(26, 3, 12, '556', '5'),
(27, 3, 68, '251', '11'),
(28, 3, 65, '310', '10'),
(29, 3, 89, '276', '6'),
(30, 3, 80, '577', '3'),
(31, 4, 74, '414', '4'),
(32, 4, 81, '171', '16'),
(33, 4, 52, '337', '5'),
(34, 4, 17, '327', '16'),
(35, 4, 86, '475', '18'),
(36, 4, 69, '23', '20'),
(37, 4, 87, '382', '9'),
(38, 4, 22, '216', '9'),
(39, 4, 75, '203', '6'),
(40, 4, 34, '405', '15'),
(41, 5, 39, '526', '17'),
(42, 5, 71, '202', '13'),
(43, 5, 47, '472', '18'),
(44, 5, 57, '98', '14'),
(45, 5, 45, '49', '14'),
(46, 5, 76, '237', '10'),
(47, 5, 68, '394', '14'),
(48, 5, 57, '258', '11'),
(49, 5, 53, '232', '16'),
(50, 5, 75, '562', '7'),
(51, 6, 22, '189', '16'),
(52, 6, 88, '384', '11'),
(53, 6, 89, '354', '19'),
(54, 6, 77, '572', '8'),
(55, 6, 10, '515', '19'),
(56, 6, 5, '475', '5'),
(57, 6, 38, '9', '13'),
(58, 6, 48, '245', '5'),
(59, 6, 74, '403', '10'),
(60, 6, 39, '577', '9'),
(61, 7, 80, '574', '12'),
(62, 7, 74, '281', '3'),
(63, 7, 20, '1', '10'),
(64, 7, 50, '365', '7'),
(65, 7, 56, '150', '7'),
(66, 7, 56, '321', '3'),
(67, 7, 72, '573', '3'),
(68, 7, 21, '214', '15'),
(69, 7, 87, '154', '18'),
(70, 7, 52, '563', '18'),
(71, 8, 23, '219', '8'),
(72, 8, 17, '539', '20'),
(73, 8, 13, '353', '16'),
(74, 8, 41, '157', '19'),
(75, 8, 54, '61', '8'),
(76, 8, 53, '59', '3'),
(77, 8, 62, '166', '18'),
(78, 8, 46, '512', '13'),
(79, 8, 35, '155', '14'),
(80, 8, 69, '130', '16'),
(81, 9, 55, '354', '4'),
(82, 9, 15, '271', '13'),
(83, 9, 35, '320', '20'),
(84, 9, 8, '146', '13'),
(85, 9, 66, '157', '21'),
(86, 9, 27, '504', '10'),
(87, 9, 18, '520', '19'),
(88, 9, 3, '560', '9'),
(89, 9, 32, '485', '11'),
(90, 9, 60, '279', '16'),
(91, 10, 58, '315', '6'),
(92, 10, 16, '334', '11'),
(93, 10, 48, '51', '13'),
(94, 10, 77, '465', '9'),
(95, 10, 88, '169', '5'),
(96, 10, 84, '355', '11'),
(97, 10, 67, '387', '20'),
(98, 10, 13, '324', '10'),
(99, 10, 1, '410', '5'),
(100, 10, 5, '160', '14'),
(101, 11, 13, '338', '5'),
(102, 11, 80, '175', '17'),
(103, 11, 70, '263', '12'),
(104, 11, 84, '50', '19'),
(105, 11, 90, '559', '13'),
(106, 11, 38, '428', '16'),
(107, 11, 2, '227', '4'),
(108, 11, 24, '36', '13'),
(109, 11, 75, '323', '8'),
(110, 11, 12, '118', '20'),
(111, 12, 17, '91', '3'),
(112, 12, 36, '229', '18'),
(113, 12, 9, '404', '5'),
(114, 12, 90, '167', '9'),
(115, 12, 88, '403', '14'),
(116, 12, 84, '303', '6'),
(117, 12, 10, '589', '5'),
(118, 12, 28, '554', '21'),
(119, 12, 40, '220', '5'),
(120, 12, 62, '152', '9'),
(121, 13, 1, '451', '13'),
(122, 13, 6, '220', '14'),
(123, 13, 72, '115', '5'),
(124, 13, 4, '74', '3'),
(125, 13, 14, '343', '3'),
(126, 13, 43, '53', '4'),
(127, 13, 13, '488', '4'),
(128, 13, 4, '290', '17'),
(129, 13, 17, '107', '15'),
(130, 13, 75, '96', '17'),
(131, 14, 41, '240', '16'),
(132, 14, 41, '321', '6'),
(133, 14, 67, '425', '16'),
(134, 14, 32, '258', '13'),
(135, 14, 19, '173', '6'),
(136, 14, 70, '442', '4'),
(137, 14, 86, '325', '16'),
(138, 14, 4, '235', '10'),
(139, 14, 88, '536', '21'),
(140, 14, 80, '594', '10'),
(141, 15, 71, '188', '11'),
(142, 15, 71, '7', '17'),
(143, 15, 85, '140', '7'),
(144, 15, 8, '114', '7'),
(145, 15, 9, '89', '10'),
(146, 15, 57, '279', '15'),
(147, 15, 56, '42', '3'),
(148, 15, 90, '547', '6'),
(149, 15, 6, '420', '18'),
(150, 15, 65, '540', '18'),
(151, 16, 73, '596', '7'),
(152, 16, 54, '517', '5'),
(153, 16, 56, '177', '4'),
(154, 16, 75, '155', '13'),
(155, 16, 62, '551', '20'),
(156, 16, 63, '146', '17'),
(157, 16, 74, '164', '7'),
(158, 16, 23, '482', '5'),
(159, 16, 87, '208', '9'),
(160, 16, 21, '582', '12'),
(161, 17, 53, '245', '14'),
(162, 17, 49, '155', '6'),
(163, 17, 53, '62', '8'),
(164, 17, 29, '257', '7'),
(165, 17, 52, '190', '12'),
(166, 17, 26, '64', '5'),
(167, 17, 64, '511', '3'),
(168, 17, 28, '23', '21'),
(169, 17, 78, '558', '9'),
(170, 17, 28, '137', '5'),
(171, 18, 48, '578', '9'),
(172, 18, 36, '50', '15'),
(173, 18, 22, '6', '3'),
(174, 18, 44, '463', '18'),
(175, 18, 63, '546', '10'),
(176, 18, 89, '509', '5'),
(177, 18, 12, '527', '7'),
(178, 18, 83, '406', '21'),
(179, 18, 87, '507', '21'),
(180, 18, 41, '30', '15'),
(181, 19, 30, '197', '13'),
(182, 19, 28, '496', '21'),
(183, 19, 82, '290', '17'),
(184, 19, 54, '81', '15'),
(185, 19, 44, '20', '20'),
(186, 19, 88, '370', '16'),
(187, 19, 31, '372', '3'),
(188, 19, 84, '590', '11'),
(189, 19, 86, '356', '15'),
(190, 19, 31, '23', '10'),
(191, 20, 15, '51', '13'),
(192, 20, 18, '583', '16'),
(193, 20, 36, '500', '9'),
(194, 20, 19, '359', '12'),
(195, 20, 85, '324', '14'),
(196, 20, 45, '478', '20'),
(197, 20, 28, '197', '17'),
(198, 20, 47, '234', '19'),
(199, 20, 39, '544', '7'),
(200, 20, 46, '484', '8'),
(201, 21, 26, '27', '12'),
(202, 21, 38, '124', '11'),
(203, 21, 72, '88', '19'),
(204, 21, 6, '475', '21'),
(205, 21, 67, '90', '14'),
(206, 21, 59, '408', '19'),
(207, 21, 38, '139', '5'),
(208, 21, 88, '349', '3'),
(209, 21, 41, '208', '6'),
(210, 21, 28, '67', '15'),
(211, 22, 81, '476', '14'),
(212, 22, 47, '342', '8'),
(213, 22, 58, '457', '16'),
(214, 22, 47, '432', '8'),
(215, 22, 37, '510', '7'),
(216, 22, 12, '501', '20'),
(217, 22, 24, '545', '8'),
(218, 22, 76, '90', '11'),
(219, 22, 53, '162', '10'),
(220, 22, 80, '157', '20'),
(221, 23, 65, '430', '8'),
(222, 23, 63, '312', '7'),
(223, 23, 26, '227', '11'),
(224, 23, 64, '474', '4'),
(225, 23, 17, '205', '10'),
(226, 23, 48, '299', '7'),
(227, 23, 9, '144', '3'),
(228, 23, 64, '472', '11'),
(229, 23, 47, '480', '4'),
(230, 23, 24, '264', '10'),
(231, 24, 45, '326', '16'),
(232, 24, 82, '257', '19'),
(233, 24, 18, '102', '14'),
(234, 24, 75, '547', '3'),
(235, 24, 69, '199', '14'),
(236, 24, 30, '311', '13'),
(237, 24, 21, '192', '21'),
(238, 24, 70, '181', '10'),
(239, 24, 86, '252', '18'),
(240, 24, 65, '449', '17'),
(241, 25, 88, '62', '12'),
(242, 25, 35, '457', '11'),
(243, 25, 17, '517', '5'),
(244, 25, 5, '326', '12'),
(245, 25, 76, '302', '4'),
(246, 25, 61, '80', '19'),
(247, 25, 14, '436', '6'),
(248, 25, 82, '245', '3'),
(249, 25, 46, '379', '8'),
(250, 25, 38, '551', '12'),
(251, 26, 39, '244', '19'),
(252, 26, 34, '197', '5'),
(253, 26, 62, '129', '6'),
(254, 26, 72, '32', '16'),
(255, 26, 84, '449', '21'),
(256, 26, 12, '579', '13'),
(257, 26, 58, '502', '8'),
(258, 26, 26, '387', '7'),
(259, 26, 83, '297', '16'),
(260, 26, 1, '396', '19'),
(261, 27, 4, '501', '16'),
(262, 27, 55, '578', '4'),
(263, 27, 8, '586', '5'),
(264, 27, 27, '96', '5'),
(265, 27, 69, '496', '6'),
(266, 27, 23, '343', '9'),
(267, 27, 48, '23', '15'),
(268, 27, 50, '297', '9'),
(269, 27, 12, '189', '16'),
(270, 27, 63, '341', '19'),
(271, 28, 14, '558', '3'),
(272, 28, 57, '476', '3'),
(273, 28, 87, '19', '16'),
(274, 28, 30, '308', '7'),
(275, 28, 67, '121', '12'),
(276, 28, 79, '279', '3'),
(277, 28, 1, '286', '5'),
(278, 28, 74, '362', '3'),
(279, 28, 1, '405', '19'),
(280, 28, 40, '417', '18'),
(281, 29, 8, '222', '7'),
(282, 29, 80, '220', '11'),
(283, 29, 3, '574', '16'),
(284, 29, 57, '286', '5'),
(285, 29, 58, '475', '3'),
(286, 29, 11, '452', '4'),
(287, 29, 22, '363', '8'),
(288, 29, 87, '342', '14'),
(289, 29, 68, '29', '9'),
(290, 29, 76, '1', '18'),
(291, 30, 90, '146', '16'),
(292, 30, 88, '431', '13'),
(293, 30, 11, '186', '17'),
(294, 30, 57, '31', '15'),
(295, 30, 58, '22', '7'),
(296, 30, 78, '516', '7'),
(297, 30, 65, '231', '10'),
(298, 30, 36, '372', '13'),
(299, 30, 84, '199', '12'),
(300, 30, 24, '127', '8'),
(301, 31, 46, '262', '12'),
(302, 31, 40, '424', '3'),
(303, 31, 69, '2', '21'),
(304, 31, 4, '428', '7'),
(305, 31, 58, '163', '12'),
(306, 31, 42, '313', '6'),
(307, 31, 53, '186', '4'),
(308, 31, 43, '454', '16'),
(309, 31, 43, '329', '19'),
(310, 31, 3, '473', '17'),
(311, 32, 40, '128', '17'),
(312, 32, 18, '94', '14'),
(313, 32, 83, '131', '18'),
(314, 32, 52, '130', '15'),
(315, 32, 90, '435', '14'),
(316, 32, 53, '211', '12'),
(317, 32, 80, '271', '9'),
(318, 32, 36, '575', '5'),
(319, 32, 24, '297', '6'),
(320, 32, 2, '552', '10'),
(321, 33, 21, '76', '20'),
(322, 33, 75, '141', '11'),
(323, 33, 82, '286', '3'),
(324, 33, 51, '147', '18'),
(325, 33, 45, '431', '4'),
(326, 33, 47, '259', '8'),
(327, 33, 19, '292', '13'),
(328, 33, 57, '396', '8'),
(329, 33, 66, '213', '14'),
(330, 33, 70, '416', '8'),
(331, 34, 62, '162', '20'),
(332, 34, 40, '544', '5'),
(333, 34, 13, '600', '17'),
(334, 34, 37, '502', '6'),
(335, 34, 21, '428', '3'),
(336, 34, 1, '311', '20'),
(337, 34, 52, '393', '21'),
(338, 34, 27, '303', '19'),
(339, 34, 67, '61', '10'),
(340, 34, 42, '144', '15'),
(341, 35, 51, '524', '18'),
(342, 35, 26, '438', '19'),
(343, 35, 23, '35', '13'),
(344, 35, 41, '108', '10'),
(345, 35, 30, '18', '13'),
(346, 35, 78, '263', '3'),
(347, 35, 26, '25', '16'),
(348, 35, 50, '580', '5'),
(349, 35, 84, '458', '7'),
(350, 35, 19, '329', '15'),
(351, 36, 9, '215', '6'),
(352, 36, 44, '114', '18'),
(353, 36, 73, '287', '7'),
(354, 36, 73, '48', '18'),
(355, 36, 67, '476', '3'),
(356, 36, 90, '431', '7'),
(357, 36, 51, '424', '10'),
(358, 36, 59, '96', '3'),
(359, 36, 27, '412', '18'),
(360, 36, 47, '40', '20'),
(361, 37, 48, '251', '8'),
(362, 37, 90, '42', '21'),
(363, 37, 51, '441', '16'),
(364, 37, 81, '311', '20'),
(365, 37, 16, '492', '18'),
(366, 37, 12, '488', '6'),
(367, 37, 39, '78', '4'),
(368, 37, 48, '339', '10'),
(369, 37, 34, '406', '13'),
(370, 37, 40, '441', '18'),
(371, 38, 47, '495', '11'),
(372, 38, 63, '136', '17'),
(373, 38, 18, '128', '12'),
(374, 38, 31, '552', '10'),
(375, 38, 85, '150', '11'),
(376, 38, 17, '416', '3'),
(377, 38, 19, '251', '20'),
(378, 38, 4, '371', '7'),
(379, 38, 25, '217', '20'),
(380, 38, 16, '440', '18'),
(381, 39, 82, '227', '18'),
(382, 39, 11, '428', '17'),
(383, 39, 2, '366', '14'),
(384, 39, 14, '401', '5'),
(385, 39, 89, '510', '8'),
(386, 39, 36, '165', '3'),
(387, 39, 71, '179', '17'),
(388, 39, 6, '213', '4'),
(389, 39, 23, '347', '11'),
(390, 39, 70, '19', '6'),
(391, 40, 25, '166', '15'),
(392, 40, 70, '486', '18'),
(393, 40, 25, '6', '21'),
(394, 40, 20, '39', '14'),
(395, 40, 11, '393', '19'),
(396, 40, 11, '474', '18'),
(397, 40, 66, '253', '5'),
(398, 40, 31, '426', '11'),
(399, 40, 41, '414', '12'),
(400, 40, 63, '415', '5'),
(401, 41, 76, '404', '20'),
(402, 41, 89, '372', '19'),
(403, 41, 33, '289', '3'),
(404, 41, 83, '170', '21'),
(405, 41, 81, '578', '9'),
(406, 41, 24, '570', '19'),
(407, 41, 31, '394', '6'),
(408, 41, 49, '293', '12'),
(409, 41, 47, '330', '18'),
(410, 41, 37, '464', '8'),
(411, 42, 41, '345', '3'),
(412, 42, 48, '174', '3'),
(413, 42, 28, '496', '13'),
(414, 42, 46, '557', '11'),
(415, 42, 19, '566', '10'),
(416, 42, 78, '420', '17'),
(417, 42, 25, '536', '15'),
(418, 42, 60, '141', '17'),
(419, 42, 2, '464', '15'),
(420, 42, 53, '562', '14'),
(421, 43, 70, '30', '21'),
(422, 43, 19, '313', '17'),
(423, 43, 51, '348', '15'),
(424, 43, 54, '591', '15'),
(425, 43, 25, '313', '16'),
(426, 43, 86, '144', '17'),
(427, 43, 44, '103', '11'),
(428, 43, 48, '60', '14'),
(429, 43, 54, '297', '16'),
(430, 43, 31, '151', '6'),
(431, 44, 25, '464', '3'),
(432, 44, 87, '39', '11'),
(433, 44, 24, '571', '7'),
(434, 44, 77, '16', '21'),
(435, 44, 68, '601', '3'),
(436, 44, 3, '548', '20'),
(437, 44, 43, '340', '10'),
(438, 44, 16, '308', '13'),
(439, 44, 53, '500', '17'),
(440, 44, 1, '517', '14'),
(441, 45, 81, '54', '16'),
(442, 45, 49, '8', '6'),
(443, 45, 29, '496', '14'),
(444, 45, 41, '253', '18'),
(445, 45, 19, '271', '17'),
(446, 45, 2, '484', '9'),
(447, 45, 81, '234', '4'),
(448, 45, 27, '237', '15'),
(449, 45, 76, '281', '14'),
(450, 45, 43, '235', '15'),
(451, 46, 14, '221', '6'),
(452, 46, 19, '423', '16'),
(453, 46, 29, '8', '12'),
(454, 46, 47, '194', '12'),
(455, 46, 7, '349', '11'),
(456, 46, 31, '600', '10'),
(457, 46, 48, '523', '17'),
(458, 46, 61, '328', '9'),
(459, 46, 63, '340', '4'),
(460, 46, 85, '528', '6'),
(461, 47, 19, '413', '10'),
(462, 47, 62, '386', '5'),
(463, 47, 20, '253', '17'),
(464, 47, 49, '98', '12'),
(465, 47, 51, '350', '19'),
(466, 47, 76, '480', '7'),
(467, 47, 53, '315', '21'),
(468, 47, 58, '210', '11'),
(469, 47, 22, '54', '11'),
(470, 47, 62, '502', '11'),
(471, 48, 46, '233', '10'),
(472, 48, 49, '390', '17'),
(473, 48, 51, '463', '7'),
(474, 48, 45, '155', '16'),
(475, 48, 11, '526', '15'),
(476, 48, 33, '50', '21'),
(477, 48, 17, '479', '6'),
(478, 48, 68, '292', '21'),
(479, 48, 14, '508', '6'),
(480, 48, 13, '478', '8'),
(481, 49, 59, '547', '13'),
(482, 49, 60, '342', '5'),
(483, 49, 43, '76', '21'),
(484, 49, 40, '480', '18'),
(485, 49, 89, '409', '6'),
(486, 49, 76, '436', '5'),
(487, 49, 1, '367', '15'),
(488, 49, 7, '357', '21'),
(489, 49, 31, '213', '17'),
(490, 49, 3, '389', '18'),
(491, 50, 80, '119', '8'),
(492, 50, 16, '529', '19'),
(493, 50, 62, '528', '19'),
(494, 50, 54, '341', '13'),
(495, 50, 72, '42', '6'),
(496, 50, 88, '91', '11'),
(497, 50, 69, '374', '20'),
(498, 50, 87, '530', '3'),
(499, 50, 7, '330', '12'),
(500, 50, 20, '263', '11'),
(501, 51, 9, '96', '12'),
(502, 51, 44, '50', '10'),
(503, 51, 85, '311', '21'),
(504, 51, 63, '53', '6'),
(505, 51, 71, '422', '9'),
(506, 51, 20, '167', '17'),
(507, 51, 24, '381', '6'),
(508, 51, 79, '118', '6'),
(509, 51, 19, '472', '5'),
(510, 51, 78, '367', '8'),
(511, 52, 31, '219', '7'),
(512, 52, 85, '64', '14'),
(513, 52, 68, '257', '4'),
(514, 52, 76, '134', '14'),
(515, 52, 27, '373', '20'),
(516, 52, 10, '300', '14'),
(517, 52, 35, '42', '11'),
(518, 52, 56, '601', '17'),
(519, 52, 25, '297', '11'),
(520, 52, 26, '118', '13'),
(521, 53, 88, '523', '15'),
(522, 53, 20, '474', '18'),
(523, 53, 46, '477', '8'),
(524, 53, 86, '554', '11'),
(525, 53, 25, '109', '4'),
(526, 53, 72, '258', '9'),
(527, 53, 58, '144', '5'),
(528, 53, 12, '6', '13'),
(529, 53, 79, '380', '15'),
(530, 53, 75, '138', '12'),
(531, 54, 29, '399', '20'),
(532, 54, 89, '176', '3'),
(533, 54, 8, '40', '4'),
(534, 54, 12, '232', '15'),
(535, 54, 40, '21', '20'),
(536, 54, 7, '113', '13'),
(537, 54, 79, '576', '3'),
(538, 54, 71, '235', '20'),
(539, 54, 79, '239', '10'),
(540, 54, 20, '154', '3'),
(541, 55, 65, '482', '13'),
(542, 55, 43, '553', '16'),
(543, 55, 34, '77', '9'),
(544, 55, 86, '598', '5'),
(545, 55, 24, '581', '14'),
(546, 55, 89, '201', '17'),
(547, 55, 27, '147', '9'),
(548, 55, 24, '208', '8'),
(549, 55, 79, '512', '14'),
(550, 55, 81, '270', '3'),
(551, 56, 30, '500', '9'),
(552, 56, 45, '219', '13'),
(553, 56, 42, '514', '15'),
(554, 56, 51, '563', '8'),
(555, 56, 18, '500', '13'),
(556, 56, 48, '378', '6'),
(557, 56, 33, '208', '8'),
(558, 56, 78, '25', '20'),
(559, 56, 81, '446', '16'),
(560, 56, 8, '515', '10'),
(561, 57, 42, '307', '18'),
(562, 57, 21, '82', '15'),
(563, 57, 39, '57', '12'),
(564, 57, 76, '371', '17'),
(565, 57, 86, '208', '11'),
(566, 57, 84, '527', '12'),
(567, 57, 5, '261', '3'),
(568, 57, 9, '600', '8'),
(569, 57, 58, '142', '8'),
(570, 57, 51, '364', '4'),
(571, 58, 36, '262', '12'),
(572, 58, 38, '318', '14'),
(573, 58, 28, '44', '11'),
(574, 58, 49, '36', '19'),
(575, 58, 36, '79', '16'),
(576, 58, 78, '95', '4'),
(577, 58, 26, '420', '19'),
(578, 58, 50, '40', '16'),
(579, 58, 9, '189', '16'),
(580, 58, 75, '387', '7'),
(581, 59, 43, '325', '10'),
(582, 59, 10, '585', '3'),
(583, 59, 18, '222', '9'),
(584, 59, 7, '121', '15'),
(585, 59, 64, '516', '21'),
(586, 59, 70, '312', '5'),
(587, 59, 13, '347', '14'),
(588, 59, 87, '133', '14'),
(589, 59, 12, '502', '3'),
(590, 59, 89, '517', '3'),
(591, 60, 74, '222', '12'),
(592, 60, 9, '213', '14'),
(593, 60, 89, '322', '19'),
(594, 60, 75, '99', '5'),
(595, 60, 19, '505', '15'),
(596, 60, 30, '12', '20'),
(597, 60, 18, '423', '9'),
(598, 60, 20, '376', '15'),
(599, 60, 64, '397', '19'),
(600, 60, 68, '420', '21'),
(601, 61, 88, '234', '7'),
(602, 61, 41, '115', '14'),
(603, 61, 57, '210', '11'),
(604, 61, 34, '296', '10'),
(605, 61, 33, '523', '10'),
(606, 61, 40, '85', '7'),
(607, 61, 19, '90', '19'),
(608, 61, 1, '71', '21'),
(609, 61, 9, '86', '14'),
(610, 61, 37, '61', '7'),
(611, 62, 22, '297', '4'),
(612, 62, 32, '27', '15'),
(613, 62, 86, '136', '16'),
(614, 62, 80, '272', '4'),
(615, 62, 24, '23', '20'),
(616, 62, 42, '45', '14'),
(617, 62, 15, '444', '15'),
(618, 62, 74, '331', '19'),
(619, 62, 11, '52', '19'),
(620, 62, 28, '216', '18'),
(621, 63, 31, '401', '10'),
(622, 63, 24, '101', '18'),
(623, 63, 90, '380', '10'),
(624, 63, 17, '52', '19'),
(625, 63, 71, '73', '14'),
(626, 63, 7, '564', '20'),
(627, 63, 62, '72', '20'),
(628, 63, 5, '446', '9'),
(629, 63, 39, '249', '21'),
(630, 63, 87, '262', '19'),
(631, 64, 1, '244', '10'),
(632, 64, 4, '254', '20'),
(633, 64, 5, '190', '7'),
(634, 64, 27, '40', '10'),
(635, 64, 42, '451', '7'),
(636, 64, 16, '79', '13'),
(637, 64, 39, '585', '15'),
(638, 64, 49, '239', '14'),
(639, 64, 26, '570', '21'),
(640, 64, 17, '504', '10'),
(641, 65, 6, '330', '12'),
(642, 65, 31, '365', '15'),
(643, 65, 78, '373', '13'),
(644, 65, 41, '63', '9'),
(645, 65, 66, '186', '3'),
(646, 65, 4, '512', '10'),
(647, 65, 70, '577', '14'),
(648, 65, 88, '139', '15'),
(649, 65, 21, '348', '19'),
(650, 65, 41, '559', '10'),
(651, 66, 23, '303', '19'),
(652, 66, 14, '390', '15'),
(653, 66, 74, '233', '4'),
(654, 66, 76, '229', '11'),
(655, 66, 31, '599', '13'),
(656, 66, 39, '524', '3'),
(657, 66, 80, '319', '8'),
(658, 66, 42, '97', '9'),
(659, 66, 82, '171', '3'),
(660, 66, 65, '183', '18'),
(661, 67, 22, '326', '20'),
(662, 67, 71, '188', '11'),
(663, 67, 27, '321', '15'),
(664, 67, 1, '390', '4'),
(665, 67, 29, '146', '5'),
(666, 67, 23, '602', '19'),
(667, 67, 20, '306', '18'),
(668, 67, 61, '144', '10'),
(669, 67, 35, '315', '9'),
(670, 67, 86, '587', '12'),
(671, 68, 22, '325', '9'),
(672, 68, 17, '122', '18'),
(673, 68, 49, '131', '10'),
(674, 68, 25, '187', '13'),
(675, 68, 70, '321', '8'),
(676, 68, 12, '300', '3'),
(677, 68, 34, '230', '8'),
(678, 68, 8, '102', '18'),
(679, 68, 17, '528', '3'),
(680, 68, 43, '266', '5'),
(681, 69, 66, '96', '10'),
(682, 69, 17, '604', '3'),
(683, 69, 10, '384', '4'),
(684, 69, 29, '357', '10'),
(685, 69, 74, '73', '19'),
(686, 69, 66, '300', '9'),
(687, 69, 39, '376', '8'),
(688, 69, 49, '276', '7'),
(689, 69, 68, '247', '6'),
(690, 69, 8, '488', '20'),
(691, 70, 51, '157', '14'),
(692, 70, 85, '447', '5'),
(693, 70, 54, '222', '4'),
(694, 70, 66, '432', '5'),
(695, 70, 89, '490', '18'),
(696, 70, 89, '28', '7'),
(697, 70, 53, '598', '12'),
(698, 70, 50, '379', '8'),
(699, 70, 10, '493', '5'),
(700, 70, 57, '470', '15'),
(701, 71, 56, '581', '9'),
(702, 71, 70, '37', '5'),
(703, 71, 42, '26', '8'),
(704, 71, 6, '518', '11'),
(705, 71, 17, '304', '16'),
(706, 71, 27, '397', '9'),
(707, 71, 2, '202', '20'),
(708, 71, 25, '229', '6'),
(709, 71, 21, '565', '4'),
(710, 71, 50, '372', '20'),
(711, 72, 9, '129', '15'),
(712, 72, 68, '530', '18'),
(713, 72, 57, '350', '14'),
(714, 72, 32, '201', '15'),
(715, 72, 1, '181', '21'),
(716, 72, 21, '520', '21'),
(717, 72, 79, '387', '19'),
(718, 72, 89, '478', '15'),
(719, 72, 80, '571', '17'),
(720, 72, 71, '586', '11'),
(721, 73, 31, '91', '7'),
(722, 73, 16, '601', '9'),
(723, 73, 31, '7', '17'),
(724, 73, 5, '324', '5'),
(725, 73, 71, '144', '19'),
(726, 73, 75, '534', '21'),
(727, 73, 78, '468', '9'),
(728, 73, 7, '519', '12'),
(729, 73, 53, '569', '21'),
(730, 73, 36, '148', '14'),
(731, 74, 64, '435', '21'),
(732, 74, 85, '106', '14'),
(733, 74, 57, '283', '9'),
(734, 74, 81, '272', '18'),
(735, 74, 76, '299', '5'),
(736, 74, 10, '143', '11'),
(737, 74, 90, '56', '15'),
(738, 74, 72, '36', '16'),
(739, 74, 45, '55', '11'),
(740, 74, 30, '131', '19'),
(741, 75, 7, '491', '17'),
(742, 75, 70, '13', '18'),
(743, 75, 19, '442', '16'),
(744, 75, 59, '515', '15'),
(745, 75, 19, '319', '19'),
(746, 75, 75, '156', '16'),
(747, 75, 46, '444', '10'),
(748, 75, 1, '601', '16'),
(749, 75, 34, '460', '20'),
(750, 75, 67, '174', '19'),
(751, 76, 76, '506', '3'),
(752, 76, 17, '136', '18'),
(753, 76, 48, '62', '12'),
(754, 76, 83, '25', '16'),
(755, 76, 12, '230', '15'),
(756, 76, 27, '294', '14'),
(757, 76, 4, '297', '17'),
(758, 76, 73, '221', '17'),
(759, 76, 84, '104', '17'),
(760, 76, 9, '322', '15'),
(761, 77, 66, '362', '15'),
(762, 77, 57, '273', '9'),
(763, 77, 46, '228', '18'),
(764, 77, 62, '423', '15'),
(765, 77, 32, '66', '18'),
(766, 77, 38, '245', '10'),
(767, 77, 6, '207', '12'),
(768, 77, 40, '398', '6'),
(769, 77, 53, '383', '10'),
(770, 77, 87, '487', '7'),
(771, 78, 63, '246', '19'),
(772, 78, 58, '519', '3'),
(773, 78, 10, '77', '17'),
(774, 78, 35, '3', '20'),
(775, 78, 7, '122', '12'),
(776, 78, 69, '517', '8'),
(777, 78, 78, '264', '7'),
(778, 78, 41, '245', '3'),
(779, 78, 27, '323', '4'),
(780, 78, 54, '45', '11'),
(781, 79, 60, '51', '8'),
(782, 79, 12, '126', '12'),
(783, 79, 41, '529', '18'),
(784, 79, 20, '178', '5'),
(785, 79, 88, '351', '14'),
(786, 79, 72, '588', '12'),
(787, 79, 41, '461', '13'),
(788, 79, 32, '442', '13'),
(789, 79, 28, '412', '13'),
(790, 79, 25, '341', '20'),
(791, 80, 7, '128', '3'),
(792, 80, 63, '196', '7'),
(793, 80, 23, '12', '20'),
(794, 80, 66, '3', '17'),
(795, 80, 1, '214', '9'),
(796, 80, 38, '408', '6'),
(797, 80, 47, '56', '12'),
(798, 80, 57, '247', '18'),
(799, 80, 8, '279', '8'),
(800, 80, 8, '432', '16'),
(801, 81, 65, '367', '20'),
(802, 81, 83, '586', '16'),
(803, 81, 18, '515', '19'),
(804, 81, 26, '183', '5'),
(805, 81, 31, '198', '11'),
(806, 81, 29, '44', '18'),
(807, 81, 75, '269', '9'),
(808, 81, 61, '579', '15'),
(809, 81, 55, '589', '18'),
(810, 81, 6, '166', '10'),
(811, 82, 30, '258', '9'),
(812, 82, 80, '132', '14'),
(813, 82, 35, '497', '15'),
(814, 82, 55, '446', '6'),
(815, 82, 2, '366', '19'),
(816, 82, 68, '335', '19'),
(817, 82, 24, '81', '9'),
(818, 82, 16, '181', '16'),
(819, 82, 61, '385', '10'),
(820, 82, 12, '22', '9'),
(821, 83, 86, '388', '5'),
(822, 83, 9, '572', '15'),
(823, 83, 50, '117', '18'),
(824, 83, 21, '352', '15'),
(825, 83, 42, '276', '8'),
(826, 83, 55, '575', '14'),
(827, 83, 11, '465', '7'),
(828, 83, 2, '290', '3'),
(829, 83, 71, '24', '5'),
(830, 83, 55, '451', '6'),
(831, 84, 76, '10', '4'),
(832, 84, 33, '82', '16'),
(833, 84, 82, '584', '5'),
(834, 84, 63, '517', '17'),
(835, 84, 10, '353', '8'),
(836, 84, 38, '539', '9'),
(837, 84, 20, '274', '19'),
(838, 84, 62, '256', '17'),
(839, 84, 83, '349', '9'),
(840, 84, 88, '171', '21'),
(841, 85, 7, '541', '10'),
(842, 85, 69, '104', '6'),
(843, 85, 32, '353', '14'),
(844, 85, 73, '261', '19'),
(845, 85, 41, '414', '13'),
(846, 85, 36, '600', '19'),
(847, 85, 89, '51', '18'),
(848, 85, 17, '356', '10'),
(849, 85, 86, '447', '5'),
(850, 85, 30, '253', '7'),
(851, 86, 25, '52', '5'),
(852, 86, 78, '81', '21'),
(853, 86, 5, '10', '6'),
(854, 86, 30, '428', '15'),
(855, 86, 44, '424', '3'),
(856, 86, 31, '243', '12'),
(857, 86, 3, '580', '8'),
(858, 86, 59, '531', '21'),
(859, 86, 20, '391', '13'),
(860, 86, 18, '156', '20'),
(861, 87, 79, '313', '4'),
(862, 87, 57, '266', '5'),
(863, 87, 41, '159', '13'),
(864, 87, 4, '542', '8'),
(865, 87, 3, '300', '9'),
(866, 87, 29, '161', '19'),
(867, 87, 7, '400', '5'),
(868, 87, 83, '115', '8'),
(869, 87, 34, '34', '11'),
(870, 87, 80, '403', '17'),
(871, 88, 87, '133', '18'),
(872, 88, 20, '133', '8'),
(873, 88, 61, '179', '20'),
(874, 88, 59, '90', '5'),
(875, 88, 45, '319', '3'),
(876, 88, 79, '589', '7'),
(877, 88, 67, '573', '14'),
(878, 88, 25, '374', '12'),
(879, 88, 23, '459', '3'),
(880, 88, 74, '90', '16'),
(881, 89, 84, '139', '17'),
(882, 89, 86, '33', '10'),
(883, 89, 37, '448', '16'),
(884, 89, 56, '337', '13'),
(885, 89, 47, '481', '5'),
(886, 89, 70, '440', '9'),
(887, 89, 1, '11', '5'),
(888, 89, 69, '537', '15'),
(889, 89, 1, '357', '20'),
(890, 89, 81, '94', '11'),
(891, 90, 38, '189', '16'),
(892, 90, 68, '106', '3'),
(893, 90, 76, '214', '14'),
(894, 90, 82, '168', '18'),
(895, 90, 61, '345', '5'),
(896, 90, 37, '255', '16'),
(897, 90, 77, '223', '10'),
(898, 90, 80, '303', '16'),
(899, 90, 87, '367', '11'),
(900, 90, 22, '87', '12');
INSERT INTO report_error(id, report_id, error_id, details, error_word)
VALUES(1, 2, 1, 'Repudiandae ipsam rerum molestias animi bland', 'ut'),
(2, 2, 3, 'Molestiae quidem nobis sit aperiam suscipit.', 'a'),
(3, 2, 1, 'Maxime molestias quas possimus quisquam commo', 'natus'),
(4, 2, 1, 'Officia ab temporibus provident.', 'ut'),
(5, 3, 2, 'Recusandae ducimus impedit vel.', 'perferendis'),
(6, 3, 1, 'Totam sint ducimus.', 'et'),
(7, 3, 2, 'Asperiores aut quis maiores numquam.', 'libero'),
(8, 3, 3, 'Corrupti et excepturi nemo.', 'laboriosam'),
(9, 4, 2, 'In autem harum quas.', 'est'),
(10, 5, 1, 'Soluta magni commodi eos laudantium rem tempo', 'fuga'),
(11, 6, 2, 'Corporis quo architecto beatae nisi sed nesci', 'consequatur'),
(12, 7, 3, 'Culpa doloribus ad eveniet.', 'alias'),
(13, 7, 1, 'Cupiditate neque veritatis aspernatur unde.', 'dolor'),
(14, 7, 1, 'Aliquid ipsam architecto sed.', 'quisquam'),
(15, 8, 2, 'Sequi praesentium consectetur occaecati.', 'accusamus'),
(16, 8, 3, 'Voluptatum illum incidunt alias.', 'et'),
(17, 8, 3, 'Dolorem repellat perspiciatis repellat est.', 'incidunt'),
(18, 9, 1, 'Quod amet similique mollitia.', 'porro'),
(19, 9, 1, 'At nobis ipsum dicta quaerat.', 'cumque'),
(20, 11, 3, 'Totam harum accusamus pariatur iure quia magn', 'asperiores'),
(21, 11, 3, 'Similique id qui qui.', 'est'),
(22, 11, 1, 'Ullam ex corporis facere velit.', 'ad'),
(23, 11, 2, 'Corporis iusto repellendus aut nisi sed quisq', 'incidunt'),
(24, 11, 1, 'Cupiditate alias rerum magnam hic repellat.', 'debitis'),
(25, 12, 2, 'Laborum recusandae sequi blanditiis sed repre', 'labore'),
(26, 13, 3, 'Vitae dolores minus nostrum voluptatem dignis', 'cupiditate'),
(27, 14, 1, 'Laboriosam enim sequi dolores.', 'in'),
(28, 14, 2, 'Porro enim accusantium assumenda possimus aut', 'ea'),
(29, 14, 2, 'Quas praesentium velit officia odit quis volu', 'saepe'),
(30, 14, 2, 'Aliquam recusandae quaerat nihil tempora quis', 'necessitatibus'),
(31, 14, 2, 'Nostrum suscipit tenetur culpa.', 'eveniet'),
(32, 15, 2, 'Cum vitae fugit nesciunt voluptates praesenti', 'similique'),
(33, 15, 2, 'Expedita aliquid est quia enim illo quidem od', 'soluta'),
(34, 15, 1, 'Molestiae cum quaerat quod dolore explicabo a', 'provident'),
(35, 16, 2, 'Odit dolore mollitia sequi.', 'inventore'),
(36, 16, 1, 'Consequuntur sit cupiditate aliquam quisquam ', 'consequuntur'),
(37, 16, 2, 'Ipsa eius possimus voluptatum.', 'tenetur'),
(38, 18, 2, 'Eveniet magni nulla quibusdam quasi.', 'earum'),
(39, 19, 3, 'Velit pariatur quae.', 'fugit'),
(40, 19, 3, 'Quos error et repellat nisi dolore vel.', 'inventore'),
(41, 19, 3, 'Sunt sit facilis.', 'aperiam'),
(42, 20, 1, 'Dolor sit repellendus accusamus.', 'ipsam'),
(43, 20, 2, 'Reprehenderit doloribus architecto.', 'eum'),
(44, 21, 1, 'Inventore error repudiandae ipsum.', 'voluptatem'),
(45, 21, 2, 'Facere corporis dolore inventore suscipit et.', 'officia'),
(46, 21, 1, 'Quis facilis quia.', 'illo'),
(47, 21, 3, 'Odio tenetur amet doloremque praesentium faci', 'et'),
(48, 21, 1, 'Dignissimos blanditiis temporibus voluptatum ', 'vero'),
(49, 22, 3, 'Corporis natus voluptatem beatae.', 'doloribus'),
(50, 22, 1, 'In maiores magni quibusdam.', 'quisquam'),
(51, 23, 2, 'Laudantium voluptatibus nobis minima corporis', 'non'),
(52, 23, 1, 'Harum iusto magni molestiae id quod.', 'error'),
(53, 24, 2, 'Quisquam deserunt placeat provident sed est.', 'accusamus'),
(54, 24, 2, 'Expedita sapiente rerum voluptatibus.', 'iusto'),
(55, 24, 3, 'Quasi possimus ipsa iste.', 'et'),
(56, 24, 2, 'Illum hic quaerat.', 'nemo'),
(57, 24, 3, 'Atque quidem at at quos voluptate distinctio.', 'tempore'),
(58, 26, 1, 'Cupiditate hic voluptatem et autem minima ame', 'perspiciatis'),
(59, 26, 1, 'Quia laudantium facilis asperiores atque.', 'voluptates'),
(60, 26, 1, 'Ipsam quis earum temporibus voluptatum quasi ', 'corrupti'),
(61, 26, 2, 'Nobis occaecati beatae at.', 'possimus'),
(62, 26, 3, 'Corporis fugiat omnis nobis quisquam.', 'aliquam'),
(63, 28, 2, 'Iure maiores illum expedita modi rem.', 'quis'),
(64, 28, 3, 'Esse minima molestias voluptates.', 'fuga'),
(65, 29, 2, 'Voluptatibus libero voluptatem molestiae.', 'quo'),
(66, 30, 1, 'Vero deleniti ad atque quaerat quibusdam dign', 'voluptatem'),
(67, 30, 3, 'Vel dicta totam.', 'ut'),
(68, 30, 1, 'Id earum nobis tempora.', 'incidunt'),
(69, 30, 1, 'Dolor consequuntur id sequi eos neque.', 'praesentium'),
(70, 30, 1, 'Qui ad adipisci iste.', 'nostrum'),
(71, 31, 1, 'Voluptatum ad nulla.', 'consequuntur'),
(72, 32, 3, 'Optio quod sit officiis officiis ipsa.', 'quam'),
(73, 32, 2, 'Enim ab dicta recusandae incidunt.', 'molestias'),
(74, 33, 1, 'Laboriosam exercitationem debitis suscipit fa', 'suscipit'),
(75, 33, 3, 'Magni libero corrupti enim.', 'voluptates'),
(76, 33, 2, 'Fuga rem nesciunt nam eum hic reprehenderit.', 'quam'),
(77, 33, 3, 'Earum qui eaque exercitationem.', 'numquam'),
(78, 33, 1, 'Ad harum ipsa.', 'rem'),
(79, 34, 3, 'Mollitia iure aliquid vitae voluptatem.', 'laboriosam'),
(80, 34, 1, 'Similique sapiente explicabo animi dolores re', 'itaque'),
(81, 34, 1, 'Omnis officia nostrum harum aspernatur sed.', 'sunt'),
(82, 35, 2, 'Occaecati voluptatem saepe error maiores at.', 'vitae'),
(83, 35, 2, 'Reprehenderit maxime ab eum.', 'iusto'),
(84, 35, 2, 'Cupiditate architecto non non sequi eos.', 'neque'),
(85, 36, 3, 'Recusandae vero velit odio beatae dolore vel.', 'rem'),
(86, 36, 2, 'Velit sapiente fuga.', 'veritatis'),
(87, 38, 3, 'Ab ut molestiae nostrum voluptatem nemo ad qu', 'mollitia'),
(88, 38, 3, 'Vel dolor repellendus hic eum explicabo.', 'ut'),
(89, 38, 3, 'Quas hic fugit quas amet aliquam.', 'voluptatum'),
(90, 38, 3, 'Numquam recusandae iusto dolor.', 'aut'),
(91, 38, 2, 'Aspernatur a quia quod delectus.', 'corrupti'),
(92, 39, 2, 'Ut voluptates quae culpa aspernatur vero.', 'animi'),
(93, 39, 3, 'Voluptate officia impedit.', 'facilis'),
(94, 40, 2, 'Sint adipisci illum voluptas.', 'rerum'),
(95, 40, 2, 'Fugit doloribus minima enim cum suscipit itaq', 'enim'),
(96, 40, 1, 'Soluta illum inventore quos mollitia vel.', 'tempore'),
(97, 40, 1, 'Eaque praesentium aspernatur vel asperiores e', 'deserunt'),
(98, 41, 2, 'Aliquam qui aliquid unde facere.', 'tempora'),
(99, 41, 3, 'Rem sapiente aperiam corporis.', 'provident'),
(100, 41, 2, 'Debitis laudantium mollitia molestias eligend', 'ratione'),
(101, 41, 3, 'Omnis facere animi rerum vero quia.', 'dolor'),
(102, 41, 2, 'Necessitatibus explicabo dolorum nihil.', 'debitis'),
(103, 43, 3, 'Dolorem quasi laudantium illum.', 'quis'),
(104, 43, 1, 'Ipsam quia voluptate delectus facilis.', 'aliquam'),
(105, 44, 2, 'Vitae id veritatis quos excepturi provident q', 'nesciunt'),
(106, 44, 3, 'Facere odit delectus laborum dolor voluptatib', 'fuga'),
(107, 46, 3, 'Possimus commodi repellat.', 'minima'),
(108, 46, 2, 'Magnam esse deserunt aut adipisci.', 'numquam'),
(109, 46, 2, 'Numquam sint reprehenderit consectetur quis f', 'laudantium'),
(110, 46, 2, 'Quaerat corrupti labore iste eius vero mollit', 'odio'),
(111, 47, 3, 'Perferendis corporis officia.', 'consequuntur'),
(112, 48, 3, 'Optio mollitia quisquam numquam sit.', 'possimus'),
(113, 49, 1, 'Eius provident dolore occaecati in dolor maio', 'officiis'),
(114, 49, 2, 'Occaecati delectus culpa illo veritatis repre', 'ad'),
(115, 49, 3, 'Minima maiores reprehenderit neque id veniam.', 'minima'),
(116, 49, 3, 'Voluptatibus ea ipsa necessitatibus.', 'omnis'),
(117, 49, 1, 'Assumenda aliquam incidunt nemo.', 'id'),
(118, 50, 3, 'Provident quisquam iusto molestias doloribus.', 'corrupti'),
(119, 51, 2, 'Rem neque dolores numquam eaque.', 'harum'),
(120, 51, 2, 'Odio voluptatem sit incidunt dolorum eum vel.', 'molestiae'),
(121, 52, 3, 'Aperiam beatae cumque.', 'cum'),
(122, 52, 1, 'Tempora doloremque inventore ratione.', 'dolore'),
(123, 52, 2, 'Labore culpa tempora quasi quibusdam.', 'odio'),
(124, 52, 1, 'Harum itaque harum id maiores suscipit ex.', 'ea'),
(125, 52, 3, 'Quasi a natus laborum exercitationem dolores ', 'asperiores'),
(126, 53, 1, 'Esse mollitia consectetur labore velit vero.', 'quod'),
(127, 54, 3, 'Maxime officiis dolore ipsam.', 'est'),
(128, 55, 3, 'Harum non accusantium sed fugiat eius.', 'odio'),
(129, 56, 3, 'Sit quasi qui delectus illum porro.', 'voluptatum'),
(130, 56, 2, 'Eveniet asperiores quasi.', 'nemo'),
(131, 56, 1, 'Optio exercitationem itaque natus.', 'explicabo'),
(132, 56, 2, 'Error provident rerum.', 'delectus'),
(133, 58, 3, 'Quam incidunt odit corrupti mollitia accusant', 'totam'),
(134, 58, 1, 'In atque quaerat aspernatur.', 'occaecati'),
(135, 58, 1, 'Culpa inventore consequuntur quis facilis imp', 'maxime'),
(136, 59, 1, 'Blanditiis facilis explicabo unde quibusdam.', 'accusantium'),
(137, 59, 2, 'Rem quam fugiat quae incidunt nostrum maxime.', 'ab'),
(138, 59, 1, 'Quasi cumque perspiciatis ab vitae incidunt b', 'sit'),
(139, 59, 2, 'Perspiciatis minus vel deleniti temporibus so', 'nemo'),
(140, 60, 3, 'Earum facilis tempore eius consectetur.', 'perferendis'),
(141, 61, 2, 'Repellat ratione aliquid corporis alias accus', 'consequuntur'),
(142, 62, 3, 'Numquam facilis nesciunt adipisci veniam laud', 'nobis'),
(143, 62, 2, 'Iure iusto nisi cum velit nostrum sunt fuga.', 'ipsam'),
(144, 62, 1, 'Repudiandae quia aliquam dolor ratione exerci', 'totam'),
(145, 63, 3, 'Expedita perspiciatis facere quasi qui sit.', 'possimus'),
(146, 63, 3, 'Rerum minus impedit consectetur libero aut vi', 'sunt'),
(147, 63, 1, 'Suscipit blanditiis fugit ex hic.', 'dolorum'),
(148, 63, 3, 'Voluptate excepturi neque quod autem perspici', 'accusamus'),
(149, 63, 1, 'Ab quod itaque assumenda.', 'ratione'),
(150, 64, 1, 'Quis numquam sed saepe.', 'itaque'),
(151, 64, 2, 'Distinctio eius dolores magnam.', 'optio'),
(152, 64, 3, 'Aliquid totam iusto debitis fuga.', 'laborum'),
(153, 64, 2, 'Rerum natus asperiores ea.', 'quis'),
(154, 66, 2, 'Inventore perferendis totam corrupti eveniet ', 'unde'),
(155, 66, 3, 'Sed saepe molestias itaque nulla optio volupt', 'unde'),
(156, 66, 2, 'Magni dolorem unde ipsum alias architecto.', 'fugit'),
(157, 66, 1, 'Praesentium rerum debitis reprehenderit odio ', 'consectetur'),
(158, 67, 1, 'Autem praesentium neque vitae harum asperiore', 'tenetur'),
(159, 67, 1, 'Omnis debitis alias dolorem doloremque error ', 'quisquam'),
(160, 67, 1, 'Sequi vel eveniet aut fuga odio consectetur.', 'laboriosam'),
(161, 67, 2, 'Minus voluptas soluta ipsam beatae tempora co', 'a'),
(162, 67, 2, 'Possimus fugit quia dicta commodi.', 'voluptate'),
(163, 68, 1, 'Quae consequatur tenetur assumenda impedit ac', 'labore'),
(164, 68, 1, 'Minima quae non.', 'quisquam'),
(165, 68, 2, 'Veritatis sapiente nulla.', 'assumenda'),
(166, 69, 1, 'Quis doloribus modi illo recusandae.', 'magni'),
(167, 69, 1, 'Officiis odio odit repellat laudantium volupt', 'eos'),
(168, 69, 3, 'Expedita sint nobis placeat ipsum vero.', 'velit'),
(169, 69, 2, 'Atque aut cupiditate ipsam quae iusto volupta', 'animi'),
(170, 70, 3, 'Debitis consectetur dignissimos temporibus.', 'odio'),
(171, 71, 2, 'Aliquid doloribus modi quos cum.', 'facere'),
(172, 72, 3, 'Quos vitae dolorem magni commodi repudiandae ', 'molestias'),
(173, 72, 3, 'Asperiores sed explicabo nulla dicta maiores ', 'sint'),
(174, 72, 1, 'Eligendi illum nesciunt.', 'in'),
(175, 73, 3, 'Aliquam recusandae dolore impedit repellendus', 'architecto'),
(176, 73, 2, 'Architecto itaque voluptatum alias.', 'eveniet'),
(177, 73, 2, 'Porro rem repellendus esse error incidunt sae', 'iure'),
(178, 73, 1, 'Incidunt excepturi quae sit.', 'dignissimos'),
(179, 74, 1, 'Blanditiis modi quaerat tenetur.', 'maxime'),
(180, 75, 1, 'Beatae sint fuga.', 'odio'),
(181, 75, 1, 'Vitae minima voluptatem sunt velit.', 'odit'),
(182, 76, 1, 'Blanditiis dolores neque officia tenetur temp', 'placeat'),
(183, 76, 1, 'Architecto ipsam eos laborum distinctio sit.', 'repudiandae'),
(184, 76, 2, 'Illo veniam vel laboriosam ipsum totam.', 'quos'),
(185, 76, 2, 'Molestiae sunt voluptatibus magnam debitis do', 'molestiae'),
(186, 76, 2, 'Expedita eligendi eius repudiandae.', 'architecto'),
(187, 77, 1, 'Deleniti quas impedit illum placeat.', 'numquam'),
(188, 77, 3, 'Molestias ut incidunt.', 'laudantium'),
(189, 77, 1, 'Ab in laudantium dolore error accusantium rem', 'at'),
(190, 78, 2, 'Odio perferendis ex.', 'magni'),
(191, 78, 1, 'Dolor perspiciatis ut quae cumque iure.', 'optio'),
(192, 79, 3, 'Dolores velit eius placeat dolorem a.', 'rerum'),
(193, 79, 3, 'Aliquid dicta aliquam sapiente rerum.', 'molestias'),
(194, 79, 2, 'Neque asperiores explicabo.', 'ipsum'),
(195, 82, 1, 'Maxime quas eum repellendus.', 'ad'),
(196, 82, 3, 'Non explicabo modi provident minus eaque volu', 'itaque'),
(197, 83, 3, 'Adipisci non nobis iste ducimus ullam odio er', 'alias'),
(198, 83, 3, 'Est expedita at nisi reiciendis aperiam repud', 'vitae'),
(199, 83, 3, 'Nesciunt voluptates optio debitis ex unde cul', 'fuga'),
(200, 83, 2, 'Deserunt labore fugit tempore assumenda modi.', 'aspernatur'),
(201, 84, 1, 'Illum officiis ipsam earum.', 'suscipit'),
(202, 84, 1, 'Officia omnis autem amet aliquam.', 'cum'),
(203, 84, 3, 'Cum quod eveniet qui.', 'nobis'),
(204, 85, 2, 'Reprehenderit placeat eaque magni sed asperna', 'excepturi'),
(205, 87, 2, 'Harum non cum autem veritatis rem.', 'mollitia'),
(206, 87, 1, 'Tempore veniam provident veniam nulla vero as', 'cupiditate'),
(207, 87, 3, 'Earum perferendis dolorem alias.', 'ex'),
(208, 87, 1, 'Ea doloremque illum magni porro architecto ad', 'fuga'),
(209, 88, 3, 'Atque cum voluptates quae veritatis laborum a', 'inventore'),
(210, 88, 2, 'Sequi ipsum iure similique voluptas.', 'facilis'),
(211, 88, 3, 'Reiciendis sequi enim recusandae dignissimos ', 'vero'),
(212, 88, 2, 'Et possimus assumenda dignissimos provident e', 'temporibus'),
(213, 88, 1, 'Tempore eligendi vel nobis maxime.', 'distinctio'),
(214, 89, 1, 'At unde debitis sit molestiae nostrum nobis.', 'aliquam'),
(215, 89, 1, 'Nemo minima soluta.', 'eaque'),
(216, 89, 1, 'Sunt illum provident.', 'vel'),
(217, 89, 3, 'Animi itaque vitae repellat sit molestiae.', 'culpa'),
(218, 90, 2, 'Enim eaque sit corrupti ullam deleniti accusa', 'odit'),
(219, 90, 2, 'Nam nostrum nam dicta tempore possimus impedi', 'nostrum'),
(220, 91, 2, 'Earum a aut ad eum id odit.', 'nihil'),
(221, 92, 2, 'Quidem temporibus minus quos.', 'fugit'),
(222, 92, 1, 'Necessitatibus harum possimus suscipit modi l', 'facilis'),
(223, 92, 1, 'Enim minus quae ea.', 'vel'),
(224, 92, 1, 'Accusamus eum provident ut.', 'voluptatem'),
(225, 92, 1, 'Possimus eaque minus voluptas ipsum nobis.', 'odio'),
(226, 93, 1, 'Iste quidem quia.', 'soluta'),
(227, 96, 2, 'Magnam sit quas reiciendis ut dolores.', 'amet'),
(228, 98, 1, 'Vel amet necessitatibus quod dignissimos erro', 'asperiores'),
(229, 99, 3, 'Perferendis numquam cupiditate veniam dolores', 'officiis'),
(230, 100, 1, 'Corrupti totam praesentium culpa ducimus.', 'nostrum'),
(231, 100, 2, 'Aperiam aspernatur incidunt provident.', 'dicta'),
(232, 100, 1, 'Possimus aut fugiat temporibus assumenda pers', 'beatae'),
(233, 101, 3, 'Necessitatibus nihil tempora quam tempore con', 'cum'),
(234, 101, 1, 'Voluptate cum odio adipisci natus est exercit', 'vel'),
(235, 101, 1, 'Culpa maiores nulla doloremque debitis volupt', 'mollitia'),
(236, 102, 1, 'Sint sed et unde quae.', 'eligendi'),
(237, 103, 2, 'Odit itaque placeat distinctio.', 'occaecati'),
(238, 103, 2, 'Architecto vitae laborum et autem fugiat corr', 'necessitatibus'),
(239, 104, 1, 'Voluptatibus eligendi veritatis reprehenderit', 'hic'),
(240, 105, 1, 'Vel nam fugit in.', 'rem'),
(241, 105, 2, 'Magni odio iste totam repudiandae officia por', 'sapiente'),
(242, 105, 2, 'Optio accusantium consequuntur ea.', 'alias'),
(243, 105, 3, 'Nobis dicta error reiciendis explicabo delect', 'quas'),
(244, 105, 3, 'Vel adipisci quod consequatur pariatur.', 'dolorem'),
(245, 106, 3, 'Possimus enim mollitia odio.', 'quam'),
(246, 106, 1, 'Similique ullam dolores laboriosam numquam er', 'sed'),
(247, 106, 3, 'Ratione officiis magnam minima fugiat.', 'eius'),
(248, 106, 3, 'Consectetur voluptatem aspernatur eligendi qu', 'odit'),
(249, 107, 1, 'Iste harum saepe corrupti.', 'asperiores'),
(250, 107, 2, 'Ducimus tempora nulla temporibus nostrum simi', 'voluptate'),
(251, 107, 2, 'Atque sapiente quasi laudantium.', 'consequatur'),
(252, 107, 1, 'Soluta error veniam dolore culpa nihil molest', 'provident'),
(253, 107, 3, 'Totam magni vel dolore consequuntur odit.', 'debitis'),
(254, 108, 3, 'Occaecati molestias natus id praesentium.', 'distinctio'),
(255, 108, 3, 'Aspernatur nulla at nobis in.', 'iste'),
(256, 108, 3, 'Voluptate nesciunt ea.', 'consequuntur'),
(257, 109, 3, 'Harum laboriosam natus esse sequi aliquid.', 'nulla'),
(258, 109, 1, 'Est aperiam blanditiis.', 'fugiat'),
(259, 109, 1, 'Accusamus ad ipsum soluta voluptas.', 'placeat'),
(260, 109, 2, 'Recusandae necessitatibus suscipit ullam.', 'vitae'),
(261, 109, 3, 'Officiis id nostrum blanditiis pariatur volup', 'illo'),
(262, 110, 2, 'Nihil consequuntur illum autem repellendus el', 'repellat'),
(263, 110, 1, 'Architecto ullam corporis saepe perspiciatis.', 'perspiciatis'),
(264, 110, 2, 'Exercitationem et ex consequuntur repudiandae', 'odio'),
(265, 111, 1, 'Aliquid facilis recusandae perspiciatis.', 'cum'),
(266, 111, 3, 'Enim iste nesciunt aspernatur nesciunt unde o', 'quibusdam'),
(267, 111, 3, 'Exercitationem necessitatibus odit.', 'ut'),
(268, 112, 3, 'Totam temporibus nemo laudantium quam laborio', 'quisquam'),
(269, 112, 2, 'Aperiam optio iste modi.', 'neque'),
(270, 113, 2, 'Dolore quisquam illum deleniti eius perferend', 'numquam'),
(271, 113, 1, 'Possimus sunt nihil a.', 'aliquid'),
(272, 113, 3, 'Qui sint maxime at vel nostrum praesentium.', 'libero'),
(273, 113, 3, 'Pariatur nostrum veritatis quidem iure.', 'repudiandae'),
(274, 114, 2, 'Commodi eum nihil deserunt at.', 'a'),
(275, 114, 2, 'Molestias optio ullam numquam magnam similiqu', 'recusandae'),
(276, 114, 1, 'Officia aliquam tenetur exercitationem.', 'possimus'),
(277, 114, 2, 'Saepe corporis facere dolorum iste.', 'reprehenderit'),
(278, 114, 1, 'Sed possimus assumenda explicabo consequatur ', 'alias'),
(279, 115, 2, 'Tempore libero expedita repudiandae quo recus', 'minima'),
(280, 115, 3, 'Aliquam eos facilis placeat voluptatum ad sim', 'incidunt'),
(281, 115, 2, 'Dolores est reprehenderit quod.', 'delectus'),
(282, 116, 1, 'Est nemo reprehenderit voluptatem atque minim', 'sapiente'),
(283, 117, 2, 'Nostrum tenetur quibusdam.', 'soluta'),
(284, 117, 2, 'Ut quod vel voluptatum.', 'doloribus'),
(285, 117, 2, 'Aliquam blanditiis quam officiis debitis quam', 'doloremque'),
(286, 117, 3, 'Fugiat blanditiis quis quod consectetur quaer', 'sunt'),
(287, 118, 2, 'Eaque qui molestias a.', 'omnis'),
(288, 118, 3, 'Natus aliquam deleniti error consequatur vero', 'recusandae'),
(289, 118, 2, 'Maxime ab error natus.', 'vel'),
(290, 118, 3, 'Suscipit est minima cum velit provident aut.', 'eveniet'),
(291, 118, 1, 'Et recusandae provident harum nobis magni ass', 'officia'),
(292, 119, 3, 'Nisi est minus ad fugit earum.', 'optio'),
(293, 119, 3, 'Incidunt soluta molestias architecto.', 'velit'),
(294, 120, 2, 'Est ab consequuntur.', 'ut'),
(295, 120, 3, 'Laborum consequatur incidunt incidunt.', 'possimus'),
(296, 120, 1, 'Illo reprehenderit aliquid facere.', 'voluptas'),
(297, 122, 1, 'Ab inventore animi totam quod quibusdam.', 'a'),
(298, 122, 1, 'Quo numquam veritatis atque ipsam enim.', 'qui'),
(299, 123, 3, 'Corporis a ipsum ducimus nostrum quae.', 'autem'),
(300, 123, 2, 'Ducimus vero vel blanditiis voluptatem.', 'culpa'),
(301, 123, 3, 'Ullam maxime perspiciatis doloribus.', 'eum'),
(302, 123, 3, 'Facilis perspiciatis earum minus cum repudian', 'minus'),
(303, 124, 2, 'Repudiandae natus impedit minus eligendi quam', 'earum'),
(304, 124, 1, 'Eaque neque dolorem autem aliquid beatae.', 'asperiores'),
(305, 124, 1, 'Voluptate dolores maiores.', 'harum'),
(306, 124, 1, 'Nobis voluptatum occaecati ullam incidunt por', 'adipisci'),
(307, 124, 1, 'Quae dolor non dolorem nam qui praesentium.', 'delectus'),
(308, 125, 1, 'Dolorem nesciunt tempore mollitia blanditiis ', 'sed'),
(309, 125, 1, 'Beatae sint saepe distinctio quas.', 'possimus'),
(310, 125, 3, 'Ipsam debitis vel.', 'corporis'),
(311, 125, 2, 'Asperiores minus sit aliquid.', 'perferendis'),
(312, 127, 1, 'Sit reprehenderit quod vitae.', 'at'),
(313, 128, 2, 'Culpa dolores ipsum quo magni illo.', 'reiciendis'),
(314, 128, 1, 'Nisi illum placeat sequi tempora.', 'dolor'),
(315, 128, 1, 'Dolor unde assumenda sint blanditiis.', 'pariatur'),
(316, 128, 1, 'Asperiores officia officiis similique consequ', 'temporibus'),
(317, 128, 3, 'Iure optio debitis accusamus rem at.', 'iure'),
(318, 129, 2, 'Nam quos vero.', 'atque'),
(319, 129, 1, 'Error cumque explicabo error.', 'error'),
(320, 129, 2, 'Dolor ipsam fugiat fugiat cum similique.', 'incidunt'),
(321, 130, 2, 'Molestiae consectetur dolores qui eos.', 'dolore'),
(322, 130, 1, 'Cupiditate unde odit nihil recusandae rem lab', 'optio'),
(323, 130, 2, 'Unde perspiciatis eius facere repudiandae.', 'placeat'),
(324, 131, 1, 'Velit eius nobis magnam.', 'officia'),
(325, 131, 2, 'Maiores qui recusandae ipsam.', 'minima'),
(326, 132, 1, 'Ea assumenda atque eius hic molestiae.', 'eum'),
(327, 133, 1, 'Dolores tempore aliquid laboriosam ipsam iust', 'exercitationem'),
(328, 133, 2, 'Aut a maiores aspernatur.', 'quae'),
(329, 133, 2, 'Quasi nobis corporis reiciendis neque veniam.', 'cumque'),
(330, 134, 1, 'Ipsa cupiditate itaque at delectus.', 'esse'),
(331, 136, 2, 'Minus nam dolor voluptatem officiis autem acc', 'id'),
(332, 136, 1, 'Provident ratione nisi.', 'dignissimos'),
(333, 136, 3, 'Sint quisquam laboriosam in deleniti repudian', 'recusandae'),
(334, 136, 3, 'Reiciendis molestias voluptates dicta ipsa al', 'aliquid'),
(335, 136, 2, 'Labore sint esse ipsam enim ut omnis.', 'pariatur'),
(336, 137, 2, 'Ad quam dolorem laboriosam earum suscipit.', 'ratione'),
(337, 137, 1, 'Atque incidunt inventore ea.', 'quaerat'),
(338, 138, 1, 'Consequuntur velit natus reiciendis atque qua', 'nemo'),
(339, 138, 2, 'Soluta non placeat eveniet voluptate.', 'voluptatum'),
(340, 138, 1, 'Ipsam harum voluptatibus labore.', 'molestias'),
(341, 138, 2, 'Ad harum repellat eligendi ipsum.', 'suscipit'),
(342, 139, 1, 'Consequatur fugiat natus sequi quis cupiditat', 'dolor'),
(343, 140, 2, 'Dicta consectetur fuga dolorum.', 'harum'),
(344, 140, 1, 'Aperiam culpa expedita debitis molestiae.', 'distinctio'),
(345, 141, 2, 'Minus tempora consectetur voluptate quos moll', 'quod'),
(346, 142, 1, 'Nisi ipsa iste fugit doloremque.', 'facere'),
(347, 142, 1, 'Beatae officiis blanditiis quae.', 'esse'),
(348, 142, 3, 'Quisquam iste neque placeat quia minus volupt', 'consectetur'),
(349, 142, 1, 'Maxime nostrum iusto molestiae iste occaecati', 'officiis'),
(350, 142, 3, 'Nam vel saepe ipsam.', 'nisi'),
(351, 143, 2, 'Perferendis accusantium ullam natus officia.', 'eum'),
(352, 143, 1, 'Vero sed repellendus at expedita est.', 'soluta'),
(353, 143, 2, 'Veniam dicta eaque laboriosam mollitia neque.', 'optio'),
(354, 143, 2, 'Consectetur eum omnis a deleniti possimus rep', 'consequatur'),
(355, 143, 2, 'Molestiae nostrum nisi maiores delectus.', 'molestias'),
(356, 144, 1, 'Placeat enim blanditiis nam reprehenderit.', 'esse'),
(357, 145, 2, 'Nesciunt nobis architecto officiis error labo', 'facilis'),
(358, 147, 3, 'Optio quaerat numquam molestias commodi corru', 'officia'),
(359, 147, 1, 'Saepe distinctio beatae vitae consequuntur as', 'illo'),
(360, 148, 3, 'Sapiente perspiciatis nesciunt voluptatum quo', 'reiciendis'),
(361, 148, 2, 'Adipisci porro labore iusto iure laudantium m', 'sit'),
(362, 148, 3, 'Nesciunt quia vel voluptatem.', 'sit'),
(363, 149, 2, 'Libero iure facilis necessitatibus.', 'minima'),
(364, 149, 1, 'Eius explicabo ipsum cumque doloremque hic as', 'veritatis'),
(365, 149, 1, 'Ducimus delectus porro maxime voluptatem dolo', 'excepturi'),
(366, 149, 1, 'Velit velit provident consectetur quam.', 'iusto'),
(367, 150, 3, 'Fugiat veritatis illum neque nesciunt iure.', 'placeat'),
(368, 151, 3, 'Praesentium qui consectetur itaque nostrum al', 'dolor'),
(369, 151, 2, 'Temporibus ex ex.', 'rerum'),
(370, 153, 3, 'Tenetur dolores at.', 'dolor'),
(371, 153, 1, 'Commodi nisi optio facilis.', 'adipisci'),
(372, 153, 3, 'Labore harum dignissimos veniam tempore.', 'repellat'),
(373, 153, 1, 'Nisi debitis minus.', 'amet'),
(374, 153, 3, 'Ullam eum ipsa perspiciatis.', 'at'),
(375, 155, 3, 'Esse sequi facilis earum libero.', 'culpa'),
(376, 155, 3, 'Vero voluptas est totam inventore est.', 'at'),
(377, 155, 2, 'Ratione mollitia possimus temporibus.', 'adipisci'),
(378, 155, 2, 'Asperiores enim magnam excepturi eos.', 'molestias'),
(379, 155, 3, 'Labore consectetur cumque accusantium asperna', 'a'),
(380, 156, 1, 'Beatae ullam id harum.', 'ut'),
(381, 156, 3, 'Debitis dolorem voluptatibus consectetur anim', 'possimus'),
(382, 157, 1, 'Atque illum officiis nulla vel blanditiis.', 'totam'),
(383, 157, 2, 'Quaerat iusto accusamus aspernatur quia repre', 'voluptatibus'),
(384, 157, 2, 'Cum officiis perferendis architecto.', 'occaecati'),
(385, 157, 3, 'Blanditiis incidunt quisquam facere.', 'reiciendis'),
(386, 158, 2, 'Error laborum quam.', 'officia'),
(387, 158, 1, 'Quas quidem illo soluta vitae repudiandae und', 'non'),
(388, 159, 2, 'Animi iusto excepturi maxime rem corporis vol', 'harum'),
(389, 160, 1, 'Laudantium cumque at numquam eum aliquid.', 'alias'),
(390, 160, 2, 'Reprehenderit doloremque reiciendis dignissim', 'labore'),
(391, 160, 1, 'Neque excepturi sapiente placeat placeat inci', 'iste'),
(392, 160, 3, 'Occaecati nulla vel magni facilis consequuntu', 'sapiente'),
(393, 161, 1, 'Expedita repellat vitae enim blanditiis earum', 'est'),
(394, 161, 3, 'Inventore maxime pariatur.', 'culpa'),
(395, 161, 1, 'Modi aspernatur nam molestias.', 'corrupti'),
(396, 161, 3, 'Consequuntur nam nihil asperiores.', 'cupiditate'),
(397, 162, 3, 'Corporis doloribus quisquam consectetur culpa', 'modi'),
(398, 162, 3, 'Excepturi vitae reprehenderit dolores autem l', 'provident'),
(399, 162, 2, 'Consectetur rem eveniet sunt.', 'excepturi'),
(400, 164, 1, 'Corrupti fuga voluptatem nemo.', 'cupiditate'),
(401, 164, 2, 'Dolores accusantium fugiat amet placeat sunt ', 'minus'),
(402, 165, 2, 'Non asperiores aliquam tempore nesciunt.', 'repellat'),
(403, 165, 3, 'Incidunt sit mollitia et earum impedit.', 'cupiditate'),
(404, 166, 2, 'Animi est est ut minus a aut.', 'ut'),
(405, 166, 1, 'Nihil adipisci sapiente non iusto.', 'maxime'),
(406, 166, 1, 'Repudiandae ea necessitatibus aperiam possimu', 'molestiae'),
(407, 166, 2, 'Totam rerum aspernatur sapiente.', 'ea'),
(408, 167, 3, 'Odit veritatis temporibus quasi dignissimos.', 'dolore'),
(409, 167, 2, 'Repellat officia ipsam id minima placeat.', 'saepe'),
(410, 167, 1, 'Tempore ut tempora fuga saepe non recusandae ', 'esse'),
(411, 168, 3, 'Debitis nulla eius ab.', 'officiis'),
(412, 168, 3, 'Totam eveniet earum neque unde.', 'enim'),
(413, 168, 3, 'Reprehenderit facere accusantium.', 'excepturi'),
(414, 169, 1, 'Molestiae aut ullam iste expedita veniam.', 'natus'),
(415, 170, 3, 'Molestias facilis fuga dolores dolore fugit l', 'porro'),
(416, 170, 1, 'Veniam deleniti aspernatur magnam dicta debit', 'earum'),
(417, 171, 1, 'Labore ipsa earum.', 'repellat'),
(418, 172, 3, 'Veritatis totam dolor minima corrupti.', 'corrupti'),
(419, 172, 2, 'Doloremque illum sed rerum cupiditate volupta', 'beatae'),
(420, 172, 3, 'Praesentium nesciunt corrupti.', 'nulla'),
(421, 172, 2, 'Nesciunt ea doloremque perspiciatis sequi tem', 'explicabo'),
(422, 172, 3, 'Beatae praesentium accusamus hic.', 'iusto'),
(423, 173, 1, 'Quas quis voluptates suscipit nobis sit.', 'qui'),
(424, 174, 2, 'Harum molestias voluptatibus quis.', 'dolor'),
(425, 175, 2, 'Sapiente alias maxime dignissimos voluptates ', 'voluptatem'),
(426, 175, 1, 'Quibusdam nisi temporibus officia nobis harum', 'modi'),
(427, 176, 2, 'Esse odio ratione magnam.', 'beatae'),
(428, 176, 1, 'Accusantium ipsa voluptate voluptate.', 'natus'),
(429, 176, 1, 'Provident nesciunt nesciunt perspiciatis volu', 'praesentium'),
(430, 176, 1, 'Veritatis minus aspernatur.', 'odio'),
(431, 176, 1, 'Iste omnis maxime dignissimos optio dolores d', 'qui'),
(432, 177, 3, 'Sequi explicabo voluptate vel.', 'aliquam'),
(433, 177, 1, 'Accusamus exercitationem inventore dolor.', 'ipsa'),
(434, 177, 3, 'Quasi totam illum fugiat distinctio.', 'repudiandae'),
(435, 177, 1, 'Vero pariatur nulla praesentium cupiditate.', 'officiis'),
(436, 178, 2, 'Rerum temporibus fugit illo cumque porro laud', 'sed'),
(437, 178, 3, 'Voluptas quo magni iure nobis.', 'nulla'),
(438, 178, 3, 'Commodi cum id repudiandae tempore eaque dist', 'ipsam'),
(439, 178, 1, 'Odio architecto veritatis adipisci.', 'maiores'),
(440, 178, 3, 'Adipisci recusandae quae iure cupiditate ipsu', 'earum'),
(441, 179, 3, 'Nobis magnam in.', 'nemo'),
(442, 179, 2, 'Delectus eum nulla.', 'excepturi'),
(443, 179, 2, 'Veniam accusantium officia.', 'omnis'),
(444, 180, 3, 'Nemo similique adipisci dolor aliquid.', 'repellat'),
(445, 180, 2, 'Vero vitae quo.', 'quo'),
(446, 180, 1, 'Suscipit adipisci culpa dolor.', 'voluptate'),
(447, 181, 2, 'Corporis illum officia quisquam quo eius.', 'cupiditate'),
(448, 182, 1, 'Sapiente reprehenderit consequuntur.', 'provident'),
(449, 182, 3, 'Dolores quod unde repudiandae.', 'praesentium'),
(450, 182, 1, 'Totam necessitatibus excepturi iure aliquid i', 'nihil'),
(451, 183, 3, 'Harum repellat voluptas dolorem vel fugiat as', 'blanditiis'),
(452, 183, 3, 'Velit aut veniam culpa.', 'veniam'),
(453, 184, 3, 'Ea qui voluptates maiores.', 'eaque'),
(454, 184, 2, 'Asperiores corrupti laborum corrupti fuga fac', 'quia'),
(455, 184, 2, 'In sit reprehenderit cupiditate magnam iure e', 'optio'),
(456, 184, 2, 'Veritatis neque porro numquam laborum expedit', 'quam'),
(457, 186, 2, 'Vitae maiores amet odio ab unde doloremque qu', 'sed'),
(458, 186, 1, 'Nemo labore corrupti unde.', 'ratione'),
(459, 186, 3, 'Occaecati explicabo nostrum ipsam ducimus.', 'maxime'),
(460, 187, 3, 'Eligendi voluptatibus voluptate blanditiis al', 'ipsa'),
(461, 187, 1, 'Dolorum amet doloribus accusamus.', 'perferendis'),
(462, 188, 3, 'Consequatur inventore illum modi maiores vero', 'perspiciatis'),
(463, 189, 2, 'Ex quis illo animi eius aspernatur recusandae', 'dolore'),
(464, 189, 2, 'Consequuntur repellendus beatae autem recusan', 'nostrum'),
(465, 190, 1, 'Alias sit magni inventore numquam odit fugiat', 'perferendis'),
(466, 190, 2, 'Atque id architecto sunt veritatis facere fug', 'nesciunt'),
(467, 190, 1, 'Atque explicabo cum ut magni.', 'odit'),
(468, 190, 1, 'Libero quo molestias ullam.', 'a'),
(469, 190, 3, 'Soluta nihil aliquam culpa nostrum.', 'eos'),
(470, 191, 3, 'Repellendus earum neque beatae eaque fugit ex', 'esse'),
(471, 192, 2, 'Nostrum sed ab sapiente in.', 'magni'),
(472, 192, 3, 'Dolorem ex quia quidem dolores.', 'dolorem'),
(473, 192, 1, 'Numquam saepe beatae amet.', 'ratione'),
(474, 193, 1, 'Quam nulla nesciunt provident cum quibusdam r', 'perspiciatis'),
(475, 193, 1, 'Eaque maiores incidunt aut.', 'maiores'),
(476, 193, 1, 'Aperiam pariatur incidunt quisquam dicta dese', 'reiciendis'),
(477, 194, 3, 'Nihil velit excepturi eos doloribus repellend', 'tempora'),
(478, 194, 3, 'Est dolore dolorem aut.', 'necessitatibus'),
(479, 194, 3, 'Ad natus ipsum.', 'voluptate'),
(480, 195, 1, 'Maiores hic iure dolorem.', 'temporibus'),
(481, 195, 2, 'Dignissimos temporibus voluptate ab sapiente ', 'consequuntur'),
(482, 196, 1, 'Illo sit distinctio cumque.', 'id'),
(483, 196, 3, 'Animi omnis quis animi.', 'temporibus'),
(484, 196, 1, 'Facilis dolor ducimus modi ipsum illum.', 'nostrum'),
(485, 196, 1, 'Fugiat numquam ipsum odit.', 'aut'),
(486, 197, 1, 'Molestias eius rem optio aut est consequatur.', 'veritatis'),
(487, 197, 2, 'Amet vero eius delectus culpa.', 'corporis'),
(488, 197, 1, 'Quo quisquam quod explicabo recusandae.', 'ea'),
(489, 198, 2, 'Illo ratione nulla commodi.', 'illum'),
(490, 198, 2, 'Ducimus rem animi reiciendis voluptatibus fac', 'nihil'),
(491, 198, 2, 'Tempora velit sunt.', 'perferendis'),
(492, 198, 1, 'Maiores amet quas error harum.', 'iste'),
(493, 199, 1, 'Fuga temporibus nobis aliquid sit.', 'ad'),
(494, 199, 2, 'Aliquid exercitationem quo soluta totam.', 'eius'),
(495, 199, 2, 'Error beatae officia nemo aut.', 'dolore'),
(496, 200, 2, 'Minima ad amet distinctio quos asperiores sap', 'neque'),
(497, 200, 1, 'Excepturi nobis iure exercitationem.', 'quo'),
(498, 200, 1, 'At exercitationem maxime.', 'earum'),
(499, 200, 3, 'Similique maiores ea aspernatur esse.', 'nostrum'),
(500, 202, 3, 'Nemo distinctio nulla nisi.', 'voluptatibus'),
(501, 202, 3, 'Illo quas dolorum sequi laboriosam recusandae', 'nesciunt'),
(502, 202, 2, 'Amet laboriosam provident quasi optio illum n', 'laboriosam'),
(503, 202, 2, 'Similique qui dolorum ea.', 'pariatur'),
(504, 202, 3, 'Cumque excepturi qui.', 'dolor'),
(505, 204, 3, 'Qui totam quisquam quasi.', 'accusantium'),
(506, 204, 3, 'Eaque voluptatibus molestias.', 'consequuntur'),
(507, 204, 2, 'Quae ea quo nobis.', 'incidunt'),
(508, 204, 1, 'Facere eligendi exercitationem optio iste.', 'architecto'),
(509, 204, 3, 'Voluptate eum reiciendis pariatur quaerat ab ', 'eum'),
(510, 206, 3, 'Quae suscipit architecto adipisci eius.', 'reprehenderit'),
(511, 207, 2, 'Nihil tempore assumenda labore.', 'aspernatur'),
(512, 207, 2, 'Quibusdam aliquam reiciendis rerum debitis ea', 'qui'),
(513, 207, 3, 'Autem veniam quia non facere iure harum volup', 'odio'),
(514, 207, 3, 'Veniam odit cum tempore nisi.', 'deserunt'),
(515, 208, 3, 'Voluptatibus facilis nihil perspiciatis quasi', 'fugit'),
(516, 208, 3, 'Labore eum eius at non magni.', 'maxime'),
(517, 209, 1, 'Occaecati mollitia sapiente.', 'ex'),
(518, 209, 2, 'Sit accusamus distinctio blanditiis repellend', 'culpa'),
(519, 209, 2, 'Non non voluptate esse quia.', 'amet'),
(520, 209, 1, 'Provident numquam velit nostrum.', 'cupiditate'),
(521, 210, 3, 'Temporibus dicta at voluptate.', 'delectus'),
(522, 210, 2, 'Neque aspernatur vitae quam iure amet.', 'exercitationem'),
(523, 210, 3, 'Voluptas ut voluptates autem hic delectus mol', 'dolor'),
(524, 211, 3, 'Perspiciatis consectetur praesentium quasi ne', 'a'),
(525, 211, 1, 'Ratione dolorum aut id provident.', 'porro'),
(526, 211, 2, 'Sint error tenetur inventore nam.', 'perferendis'),
(527, 212, 1, 'In amet ullam nulla.', 'molestias'),
(528, 212, 1, 'Aut culpa adipisci officia nobis pariatur rem', 'harum'),
(529, 212, 3, 'Cumque iure iste.', 'eum'),
(530, 212, 2, 'Accusantium dolores eos deserunt culpa recusa', 'voluptatum'),
(531, 212, 2, 'Nobis necessitatibus eius non error laborum.', 'illum'),
(532, 213, 3, 'Perferendis nihil corporis consectetur.', 'aspernatur'),
(533, 213, 2, 'Inventore quo tempore necessitatibus repudian', 'reprehenderit'),
(534, 213, 1, 'Sint enim doloribus quae nam excepturi dignis', 'tenetur'),
(535, 213, 2, 'Fugit quia pariatur illo repellat sunt.', 'ex'),
(536, 215, 1, 'Doloribus quia qui necessitatibus modi quibus', 'alias'),
(537, 215, 3, 'Nemo ducimus quas minima.', 'occaecati'),
(538, 215, 1, 'Reiciendis sapiente molestiae tenetur.', 'iste'),
(539, 217, 2, 'In quibusdam officia unde commodi voluptatibu', 'odit'),
(540, 217, 3, 'Ipsa quia accusamus quia nostrum vitae.', 'eaque'),
(541, 218, 3, 'Facilis perspiciatis consequatur suscipit eli', 'officia'),
(542, 219, 2, 'Dicta esse nesciunt debitis doloremque.', 'tenetur'),
(543, 219, 3, 'Consequuntur eum neque deserunt ex.', 'minus'),
(544, 219, 3, 'Quam placeat facere autem amet quia deleniti ', 'pariatur'),
(545, 219, 1, 'Reiciendis non hic ducimus.', 'veniam'),
(546, 220, 1, 'Placeat numquam omnis commodi.', 'quibusdam'),
(547, 220, 2, 'Qui modi nisi dicta tempore.', 'possimus'),
(548, 221, 1, 'Nam illum perferendis quibusdam amet.', 'corrupti'),
(549, 221, 1, 'A magnam autem ab perspiciatis illo qui.', 'ex'),
(550, 222, 1, 'Sapiente asperiores mollitia itaque architect', 'dolore'),
(551, 222, 1, 'Sunt quisquam corrupti accusantium velit unde', 'repellendus'),
(552, 222, 1, 'Nisi asperiores aut voluptatum.', 'autem'),
(553, 222, 2, 'Doloremque hic maxime amet enim ut eveniet.', 'ipsum'),
(554, 223, 2, 'Eos similique assumenda.', 'esse'),
(555, 223, 1, 'Perspiciatis pariatur perspiciatis.', 'molestias'),
(556, 224, 2, 'Ad facilis sapiente recusandae quidem sunt od', 'facilis'),
(557, 224, 3, 'Sunt fugiat quidem rerum.', 'similique'),
(558, 224, 2, 'Sequi excepturi veniam eius.', 'vero'),
(559, 224, 2, 'Omnis totam eos culpa.', 'animi'),
(560, 224, 3, 'Alias labore impedit nihil quisquam vero.', 'nulla'),
(561, 226, 2, 'Praesentium nisi culpa.', 'facilis'),
(562, 226, 1, 'Nulla eaque animi vitae.', 'molestiae'),
(563, 226, 1, 'Culpa hic ut ipsa perferendis deserunt sapien', 'optio'),
(564, 226, 2, 'Ipsum laborum tempora.', 'omnis'),
(565, 226, 1, 'Ullam asperiores id assumenda.', 'explicabo'),
(566, 227, 1, 'Magni commodi omnis eligendi illo nobis iusto', 'necessitatibus'),
(567, 227, 1, 'Commodi repudiandae nihil nihil laudantium.', 'labore'),
(568, 228, 2, 'Delectus ducimus nam sequi.', 'perferendis'),
(569, 228, 3, 'Vero non minima voluptatum nam nobis dicta mo', 'eos'),
(570, 228, 2, 'Recusandae blanditiis minima.', 'velit'),
(571, 229, 3, 'Illo iste corrupti vero cumque cupiditate.', 'quasi'),
(572, 229, 2, 'Rem provident nesciunt quam.', 'aliquam'),
(573, 229, 2, 'Id eveniet ducimus omnis nesciunt id quos dig', 'eum'),
(574, 230, 3, 'Distinctio omnis asperiores omnis quibusdam v', 'dolores'),
(575, 230, 2, 'Hic nostrum illo autem impedit odio iste.', 'atque'),
(576, 230, 1, 'Unde cum iure error.', 'molestias'),
(577, 231, 3, 'Hic vitae dolorum error soluta.', 'quos'),
(578, 232, 3, 'Occaecati illo sed enim perspiciatis nemo.', 'occaecati'),
(579, 233, 2, 'Rerum nobis officia quasi tenetur distinctio ', 'rerum'),
(580, 233, 3, 'Deserunt quisquam nulla nisi doloribus nesciu', 'debitis'),
(581, 233, 3, 'Incidunt reiciendis vero voluptatibus harum.', 'dolorem'),
(582, 233, 2, 'Ad laudantium temporibus officiis voluptates.', 'fuga'),
(583, 233, 3, 'Fugiat corporis architecto ratione inventore ', 'consectetur'),
(584, 235, 3, 'Voluptates aspernatur commodi dicta blanditii', 'voluptatibus'),
(585, 235, 1, 'A ex mollitia asperiores alias.', 'aut'),
(586, 236, 3, 'Commodi excepturi veniam quasi neque illo sit', 'magni'),
(587, 236, 1, 'Nulla nobis sit recusandae dolores atque.', 'minus'),
(588, 236, 3, 'Praesentium temporibus aut fugiat.', 'dicta'),
(589, 236, 2, 'Similique iure saepe repellat reprehenderit v', 'reiciendis'),
(590, 238, 2, 'Eligendi ratione facilis provident neque.', 'nesciunt'),
(591, 238, 2, 'Vitae possimus ipsum minus possimus odit dolo', 'sunt'),
(592, 238, 2, 'Impedit quibusdam repellendus voluptatum dese', 'occaecati'),
(593, 238, 1, 'Dolorum reiciendis nobis quae maiores delectu', 'perspiciatis'),
(594, 238, 2, 'Voluptatibus maxime iusto accusantium harum v', 'veniam'),
(595, 239, 2, 'Fugiat odit reprehenderit quam id.', 'vel'),
(596, 239, 3, 'Repudiandae quos fugit voluptas facere beatae', 'dignissimos'),
(597, 239, 3, 'Cupiditate explicabo ipsa dolorum.', 'voluptas'),
(598, 239, 3, 'Dolor sapiente consequuntur exercitationem na', 'a'),
(599, 240, 3, 'Ducimus aliquam aut esse consequuntur.', 'beatae'),
(600, 240, 2, 'Vero nam similique neque corrupti consequatur', 'veniam'),
(601, 241, 3, 'Cupiditate dolores commodi nobis accusamus.', 'voluptate'),
(602, 242, 3, 'Nesciunt quas necessitatibus fugit.', 'nemo'),
(603, 242, 2, 'Sapiente reprehenderit sed labore.', 'enim'),
(604, 242, 1, 'Sunt iure ut iste ratione laudantium.', 'quisquam'),
(605, 243, 1, 'Quo vel eveniet ipsum placeat dolore labore a', 'ipsa'),
(606, 243, 2, 'Dolores beatae mollitia eius neque.', 'provident'),
(607, 243, 3, 'Ab deserunt voluptates.', 'quibusdam'),
(608, 243, 1, 'Commodi ipsum iure tenetur ab quidem.', 'quaerat'),
(609, 243, 1, 'Repellendus iusto neque reprehenderit.', 'quibusdam'),
(610, 246, 2, 'Consequuntur qui reprehenderit sint.', 'odit'),
(611, 246, 1, 'A itaque autem deserunt molestiae ad.', 'optio'),
(612, 246, 3, 'Vero necessitatibus cupiditate officia accusa', 'itaque'),
(613, 246, 1, 'Deserunt perferendis adipisci tenetur ducimus', 'tempora'),
(614, 246, 1, 'Rerum totam incidunt dignissimos saepe.', 'quod'),
(615, 247, 1, 'Quis necessitatibus magnam deserunt architect', 'recusandae'),
(616, 247, 2, 'Temporibus omnis dolor ab saepe inventore.', 'corporis'),
(617, 247, 1, 'Necessitatibus cupiditate ducimus quam omnis ', 'dolores'),
(618, 247, 2, 'Commodi rerum voluptas nam nobis.', 'tempora'),
(619, 248, 2, 'Doloremque explicabo veniam.', 'alias'),
(620, 248, 1, 'Exercitationem consequatur est placeat accusa', 'nam'),
(621, 248, 2, 'Ea fuga repellendus quaerat explicabo eveniet', 'fuga'),
(622, 249, 2, 'Voluptates temporibus sapiente dolore aliquam', 'molestiae'),
(623, 249, 1, 'Illo possimus voluptatum ratione commodi repr', 'eaque'),
(624, 249, 1, 'Est rem atque architecto eius repellendus dol', 'ea'),
(625, 250, 2, 'Suscipit ab molestias expedita facere vitae.', 'ad'),
(626, 250, 3, 'Exercitationem soluta laudantium.', 'possimus'),
(627, 251, 1, 'Nostrum nihil distinctio.', 'incidunt'),
(628, 252, 3, 'Cum aut similique fugiat.', 'reiciendis'),
(629, 254, 2, 'Harum quasi sequi sint dicta.', 'tempore'),
(630, 255, 3, 'Exercitationem pariatur ipsum consequuntur fa', 'consequuntur'),
(631, 255, 2, 'Eaque autem temporibus quo.', 'veniam'),
(632, 256, 1, 'Molestiae non quas.', 'atque'),
(633, 257, 2, 'Harum voluptates sint ea facere.', 'illum'),
(634, 257, 2, 'Consequuntur hic quisquam voluptas nulla sunt', 'blanditiis'),
(635, 257, 1, 'Cumque itaque quae occaecati facilis ipsa.', 'eius'),
(636, 257, 2, 'Corrupti quidem quasi quod ea praesentium nih', 'pariatur'),
(637, 258, 3, 'Quasi deleniti hic sunt qui.', 'dolorum'),
(638, 258, 2, 'Sint eius placeat harum.', 'optio'),
(639, 259, 2, 'Deserunt cupiditate facilis dolore quas volup', 'minima'),
(640, 259, 3, 'Molestiae nemo necessitatibus.', 'explicabo'),
(641, 260, 1, 'Suscipit voluptates ipsam doloremque qui quae', 'laudantium'),
(642, 260, 3, 'Doloremque eum voluptatum non soluta adipisci', 'cum'),
(643, 260, 3, 'Ipsum dolores non qui pariatur.', 'officia'),
(644, 260, 2, 'Enim animi amet optio explicabo.', 'quasi'),
(645, 261, 1, 'Ut esse officia sequi.', 'impedit'),
(646, 263, 3, 'Perferendis sint quo fugiat sed voluptate.', 'necessitatibus'),
(647, 264, 1, 'Dolorem quibusdam expedita consequatur.', 'sed'),
(648, 264, 2, 'Nam ipsam impedit eum corrupti consectetur.', 'hic'),
(649, 264, 2, 'Officia molestias dolor doloribus.', 'voluptatibus'),
(650, 264, 1, 'Nobis voluptates tempore aliquid distinctio e', 'fuga'),
(651, 264, 2, 'Dignissimos soluta fuga corrupti tenetur.', 'sapiente'),
(652, 265, 3, 'Velit distinctio adipisci quae nemo tempore e', 'accusantium'),
(653, 265, 3, 'Necessitatibus ducimus recusandae suscipit ve', 'voluptas'),
(654, 265, 1, 'Totam id voluptatem vel error quidem.', 'maiores'),
(655, 265, 2, 'Repellendus quisquam reiciendis veritatis.', 'et'),
(656, 266, 3, 'Cupiditate veniam laudantium a ipsam officia.', 'quibusdam'),
(657, 266, 3, 'Quia libero atque a cupiditate odit voluptati', 'adipisci'),
(658, 266, 3, 'Vel sit provident autem.', 'fuga'),
(659, 266, 2, 'Quibusdam necessitatibus cupiditate fugit min', 'quasi'),
(660, 268, 2, 'Totam sequi vitae tempore veniam.', 'magni'),
(661, 268, 2, 'Qui pariatur recusandae a optio soluta deseru', 'ut'),
(662, 268, 2, 'Tempore inventore ut.', 'non'),
(663, 268, 1, 'Magnam itaque est asperiores distinctio volup', 'dolores'),
(664, 270, 2, 'Placeat officiis iure perspiciatis.', 'a'),
(665, 271, 2, 'Perspiciatis placeat accusantium.', 'eum'),
(666, 271, 3, 'Magni impedit eius quos sit distinctio facere', 'tempora'),
(667, 272, 3, 'Similique qui ad minima minus quisquam.', 'iure'),
(668, 272, 2, 'Sapiente voluptate ex architecto commodi repr', 'mollitia'),
(669, 272, 3, 'Rem nihil qui maxime.', 'alias'),
(670, 273, 2, 'Sit facere reprehenderit odit maiores sequi.', 'aliquam'),
(671, 273, 3, 'Optio porro laboriosam vel mollitia.', 'minus'),
(672, 274, 1, 'Voluptatum sint commodi maxime.', 'laudantium'),
(673, 274, 3, 'Molestiae doloribus dignissimos assumenda.', 'a'),
(674, 274, 3, 'Quasi ut laudantium accusamus.', 'magnam'),
(675, 274, 1, 'Necessitatibus minus tempora recusandae asper', 'animi'),
(676, 275, 3, 'Molestias ipsa labore dolor harum blanditiis ', 'cum'),
(677, 275, 1, 'Nostrum eligendi optio maxime consequatur ali', 'cupiditate'),
(678, 275, 1, 'Consequatur ex iste cumque autem voluptates.', 'dolore'),
(679, 275, 2, 'Ad unde non.', 'sapiente'),
(680, 275, 3, 'Assumenda dolorem eaque omnis neque cum.', 'similique'),
(681, 276, 1, 'Suscipit iusto incidunt maiores animi omnis v', 'vero'),
(682, 276, 3, 'Quasi veritatis dolorem occaecati.', 'porro'),
(683, 276, 3, 'Quos odio modi aliquam debitis iste.', 'aspernatur'),
(684, 276, 3, 'Rerum est voluptate vero impedit hic facere.', 'minima'),
(685, 276, 1, 'Accusamus molestias reprehenderit quos placea', 'quo'),
(686, 277, 3, 'Fugit facilis sed ratione numquam libero iust', 'voluptate'),
(687, 277, 3, 'Tempora iusto totam natus necessitatibus dele', 'doloremque'),
(688, 277, 1, 'Ad eos magnam aperiam dolor ipsum.', 'rem'),
(689, 278, 3, 'Laudantium nobis est autem.', 'nihil'),
(690, 279, 1, 'Labore adipisci itaque minima.', 'mollitia'),
(691, 279, 1, 'At natus nesciunt harum.', 'quas'),
(692, 280, 2, 'Eaque veritatis temporibus cumque natus molli', 'quam'),
(693, 280, 1, 'Unde commodi repellendus earum ullam.', 'maxime'),
(694, 280, 3, 'Repellendus qui accusamus.', 'incidunt'),
(695, 280, 2, 'Odio eum quod reprehenderit.', 'ipsum'),
(696, 280, 3, 'Quibusdam fuga doloribus magni labore.', 'consectetur'),
(697, 281, 2, 'Nobis porro odit explicabo modi.', 'sint'),
(698, 281, 2, 'Est possimus culpa tempore tempore amet eius.', 'nihil'),
(699, 282, 2, 'Accusamus sunt non necessitatibus reprehender', 'non'),
(700, 282, 1, 'Deserunt consectetur assumenda voluptas.', 'error'),
(701, 282, 2, 'Quibusdam dicta eos sit distinctio.', 'explicabo'),
(702, 282, 3, 'Maiores cumque blanditiis.', 'sapiente'),
(703, 284, 2, 'Ratione ullam fugit nobis hic possimus.', 'officia'),
(704, 284, 2, 'Architecto soluta quas numquam debitis.', 'dolor'),
(705, 284, 2, 'Eum corporis sit in sequi dolorum cumque.', 'omnis'),
(706, 284, 2, 'Quae voluptatibus animi.', 'id'),
(707, 284, 1, 'A distinctio recusandae debitis.', 'rerum'),
(708, 286, 3, 'Ea maxime ea dolorem libero.', 'illum'),
(709, 288, 3, 'Doloremque necessitatibus reiciendis amet mol', 'sapiente'),
(710, 288, 1, 'Voluptates odit eius magnam alias impedit.', 'quae'),
(711, 289, 3, 'Tempore a aperiam aliquam voluptas in maxime.', 'voluptates'),
(712, 290, 3, 'Expedita soluta deleniti ratione.', 'enim'),
(713, 290, 2, 'Unde molestiae quibusdam ratione laborum.', 'reprehenderit'),
(714, 290, 1, 'Nam illo enim beatae.', 'impedit'),
(715, 292, 3, 'Deleniti nulla natus sit quibusdam architecto', 'occaecati'),
(716, 292, 3, 'Iste neque doloribus fuga.', 'in'),
(717, 292, 2, 'Alias sequi fugit quo libero adipisci provide', 'accusamus'),
(718, 292, 2, 'Non rerum est sunt eveniet quas non.', 'voluptatibus'),
(719, 292, 3, 'Laudantium fugiat sequi repellendus commodi.', 'iure'),
(720, 293, 1, 'Laboriosam tempore dolor alias voluptates.', 'in'),
(721, 293, 2, 'Rem est sit nihil.', 'possimus'),
(722, 293, 3, 'Ut odit porro.', 'laboriosam'),
(723, 295, 1, 'Similique cum deserunt fugiat error.', 'optio'),
(724, 295, 1, 'Assumenda consequatur iure quasi quisquam.', 'commodi'),
(725, 295, 1, 'Neque cupiditate assumenda nisi blanditiis qu', 'enim'),
(726, 295, 1, 'Iure distinctio suscipit eveniet minima.', 'illo'),
(727, 295, 2, 'Impedit amet inventore.', 'asperiores'),
(728, 296, 2, 'Ea cum maxime enim.', 'amet'),
(729, 296, 1, 'Assumenda sint laborum perspiciatis dolores o', 'numquam'),
(730, 296, 1, 'Perspiciatis molestias fugit.', 'quaerat'),
(731, 296, 3, 'Eum consequuntur ipsum rerum sed possimus.', 'voluptates'),
(732, 298, 1, 'Et totam dolorum iste fugiat.', 'a'),
(733, 298, 3, 'Blanditiis voluptatum odio in.', 'doloribus'),
(734, 299, 2, 'Quae veniam quaerat quis laborum.', 'natus'),
(735, 299, 3, 'Deserunt nam ad reprehenderit similique moles', 'tempore'),
(736, 299, 2, 'Odio reprehenderit voluptates ex recusandae m', 'inventore'),
(737, 300, 1, 'Dicta atque voluptatum perferendis.', 'deleniti'),
(738, 300, 3, 'Tempore quis fugit dolorum quos cum modi impe', 'delectus'),
(739, 300, 3, 'Ipsam ea nulla quod unde totam illo.', 'ullam'),
(740, 300, 3, 'Debitis corporis dolorem beatae accusamus qui', 'ex'),
(741, 300, 2, 'Ducimus dolorum enim ut.', 'laboriosam'),
(742, 301, 2, 'Tenetur sapiente odit iste aspernatur laborio', 'modi'),
(743, 302, 1, 'Ea dolor nulla.', 'architecto'),
(744, 302, 1, 'Doloribus mollitia corrupti ipsum laudantium.', 'ratione'),
(745, 302, 1, 'Praesentium rem optio hic maiores nam.', 'quidem'),
(746, 303, 1, 'Repellendus similique expedita repudiandae co', 'error'),
(747, 303, 2, 'Adipisci soluta voluptatem quam.', 'impedit'),
(748, 303, 2, 'Architecto repellat impedit odio saepe possim', 'eveniet'),
(749, 303, 1, 'Impedit laudantium beatae quo.', 'sed'),
(750, 304, 1, 'Sit temporibus accusamus consequuntur expedit', 'velit'),
(751, 305, 2, 'Sequi sunt qui nam totam velit aspernatur eos', 'qui'),
(752, 305, 2, 'Nobis corporis nihil accusantium excepturi.', 'tempora'),
(753, 305, 1, 'Non voluptatum minima praesentium expedita ac', 'magni'),
(754, 305, 2, 'Omnis debitis quasi voluptatem magnam dolores', 'dolorum'),
(755, 306, 3, 'Sunt nobis amet necessitatibus earum.', 'minus'),
(756, 306, 3, 'Debitis maiores optio vel dolorem mollitia pr', 'nobis'),
(757, 306, 2, 'Provident quibusdam voluptatibus quis quae ar', 'voluptatem'),
(758, 306, 3, 'Quibusdam sapiente ut totam.', 'quae'),
(759, 306, 2, 'Tempore aperiam qui dignissimos itaque neque.', 'labore'),
(760, 307, 3, 'Illum voluptate consequatur exercitationem ac', 'libero'),
(761, 307, 1, 'Magni vitae dolore doloremque odio rerum.', 'labore'),
(762, 307, 2, 'Nesciunt laudantium rem vero praesentium labo', 'corrupti'),
(763, 308, 3, 'Temporibus nulla magnam odio labore similique', 'aspernatur'),
(764, 311, 3, 'Accusantium expedita sequi ab velit.', 'voluptatibus'),
(765, 311, 3, 'Possimus harum accusantium aperiam ut in aspe', 'aliquid'),
(766, 311, 2, 'Ipsam architecto occaecati fugit.', 'ipsa'),
(767, 311, 3, 'Quo veritatis molestias libero nisi eum.', 'nisi'),
(768, 312, 3, 'Voluptate cum unde earum atque blanditiis ips', 'omnis'),
(769, 312, 1, 'Iusto quaerat atque maiores deserunt maiores ', 'sint'),
(770, 312, 2, 'At minima voluptas dolorum quae reiciendis di', 'itaque'),
(771, 312, 3, 'Rem excepturi distinctio voluptas quidem beat', 'veritatis'),
(772, 314, 2, 'Nostrum fugiat ad repellat quidem neque aliqu', 'laudantium'),
(773, 314, 2, 'Dignissimos adipisci rem velit illum ab ipsum', 'officiis'),
(774, 314, 2, 'Doloremque maiores tenetur.', 'ducimus'),
(775, 315, 2, 'Deserunt eum quas est.', 'veritatis'),
(776, 315, 1, 'Debitis totam dolor veniam.', 'delectus'),
(777, 315, 1, 'Excepturi amet ullam vel asperiores magni est', 'iure'),
(778, 315, 2, 'Necessitatibus ab consequuntur a natus libero', 'voluptatem'),
(779, 316, 3, 'Laboriosam consectetur id reprehenderit asper', 'culpa'),
(780, 316, 1, 'Numquam ut velit quidem.', 'doloremque'),
(781, 316, 1, 'Quasi ducimus reprehenderit ad ea.', 'adipisci'),
(782, 317, 1, 'Aliquid dignissimos sapiente hic cupiditate e', 'consectetur'),
(783, 317, 3, 'Eum id unde tempore deleniti ut.', 'officiis'),
(784, 317, 1, 'Ducimus consequuntur dolores quisquam ipsa al', 'repellendus'),
(785, 317, 3, 'Sint modi ab.', 'quasi'),
(786, 317, 2, 'Vero ab odit voluptatem.', 'soluta'),
(787, 318, 2, 'Quod ullam excepturi adipisci saepe.', 'cumque'),
(788, 318, 1, 'Blanditiis reiciendis corporis.', 'unde'),
(789, 318, 3, 'Maiores praesentium aspernatur deleniti nemo.', 'assumenda'),
(790, 318, 3, 'Quae laboriosam deserunt voluptate.', 'nesciunt'),
(791, 319, 2, 'Laborum neque laudantium dignissimos.', 'adipisci'),
(792, 320, 2, 'Natus enim quis facere adipisci labore.', 'ullam'),
(793, 320, 3, 'Ea aut nihil quibusdam.', 'eaque'),
(794, 320, 3, 'Repellendus omnis atque.', 'aspernatur'),
(795, 321, 3, 'Voluptatem delectus perspiciatis reprehenderi', 'incidunt'),
(796, 322, 3, 'Corporis ex necessitatibus.', 'quae'),
(797, 323, 3, 'Illo nihil veniam nesciunt.', 'quo'),
(798, 323, 2, 'Similique officia suscipit reiciendis quasi.', 'minima'),
(799, 324, 1, 'Expedita accusantium adipisci explicabo aliqu', 'error'),
(800, 324, 2, 'Libero incidunt nisi commodi earum.', 'corporis'),
(801, 325, 2, 'Delectus quisquam iure deleniti dignissimos e', 'quasi'),
(802, 325, 1, 'Recusandae doloremque eius error.', 'ducimus'),
(803, 326, 3, 'Recusandae officia reprehenderit excepturi as', 'veniam'),
(804, 327, 3, 'Nisi voluptate beatae quibusdam quia corrupti', 'blanditiis'),
(805, 328, 2, 'Error ipsa iusto deserunt.', 'recusandae'),
(806, 328, 1, 'Eligendi inventore quas libero quia.', 'exercitationem'),
(807, 329, 3, 'Voluptatibus laudantium ratione omnis animi v', 'ad'),
(808, 329, 3, 'Dolor architecto ipsum odio.', 'inventore'),
(809, 329, 1, 'Excepturi perferendis distinctio.', 'modi'),
(810, 329, 1, 'Repudiandae laborum magnam iusto cumque corru', 'a'),
(811, 330, 3, 'Eos quam perspiciatis soluta neque delectus.', 'explicabo'),
(812, 331, 2, 'Sint iure aliquam at qui enim numquam.', 'exercitationem'),
(813, 332, 3, 'Maxime saepe consequuntur labore eos quam.', 'sequi'),
(814, 332, 1, 'Dolor dolores esse voluptate perspiciatis cum', 'ab'),
(815, 332, 3, 'Quae eligendi rerum debitis incidunt.', 'mollitia'),
(816, 334, 1, 'Distinctio non repellat vero eius vero enim q', 'voluptas'),
(817, 334, 3, 'Quaerat quisquam porro hic in cupiditate.', 'repudiandae'),
(818, 335, 3, 'At ratione eum culpa.', 'expedita'),
(819, 335, 1, 'Vero deleniti iure eum iure est.', 'adipisci'),
(820, 335, 1, 'Delectus atque soluta tempora ad deleniti pos', 'earum'),
(821, 337, 1, 'Voluptatibus voluptate aspernatur provident.', 'libero'),
(822, 337, 1, 'Explicabo ad placeat.', 'accusamus'),
(823, 337, 2, 'Deleniti ea tempore numquam eius aut modi per', 'labore'),
(824, 337, 1, 'Maiores hic nesciunt.', 'laborum'),
(825, 337, 3, 'Commodi quidem sint veniam cupiditate volupta', 'explicabo'),
(826, 338, 2, 'Optio exercitationem iure tenetur totam bland', 'nihil'),
(827, 339, 1, 'Tempora illum sunt molestiae excepturi sapien', 'at'),
(828, 339, 1, 'Nostrum dicta blanditiis officia quod harum.', 'iure'),
(829, 339, 2, 'Error enim porro eligendi ullam culpa.', 'nemo'),
(830, 339, 2, 'Eius totam tempora laborum quo at nihil.', 'aperiam'),
(831, 339, 2, 'Nobis illo quis placeat quisquam.', 'necessitatibus'),
(832, 340, 2, 'Placeat suscipit est aut voluptate reprehende', 'doloremque'),
(833, 341, 2, 'Delectus nam dolorem eius quam fuga soluta ad', 'cupiditate'),
(834, 341, 1, 'Id earum molestias perspiciatis iure.', 'cum'),
(835, 341, 2, 'Nihil illum numquam nihil veniam ut.', 'tenetur'),
(836, 341, 2, 'Porro et expedita.', 'aliquam'),
(837, 342, 3, 'Consequatur provident temporibus id.', 'ab'),
(838, 342, 2, 'Odit adipisci blanditiis.', 'non'),
(839, 342, 1, 'Alias adipisci eveniet corrupti rerum invento', 'perferendis'),
(840, 343, 2, 'In quam quo in eius ducimus aspernatur.', 'maiores'),
(841, 343, 1, 'Quidem magni sunt porro amet repellendus quia', 'nisi'),
(842, 346, 3, 'Eaque tenetur autem tempore repudiandae beata', 'debitis'),
(843, 346, 2, 'Esse aspernatur eos facere tenetur delectus.', 'nihil'),
(844, 347, 2, 'Earum quae ullam nobis.', 'explicabo'),
(845, 347, 3, 'Magnam ab corrupti doloremque voluptates exer', 'nobis'),
(846, 347, 1, 'Itaque delectus fugit aperiam cum repudiandae', 'qui'),
(847, 348, 1, 'Ipsam qui tempore quam asperiores velit volup', 'placeat'),
(848, 348, 3, 'Voluptates rerum minima sed.', 'tempora'),
(849, 348, 1, 'Fuga harum ipsum laboriosam amet.', 'vel'),
(850, 348, 3, 'Ipsum quod fugiat iusto corrupti consequatur ', 'animi'),
(851, 349, 1, 'Totam explicabo eum consequuntur.', 'repellendus'),
(852, 349, 3, 'Ut porro illum culpa quibusdam.', 'corporis'),
(853, 349, 1, 'Cum praesentium aspernatur fugit.', 'sapiente'),
(854, 349, 2, 'Ipsum fugit aperiam ipsam.', 'nesciunt'),
(855, 351, 3, 'Fuga consequuntur velit architecto.', 'deleniti'),
(856, 351, 2, 'Possimus quam dicta blanditiis sint quas tota', 'omnis'),
(857, 351, 3, 'Quaerat numquam velit.', 'iste'),
(858, 351, 2, 'Itaque dolor nobis cum tenetur architecto et.', 'facere'),
(859, 352, 3, 'Error rem mollitia ex.', 'magnam'),
(860, 352, 1, 'Dicta quis tenetur magnam nulla eos eligendi.', 'recusandae'),
(861, 352, 2, 'Impedit quaerat consequuntur rem repellat pla', 'eum'),
(862, 353, 3, 'Explicabo rem ullam hic dolorum doloribus per', 'repellendus'),
(863, 353, 1, 'Quo corrupti deleniti mollitia exercitationem', 'itaque'),
(864, 353, 3, 'Culpa autem temporibus debitis natus ab quas.', 'rem'),
(865, 353, 1, 'Occaecati sint est neque.', 'id'),
(866, 353, 3, 'Quisquam laudantium ex deserunt.', 'iusto'),
(867, 354, 2, 'Rerum nulla porro cumque.', 'ipsa'),
(868, 354, 1, 'Iusto voluptates tempore cum doloribus.', 'nemo'),
(869, 354, 3, 'Maiores minus repellat expedita nihil molliti', 'quasi'),
(870, 354, 3, 'Quas possimus numquam aliquid cupiditate quas', 'iure'),
(871, 355, 3, 'A ducimus officiis dolorem adipisci.', 'molestiae'),
(872, 355, 2, 'Illo sint nobis distinctio facilis.', 'error'),
(873, 355, 2, 'Veritatis laboriosam provident reprehenderit ', 'a'),
(874, 355, 3, 'Modi optio sed adipisci aliquam quam sed odio', 'placeat'),
(875, 355, 1, 'Ullam dignissimos ipsa minus facilis.', 'eveniet'),
(876, 356, 3, 'Occaecati beatae earum eum amet laborum.', 'iusto'),
(877, 356, 3, 'Accusantium nisi nemo iste.', 'provident'),
(878, 356, 2, 'Atque ipsam atque quas in.', 'quibusdam'),
(879, 358, 3, 'Odio fugiat expedita quas.', 'quas'),
(880, 358, 2, 'Doloribus aliquid labore et ipsam expedita a.', 'voluptatum'),
(881, 358, 3, 'Sapiente voluptatibus aut officia ab et.', 'dicta'),
(882, 358, 2, 'Repellat minima rem.', 'earum'),
(883, 361, 3, 'Autem minima rerum voluptas illo.', 'quidem'),
(884, 361, 3, 'Ipsum delectus dolor porro amet odio corporis', 'nobis'),
(885, 363, 1, 'In culpa consequatur quam exercitationem unde', 'est'),
(886, 363, 3, 'Possimus aspernatur dolore reprehenderit vita', 'aspernatur'),
(887, 364, 2, 'Minus nam accusamus nam animi distinctio quos', 'nisi'),
(888, 364, 2, 'Fugit enim earum eveniet.', 'iusto'),
(889, 364, 1, 'Dolorem explicabo vero repellendus.', 'voluptas'),
(890, 364, 1, 'Aliquam delectus aliquid corporis amet ex imp', 'iusto'),
(891, 365, 1, 'Inventore deserunt et nesciunt.', 'molestiae'),
(892, 365, 1, 'Saepe quis id.', 'adipisci'),
(893, 366, 1, 'Non aperiam asperiores nam.', 'dolorum'),
(894, 366, 2, 'Dolorem laborum porro ad repudiandae iusto.', 'maxime'),
(895, 366, 1, 'Occaecati exercitationem eligendi cum ipsa re', 'quisquam'),
(896, 367, 1, 'Officia similique totam rem suscipit odit com', 'optio'),
(897, 367, 2, 'Sit animi iure quidem autem culpa.', 'sapiente'),
(898, 367, 3, 'Exercitationem fugit soluta illo.', 'a'),
(899, 368, 2, 'Sint itaque tempore accusantium.', 'quae'),
(900, 368, 1, 'Adipisci reprehenderit laborum cumque sint fu', 'quam'),
(901, 368, 3, 'Doloremque laboriosam earum.', 'repellat'),
(902, 368, 2, 'Reiciendis adipisci exercitationem eaque odit', 'aspernatur'),
(903, 368, 3, 'Culpa voluptates numquam a harum necessitatib', 'quam'),
(904, 369, 2, 'Nulla adipisci dignissimos ipsum iste.', 'illo'),
(905, 369, 2, 'Quaerat reprehenderit assumenda labore dolori', 'ipsum'),
(906, 369, 2, 'Ad tempore officiis quibusdam.', 'similique'),
(907, 369, 2, 'Quisquam impedit enim recusandae voluptatibus', 'quaerat'),
(908, 372, 1, 'Possimus dolore id ipsum nemo consequatur min', 'deserunt'),
(909, 372, 1, 'Odit a optio neque dicta.', 'quidem'),
(910, 372, 2, 'Recusandae dolore sit nesciunt minus vitae.', 'sapiente'),
(911, 372, 3, 'Quod quidem vero impedit iusto officiis rerum', 'porro'),
(912, 373, 3, 'Necessitatibus quis iure cum.', 'magnam'),
(913, 373, 2, 'Inventore placeat quod quidem odio dolore.', 'molestias'),
(914, 373, 1, 'Accusamus quae voluptates odit.', 'eaque'),
(915, 373, 2, 'Eligendi placeat alias nostrum error perferen', 'sunt'),
(916, 374, 3, 'Quasi expedita beatae quia a maxime rem.', 'harum'),
(917, 374, 1, 'Architecto earum dolorem commodi qui.', 'accusantium'),
(918, 374, 1, 'Libero fuga suscipit veritatis adipisci ex vo', 'illum'),
(919, 374, 3, 'Ea hic repudiandae suscipit dolor.', 'fuga'),
(920, 374, 1, 'Illum quaerat quia a vitae nihil labore moles', 'ipsam'),
(921, 375, 2, 'Quaerat laborum laborum fugiat quisquam commo', 'occaecati'),
(922, 375, 2, 'Ex tempore accusamus id.', 'blanditiis'),
(923, 375, 3, 'Qui temporibus quo illo saepe.', 'sint'),
(924, 375, 2, 'Dignissimos eum minima modi eaque dolores qui', 'possimus'),
(925, 376, 3, 'Sequi dolor cumque excepturi officia.', 'molestiae'),
(926, 376, 2, 'Necessitatibus quasi culpa quasi recusandae.', 'modi'),
(927, 379, 3, 'Cum adipisci libero.', 'tenetur'),
(928, 379, 1, 'Laudantium est architecto error earum rem err', 'deserunt'),
(929, 380, 3, 'Aspernatur iste libero quae tempora cum.', 'perspiciatis'),
(930, 380, 2, 'Ea atque rem.', 'voluptate'),
(931, 380, 2, 'Dicta fuga hic suscipit.', 'maxime'),
(932, 380, 2, 'Dolores unde voluptatibus.', 'harum'),
(933, 381, 2, 'Veniam dolorem pariatur suscipit impedit et.', 'dolor'),
(934, 381, 1, 'Error deserunt occaecati tempore beatae moles', 'dolore'),
(935, 381, 2, 'Nemo iste veritatis accusamus tempora impedit', 'provident'),
(936, 381, 1, 'Minus error aliquam omnis explicabo excepturi', 'mollitia'),
(937, 381, 2, 'Inventore nostrum sint vero consequuntur impe', 'doloremque'),
(938, 382, 2, 'Voluptatibus architecto quam molestias.', 'molestias'),
(939, 382, 1, 'Dolorum sit vel sequi ipsum.', 'in'),
(940, 382, 2, 'Assumenda deserunt dolores voluptas aliquid a', 'et'),
(941, 382, 3, 'Optio nihil quas numquam impedit totam aliqui', 'similique'),
(942, 382, 2, 'Quam in similique.', 'sed'),
(943, 383, 3, 'Excepturi iste nisi libero sit consectetur.', 'a'),
(944, 383, 2, 'Tempora accusamus incidunt ipsam suscipit qui', 'possimus'),
(945, 383, 1, 'Sit quisquam cumque sint officia.', 'facilis'),
(946, 384, 3, 'Accusantium architecto doloremque atque.', 'amet'),
(947, 384, 3, 'Debitis porro dolores occaecati sit neque.', 'incidunt'),
(948, 384, 3, 'Neque ad voluptas officia.', 'aut'),
(949, 384, 1, 'Explicabo illum deserunt.', 'deleniti'),
(950, 385, 3, 'Officiis deserunt distinctio corrupti quisqua', 'cupiditate'),
(951, 385, 2, 'Odio blanditiis debitis totam.', 'possimus'),
(952, 385, 2, 'Quibusdam quas corporis corporis.', 'iste'),
(953, 386, 1, 'Quas tempore a inventore id maiores et.', 'saepe'),
(954, 386, 1, 'Atque illum repellat laudantium iure.', 'fugit'),
(955, 387, 3, 'Neque dolorem necessitatibus molestiae consec', 'dicta'),
(956, 387, 1, 'Hic eum beatae excepturi consequatur.', 'qui'),
(957, 388, 1, 'Hic consequuntur blanditiis magnam tenetur.', 'placeat'),
(958, 389, 2, 'Laboriosam quaerat eos ratione modi beatae.', 'illo'),
(959, 389, 2, 'Nihil autem vero nesciunt.', 'hic'),
(960, 391, 3, 'Accusantium aspernatur blanditiis cumque eaqu', 'laborum'),
(961, 391, 1, 'Rerum assumenda voluptate cum ipsum.', 'deleniti'),
(962, 391, 2, 'Quos unde totam ab.', 'sapiente'),
(963, 391, 2, 'Magni necessitatibus earum libero fuga maxime', 'itaque'),
(964, 391, 2, 'Quos quaerat eaque aperiam dolorum.', 'voluptatem'),
(965, 392, 3, 'Minus quis nam reprehenderit dolorem harum.', 'neque'),
(966, 392, 3, 'Perferendis at commodi ratione.', 'odit'),
(967, 392, 3, 'Est vel illo aut quaerat.', 'totam'),
(968, 392, 3, 'Similique totam repellat tempora.', 'tenetur'),
(969, 392, 2, 'Asperiores incidunt fugiat ab accusantium pos', 'impedit'),
(970, 393, 3, 'Maiores distinctio autem fugit amet modi sunt', 'labore'),
(971, 393, 3, 'Quos quidem occaecati recusandae totam alias.', 'fuga'),
(972, 393, 2, 'Quae facilis fuga corrupti.', 'veniam'),
(973, 394, 1, 'Consectetur libero corrupti consequatur.', 'repellat'),
(974, 394, 2, 'Ratione natus vitae.', 'autem'),
(975, 394, 3, 'Inventore rem possimus recusandae fugiat sapi', 'deleniti'),
(976, 395, 1, 'Dignissimos nobis facilis mollitia.', 'tenetur'),
(977, 396, 2, 'Quia maxime repellat neque dolore sapiente mo', 'quo'),
(978, 396, 2, 'Omnis rerum repudiandae nihil quas magni.', 'voluptatibus'),
(979, 396, 3, 'Quod voluptas magni placeat sed ipsum corrupt', 'expedita'),
(980, 396, 1, 'Perferendis accusamus id doloremque odit.', 'maiores'),
(981, 396, 2, 'Eaque dolorum laboriosam ab.', 'ipsum'),
(982, 397, 1, 'Similique omnis blanditiis debitis.', 'saepe'),
(983, 397, 1, 'Impedit veniam eaque corrupti minus cumque of', 'dignissimos'),
(984, 397, 3, 'Necessitatibus nam cupiditate cumque.', 'laudantium'),
(985, 397, 3, 'Debitis maiores qui neque.', 'saepe'),
(986, 398, 1, 'Libero fuga quod praesentium.', 'vitae'),
(987, 398, 2, 'Saepe nemo numquam aperiam.', 'vitae'),
(988, 399, 2, 'Repellendus eum voluptatibus quidem in quia.', 'consequatur'),
(989, 399, 2, 'Autem maxime asperiores porro inventore expli', 'quia'),
(990, 399, 1, 'Odio incidunt neque nemo recusandae ab aspern', 'similique'),
(991, 399, 3, 'Porro amet repellat ex eligendi.', 'sed'),
(992, 403, 1, 'Magnam expedita reprehenderit iure consectetu', 'quasi'),
(993, 403, 1, 'Consequatur minima consectetur dolore.', 'aliquam'),
(994, 403, 3, 'Ratione optio omnis assumenda similique.', 'laborum'),
(995, 404, 1, 'Ullam tempore ea labore et dolores.', 'doloremque'),
(996, 404, 2, 'Iure culpa voluptatibus corporis accusantium ', 'eius'),
(997, 404, 2, 'Quas ipsam omnis odit.', 'ea'),
(998, 404, 1, 'Maxime distinctio numquam iure illo.', 'ipsa'),
(999, 404, 2, 'Tempora saepe soluta porro.', 'ipsa'),
(1000, 405, 2, 'Repudiandae itaque neque atque dicta.', 'id'),
(1001, 405, 1, 'Esse odit illo officia modi.', 'odit'),
(1002, 405, 2, 'Autem nostrum dolorem nesciunt.', 'excepturi'),
(1003, 405, 1, 'Repellat tempora illo laudantium nemo possimu', 'sunt'),
(1004, 405, 1, 'Earum labore nobis quam quibusdam.', 'assumenda'),
(1005, 407, 3, 'Debitis nostrum iusto nostrum necessitatibus ', 'consequuntur'),
(1006, 408, 3, 'Natus laudantium ea similique.', 'eligendi'),
(1007, 408, 1, 'Dignissimos dolores quod distinctio eum in do', 'sapiente'),
(1008, 409, 3, 'Eveniet dolor atque libero corporis ea magnam', 'fugit'),
(1009, 409, 2, 'Quos unde assumenda voluptatum animi.', 'adipisci'),
(1010, 409, 3, 'Repellat unde pariatur doloremque est ducimus', 'quibusdam'),
(1011, 409, 2, 'Inventore nesciunt iure id sequi iste.', 'sunt'),
(1012, 410, 1, 'Incidunt quaerat asperiores velit rem veniam ', 'aliquid'),
(1013, 411, 2, 'Provident dolorum ipsa ut voluptate libero qu', 'exercitationem'),
(1014, 411, 3, 'In alias aperiam qui.', 'ab'),
(1015, 411, 2, 'Vel soluta recusandae in.', 'facere'),
(1016, 412, 3, 'Tempore tenetur animi corporis sit pariatur.', 'accusantium'),
(1017, 413, 3, 'Sunt quis sed nostrum repellendus atque vitae', 'quo'),
(1018, 413, 3, 'Cumque numquam dolore corrupti sint doloribus', 'sit'),
(1019, 413, 2, 'Aperiam ducimus quam officiis ut vel praesent', 'nostrum'),
(1020, 415, 3, 'Nihil fuga eius minima quidem magni.', 'sunt'),
(1021, 415, 3, 'Dolore totam alias.', 'doloribus'),
(1022, 416, 1, 'Alias praesentium ducimus.', 'laborum'),
(1023, 416, 3, 'Minima perspiciatis molestiae sunt ex facere ', 'harum'),
(1024, 421, 3, 'Facere natus molestiae natus fugit maxime tem', 'possimus'),
(1025, 421, 1, 'Est dolorem aliquam repellat nulla.', 'iste'),
(1026, 422, 3, 'Voluptatibus fugiat veniam eius delectus.', 'officiis'),
(1027, 422, 3, 'Voluptates ipsam ex iste laborum voluptate la', 'repellat'),
(1028, 423, 3, 'Autem a nam perferendis.', 'consequatur'),
(1029, 424, 1, 'Aut quibusdam dolore.', 'maiores'),
(1030, 424, 3, 'Nobis blanditiis sequi commodi laborum amet e', 'architecto'),
(1031, 424, 1, 'Culpa doloribus expedita labore numquam eius.', 'sit'),
(1032, 424, 2, 'Pariatur quaerat eligendi quasi.', 'ipsum'),
(1033, 425, 3, 'Sint assumenda accusantium ullam.', 'id'),
(1034, 426, 1, 'Architecto quos aliquam voluptatibus laborum.', 'dignissimos'),
(1035, 426, 1, 'In impedit atque ratione accusamus.', 'dignissimos'),
(1036, 427, 3, 'Sequi porro quod harum modi exercitationem is', 'voluptates'),
(1037, 427, 1, 'Perferendis id ratione veritatis.', 'alias'),
(1038, 428, 2, 'Recusandae labore quam impedit error nemo duc', 'at'),
(1039, 428, 2, 'Quia officiis reiciendis aspernatur iste tene', 'ipsa'),
(1040, 428, 3, 'Maxime eius inventore quas.', 'optio'),
(1041, 429, 1, 'Aliquam nesciunt ipsam ullam harum iusto dolo', 'quaerat'),
(1042, 429, 3, 'Soluta quis ad incidunt dolorem.', 'commodi'),
(1043, 429, 1, 'Expedita doloribus quos fuga magnam minus.', 'optio'),
(1044, 429, 1, 'Error placeat laudantium quos ratione officii', 'sequi'),
(1045, 430, 2, 'Iste necessitatibus nemo.', 'natus'),
(1046, 430, 1, 'Commodi iste placeat distinctio.', 'nisi'),
(1047, 431, 1, 'Id cupiditate sequi voluptatem sunt.', 'quo'),
(1048, 431, 2, 'Cumque minima suscipit ipsa culpa cumque.', 'pariatur'),
(1049, 431, 3, 'Aperiam voluptatem non nesciunt neque.', 'placeat'),
(1050, 431, 2, 'Saepe omnis vero ad ratione incidunt.', 'sapiente'),
(1051, 431, 1, 'Ducimus doloribus voluptas dolores aliquam fu', 'fuga'),
(1052, 432, 2, 'Provident accusamus perspiciatis quasi ducimu', 'aspernatur'),
(1053, 432, 3, 'Numquam ipsa commodi praesentium culpa.', 'non'),
(1054, 433, 2, 'Ex deleniti eum.', 'eum'),
(1055, 433, 3, 'Culpa nesciunt sequi magni aperiam.', 'dignissimos'),
(1056, 433, 2, 'Totam atque similique deserunt dolorum molest', 'facilis'),
(1057, 433, 1, 'Reiciendis quia mollitia quo.', 'assumenda'),
(1058, 434, 3, 'Fugit pariatur laborum quia alias.', 'odio'),
(1059, 434, 2, 'Cupiditate enim eos maiores.', 'deleniti'),
(1060, 434, 1, 'Saepe qui reprehenderit maxime aliquam facere', 'dolorum'),
(1061, 434, 2, 'Delectus ullam rem non vel adipisci dolores.', 'consequatur'),
(1062, 434, 1, 'Cum nemo quidem commodi iste earum et.', 'inventore'),
(1063, 435, 3, 'Unde praesentium incidunt quos illum possimus', 'libero'),
(1064, 435, 2, 'Optio earum fugit dolores unde similique.', 'tempora'),
(1065, 435, 3, 'Illo eveniet excepturi error labore dolores d', 'dolorem'),
(1066, 436, 3, 'Hic alias aspernatur nemo est error ipsam har', 'consequatur'),
(1067, 438, 3, 'Animi aliquid vel non dolorum quaerat.', 'quibusdam'),
(1068, 438, 1, 'Sint voluptas corporis distinctio libero pari', 'maxime'),
(1069, 440, 1, 'Modi officiis similique numquam.', 'exercitationem'),
(1070, 440, 2, 'Fugiat blanditiis neque vitae debitis.', 'saepe'),
(1071, 440, 3, 'Harum minima esse quam.', 'iusto'),
(1072, 442, 3, 'Aliquid explicabo provident nam unde vel.', 'aliquam'),
(1073, 443, 1, 'Totam excepturi commodi sunt ducimus.', 'amet'),
(1074, 443, 3, 'Ratione optio itaque tempora molestiae sapien', 'necessitatibus'),
(1075, 443, 3, 'Ab ipsa a dignissimos.', 'tempore'),
(1076, 443, 1, 'Temporibus et vero expedita distinctio.', 'eaque'),
(1077, 443, 2, 'Sit voluptatum laborum id.', 'repellat'),
(1078, 444, 3, 'Cumque aut nisi numquam consectetur.', 'praesentium'),
(1079, 444, 2, 'Adipisci assumenda vero quia.', 'dolorem'),
(1080, 446, 1, 'Quos assumenda accusantium distinctio delenit', 'a'),
(1081, 446, 2, 'Cumque architecto ullam.', 'labore'),
(1082, 446, 3, 'Minus quam doloremque.', 'atque'),
(1083, 446, 1, 'Non cupiditate corrupti eaque quam deleniti n', 'expedita'),
(1084, 447, 1, 'Corporis tenetur doloribus ullam vero.', 'labore'),
(1085, 447, 1, 'Natus doloremque magnam reprehenderit.', 'sint'),
(1086, 449, 1, 'A facilis hic modi occaecati.', 'totam'),
(1087, 449, 3, 'Sit repudiandae enim libero quibusdam.', 'sapiente'),
(1088, 449, 1, 'Velit cum nostrum possimus.', 'natus'),
(1089, 449, 3, 'Autem molestias sit occaecati atque placeat.', 'accusantium'),
(1090, 449, 3, 'Quo fugiat eos animi cumque voluptas.', 'laborum'),
(1091, 450, 3, 'Ducimus at repellendus maxime quisquam.', 'nesciunt'),
(1092, 450, 2, 'Officiis sunt consequatur at eveniet deserunt', 'fugit'),
(1093, 450, 2, 'Aperiam dicta provident.', 'quisquam'),
(1094, 451, 3, 'Omnis quos aliquam non.', 'accusamus'),
(1095, 453, 3, 'Fugit provident iure facilis facilis repellat', 'officiis'),
(1096, 453, 1, 'Quia omnis labore at ut omnis.', 'placeat'),
(1097, 454, 1, 'Veniam impedit exercitationem doloremque unde', 'quasi'),
(1098, 454, 1, 'Quod repellat iure accusantium voluptate fuga', 'maxime'),
(1099, 454, 3, 'Itaque incidunt provident similique placeat a', 'sed'),
(1100, 454, 2, 'Quia maxime iusto enim.', 'officiis'),
(1101, 455, 3, 'Recusandae esse voluptas impedit doloribus re', 'incidunt'),
(1102, 455, 3, 'Architecto est voluptate enim mollitia autem ', 'quo'),
(1103, 455, 2, 'Temporibus harum sit blanditiis perspiciatis ', 'tempore'),
(1104, 456, 1, 'Placeat iste dolor suscipit maiores totam a q', 'fugit'),
(1105, 456, 2, 'Laborum magni tempore deleniti sit.', 'repellat'),
(1106, 456, 3, 'Molestias repellat dignissimos et minima repr', 'at'),
(1107, 456, 2, 'Fuga sed quae exercitationem facilis cumque e', 'nesciunt'),
(1108, 456, 1, 'Debitis nobis officiis debitis laborum ullam ', 'cumque'),
(1109, 457, 1, 'Delectus eos esse.', 'occaecati'),
(1110, 457, 2, 'Esse adipisci ipsam.', 'minima'),
(1111, 457, 1, 'In dolorem fuga officiis ducimus quasi.', 'minus'),
(1112, 457, 3, 'Sit nesciunt esse vero amet quod.', 'exercitationem'),
(1113, 458, 1, 'Vero aliquam aperiam aliquam unde est volupta', 'optio'),
(1114, 458, 1, 'Dignissimos cumque et molestias quam aperiam.', 'ex'),
(1115, 460, 2, 'Debitis molestias rerum quod incidunt eum cum', 'libero'),
(1116, 460, 3, 'Voluptatem numquam pariatur sit alias harum.', 'neque'),
(1117, 460, 2, 'Quisquam aspernatur ipsam odio animi cumque d', 'praesentium'),
(1118, 460, 1, 'Nihil expedita alias non soluta officiis.', 'in'),
(1119, 460, 2, 'Quos quaerat sint debitis eum quas.', 'nesciunt'),
(1120, 461, 1, 'Et assumenda sequi soluta.', 'enim'),
(1121, 461, 3, 'Earum at temporibus dignissimos provident qua', 'vitae'),
(1122, 462, 1, 'Fugiat eos ea alias fugit at quidem.', 'repellat'),
(1123, 462, 3, 'Veniam quis sunt.', 'molestias'),
(1124, 462, 1, 'Corrupti saepe temporibus voluptatem quas omn', 'illo'),
(1125, 463, 1, 'Autem illum quis placeat dolores quisquam nos', 'illo'),
(1126, 463, 2, 'Reprehenderit architecto quo illum quam ratio', 'laborum'),
(1127, 463, 3, 'Reprehenderit velit veniam harum animi.', 'inventore'),
(1128, 464, 1, 'Impedit molestiae nesciunt deserunt.', 'unde'),
(1129, 464, 2, 'Laboriosam ipsa vero aperiam quas.', 'in'),
(1130, 464, 1, 'Pariatur hic asperiores delectus natus iure.', 'illo'),
(1131, 464, 1, 'Dolorum odit ea nemo dolores dignissimos quas', 'voluptate'),
(1132, 464, 3, 'Repellat placeat dicta amet.', 'suscipit'),
(1133, 465, 2, 'Minus enim error nulla delectus.', 'dolor'),
(1134, 465, 2, 'Voluptate quod eaque.', 'saepe'),
(1135, 465, 1, 'Cumque voluptatem suscipit in quasi adipisci.', 'veritatis'),
(1136, 465, 2, 'Officia aliquam provident quisquam nisi.', 'dolorum'),
(1137, 465, 1, 'Eveniet ipsam suscipit vitae amet doloremque.', 'quae'),
(1138, 466, 1, 'Fugit enim et ratione unde.', 'soluta'),
(1139, 469, 2, 'Dolorum doloremque voluptatem ab consequatur.', 'sed'),
(1140, 470, 3, 'Consequuntur deleniti cupiditate.', 'cupiditate'),
(1141, 470, 1, 'Aspernatur non accusamus autem dolor.', 'ad'),
(1142, 471, 3, 'Cum totam sint molestias eum dolore officia.', 'unde'),
(1143, 471, 1, 'Ratione nostrum laborum est tempore optio.', 'dicta'),
(1144, 471, 2, 'Atque voluptates ut.', 'asperiores'),
(1145, 472, 2, 'Fuga excepturi saepe fugiat itaque.', 'id'),
(1146, 472, 2, 'Numquam eaque fugit fugit ducimus ut necessit', 'cupiditate'),
(1147, 472, 2, 'Ducimus dolores blanditiis quas.', 'dolor'),
(1148, 473, 2, 'Cum quas aliquam quae quis.', 'in'),
(1149, 473, 2, 'Vero similique exercitationem eum nostrum aut', 'nam'),
(1150, 473, 1, 'Exercitationem beatae iure labore corrupti do', 'soluta'),
(1151, 473, 2, 'Repellat ratione voluptatem quis temporibus.', 'fuga'),
(1152, 473, 3, 'Non rem perspiciatis molestias rem ullam.', 'porro'),
(1153, 474, 2, 'Error magnam esse excepturi.', 'delectus'),
(1154, 474, 2, 'Officiis a molestias amet.', 'id'),
(1155, 475, 3, 'Eum officia necessitatibus illum culpa volupt', 'eligendi'),
(1156, 475, 3, 'Vel quos temporibus accusantium.', 'consectetur'),
(1157, 475, 2, 'Ad pariatur blanditiis sint molestiae.', 'unde'),
(1158, 475, 1, 'Deleniti deleniti perferendis tempora.', 'saepe'),
(1159, 475, 2, 'Accusamus enim qui aspernatur unde sed.', 'dolores'),
(1160, 476, 3, 'Corporis reiciendis sequi ducimus.', 'sit'),
(1161, 476, 2, 'Sit repellat molestias corporis.', 'voluptate'),
(1162, 476, 1, 'Placeat beatae harum.', 'minima'),
(1163, 476, 1, 'Explicabo soluta earum asperiores nihil asper', 'magni'),
(1164, 477, 3, 'Vel sunt laudantium possimus veritatis.', 'laboriosam'),
(1165, 477, 2, 'Sint nihil accusamus esse consequuntur odio m', 'provident'),
(1166, 477, 3, 'Perspiciatis eius voluptatem tempora doloribu', 'vitae'),
(1167, 478, 2, 'Explicabo facere possimus recusandae officiis', 'maiores'),
(1168, 478, 3, 'Repellendus quibusdam perferendis.', 'ullam'),
(1169, 479, 1, 'Molestias laboriosam vero ullam omnis sequi.', 'tempore'),
(1170, 479, 1, 'Deserunt iste placeat ad delectus.', 'maxime'),
(1171, 480, 2, 'Labore eveniet dicta tenetur consequatur.', 'consequatur'),
(1172, 480, 3, 'Provident quam autem minima.', 'consequuntur'),
(1173, 480, 2, 'Placeat natus odio sapiente.', 'ducimus'),
(1174, 482, 3, 'Magnam voluptas facere consequuntur veritatis', 'omnis'),
(1175, 482, 3, 'Itaque doloremque fugit magnam.', 'quasi'),
(1176, 483, 3, 'Cum praesentium laudantium.', 'ex'),
(1177, 484, 3, 'Sint nulla atque.', 'minima'),
(1178, 484, 2, 'Magni perspiciatis iste necessitatibus quaera', 'soluta'),
(1179, 484, 1, 'Aperiam unde voluptas ducimus fugiat saepe.', 'rem'),
(1180, 484, 1, 'Expedita cum aperiam eligendi quae minima por', 'voluptate'),
(1181, 484, 2, 'Quas eaque aliquid eius.', 'magni'),
(1182, 485, 1, 'Facere magnam id assumenda numquam explicabo.', 'odio'),
(1183, 485, 1, 'Facere perferendis reprehenderit.', 'est'),
(1184, 485, 1, 'Sequi maiores corporis.', 'voluptas'),
(1185, 486, 1, 'Deleniti vitae necessitatibus quasi quia tota', 'officiis'),
(1186, 486, 2, 'Laboriosam excepturi minus consequatur natus ', 'accusantium'),
(1187, 486, 3, 'Molestias quas quaerat quaerat cupiditate vel', 'dolorem'),
(1188, 486, 2, 'Tenetur nihil totam adipisci quisquam.', 'excepturi'),
(1189, 486, 3, 'Occaecati iusto hic recusandae maxime.', 'officia'),
(1190, 487, 3, 'Quibusdam repudiandae quisquam labore quae.', 'alias'),
(1191, 487, 3, 'Tempore quidem inventore ex non.', 'ratione'),
(1192, 488, 2, 'Pariatur reiciendis illum assumenda repellend', 'laboriosam'),
(1193, 489, 1, 'Facere assumenda vero facere vel perferendis ', 'asperiores'),
(1194, 490, 3, 'Cum blanditiis rem vel.', 'eos'),
(1195, 490, 3, 'Saepe quidem reiciendis facilis natus esse qu', 'et'),
(1196, 491, 1, 'Reiciendis inventore maiores minus quod sapie', 'qui'),
(1197, 491, 1, 'Enim sit animi.', 'ducimus'),
(1198, 491, 2, 'Dolorem quisquam placeat ducimus.', 'atque'),
(1199, 491, 3, 'Possimus harum dolore expedita similique exer', 'tempora'),
(1200, 492, 3, 'Impedit et doloribus.', 'dolor'),
(1201, 492, 3, 'Deserunt distinctio tempore officia facere re', 'voluptates'),
(1202, 492, 1, 'Ratione optio ipsam dignissimos.', 'itaque'),
(1203, 492, 2, 'Quo molestiae minus non pariatur esse sequi v', 'iusto'),
(1204, 492, 2, 'Adipisci beatae officiis.', 'porro'),
(1205, 493, 3, 'Officiis dolore facilis temporibus incidunt c', 'voluptates'),
(1206, 493, 2, 'Soluta nesciunt in neque.', 'odio'),
(1207, 494, 3, 'Voluptatum quas praesentium ut laudantium aut', 'sunt'),
(1208, 494, 3, 'Tenetur error veniam blanditiis.', 'totam'),
(1209, 494, 1, 'Modi amet unde ratione sit animi.', 'praesentium'),
(1210, 494, 2, 'Aliquid aspernatur ut vitae eveniet cum ratio', 'dolores'),
(1211, 494, 2, 'Cum ratione accusantium incidunt illum.', 'earum'),
(1212, 495, 1, 'Ullam corporis quasi tempora non consectetur.', 'voluptatum'),
(1213, 496, 2, 'Velit ipsum ut voluptatibus explicabo similiq', 'asperiores'),
(1214, 496, 2, 'Quod eveniet quisquam maiores.', 'voluptates'),
(1215, 496, 2, 'Tenetur dicta laborum.', 'sapiente'),
(1216, 496, 2, 'Adipisci commodi ipsum alias explicabo.', 'minus'),
(1217, 496, 1, 'Id quaerat aliquid illum libero ipsum.', 'error'),
(1218, 498, 2, 'Dolorum dicta quod libero.', 'ipsa'),
(1219, 498, 1, 'Facere omnis eligendi recusandae mollitia sun', 'repellendus'),
(1220, 498, 2, 'Voluptate error nulla numquam.', 'quis'),
(1221, 499, 3, 'Nihil magnam ad.', 'in'),
(1222, 499, 1, 'Tempora laudantium eos suscipit cumque ipsa o', 'omnis'),
(1223, 499, 2, 'Dignissimos iste necessitatibus a distinctio ', 'debitis'),
(1224, 500, 1, 'Veniam sapiente nemo quidem necessitatibus la', 'sed'),
(1225, 501, 3, 'Illum tempora natus expedita tenetur.', 'provident'),
(1226, 502, 3, 'Odio sunt neque consectetur dolorem eveniet m', 'eveniet'),
(1227, 502, 1, 'Sapiente molestiae quaerat officia doloribus ', 'harum'),
(1228, 502, 1, 'Aliquid a non dolorum harum reiciendis.', 'sequi'),
(1229, 502, 1, 'Voluptas suscipit ipsa minus earum atque aliq', 'corporis'),
(1230, 503, 2, 'Nemo natus blanditiis necessitatibus.', 'excepturi'),
(1231, 503, 3, 'Ipsum totam asperiores omnis.', 'odio'),
(1232, 505, 3, 'Voluptas odio doloribus aut vel.', 'maxime'),
(1233, 505, 1, 'Itaque aut voluptates delectus itaque.', 'numquam'),
(1234, 505, 1, 'Veniam ab nostrum provident.', 'deserunt'),
(1235, 505, 2, 'At excepturi commodi nisi.', 'necessitatibus'),
(1236, 505, 2, 'Debitis totam occaecati iusto modi.', 'sint'),
(1237, 507, 2, 'Explicabo distinctio consectetur hic amet.', 'consequuntur'),
(1238, 507, 2, 'Nisi dolore iste sequi cupiditate.', 'alias'),
(1239, 507, 1, 'Sunt nemo delectus pariatur dicta minus.', 'aliquam'),
(1240, 507, 3, 'Deleniti corrupti laborum ipsum consequuntur ', 'vitae'),
(1241, 507, 1, 'Saepe ducimus rem.', 'explicabo'),
(1242, 508, 2, 'Aperiam fugiat distinctio accusamus fuga ut m', 'exercitationem'),
(1243, 508, 3, 'Quae at veniam deleniti.', 'molestiae'),
(1244, 509, 1, 'Iure cum eos vitae sunt doloremque deleniti.', 'quod'),
(1245, 510, 1, 'Iure dignissimos culpa beatae ullam veniam su', 'maxime'),
(1246, 510, 3, 'Repellendus ab reiciendis voluptates.', 'molestias'),
(1247, 510, 3, 'Voluptatem enim architecto aliquam aliquam pa', 'illum'),
(1248, 510, 2, 'Nam error omnis debitis harum illum maiores.', 'at'),
(1249, 510, 1, 'Ipsam quaerat repellat repellendus.', 'beatae'),
(1250, 511, 3, 'Asperiores laudantium odit explicabo explicab', 'officia'),
(1251, 512, 1, 'Laboriosam nam id incidunt.', 'officiis'),
(1252, 512, 2, 'Qui pariatur nesciunt dolor magni consequuntu', 'ullam'),
(1253, 512, 1, 'At deserunt maiores aliquam commodi eos rem.', 'atque'),
(1254, 512, 2, 'Iusto incidunt laboriosam doloribus consequun', 'eaque'),
(1255, 512, 2, 'Explicabo debitis iure nam eos.', 'voluptas'),
(1256, 513, 2, 'Distinctio ea id magnam minima doloribus ipsu', 'in'),
(1257, 513, 2, 'Itaque maiores molestias numquam saepe.', 'eos'),
(1258, 513, 2, 'Minus similique est illo dignissimos recusand', 'aliquam'),
(1259, 513, 3, 'Soluta repellat quibusdam odio quam alias.', 'rerum'),
(1260, 513, 3, 'In omnis quae dolorem voluptas facere.', 'reprehenderit'),
(1261, 515, 1, 'Iure delectus dolore nesciunt.', 'consequatur'),
(1262, 515, 1, 'Quod numquam a fugit fugiat.', 'placeat'),
(1263, 515, 2, 'Quibusdam in suscipit.', 'et'),
(1264, 515, 3, 'Ab suscipit excepturi odit praesentium deseru', 'quidem'),
(1265, 516, 2, 'Libero nulla fugiat beatae quasi hic.', 'incidunt'),
(1266, 516, 3, 'Id earum commodi itaque.', 'eaque'),
(1267, 516, 3, 'Odit modi fugiat.', 'maxime'),
(1268, 516, 2, 'Saepe explicabo quis error hic.', 'beatae'),
(1269, 516, 2, 'Architecto modi esse odio quasi possimus.', 'debitis'),
(1270, 517, 2, 'Nostrum ducimus perspiciatis ratione accusant', 'illum'),
(1271, 517, 2, 'Iure tenetur sit odit id dicta sed.', 'qui'),
(1272, 517, 1, 'Quidem sunt consequatur molestias tempore ven', 'iusto'),
(1273, 519, 1, 'Debitis quas fugit iure laudantium quia corru', 'excepturi'),
(1274, 519, 1, 'Tempora harum nisi iure vel nihil.', 'sapiente'),
(1275, 521, 2, 'Consequuntur distinctio corrupti laborum.', 'voluptate'),
(1276, 521, 1, 'Delectus praesentium repellat autem deserunt.', 'dicta'),
(1277, 521, 1, 'Pariatur facere totam laborum tempore facilis', 'mollitia'),
(1278, 522, 2, 'Nesciunt voluptatibus veniam alias.', 'itaque'),
(1279, 522, 1, 'Neque nemo fugiat quod.', 'quisquam'),
(1280, 524, 2, 'Provident aliquam ex dolore.', 'sit'),
(1281, 524, 3, 'Quam veritatis minus ut dolorum aspernatur sa', 'magni'),
(1282, 524, 1, 'Laborum unde eius ab molestiae earum.', 'ipsam'),
(1283, 525, 2, 'Occaecati voluptatem quia.', 'voluptatem'),
(1284, 525, 3, 'Dolorum est quibusdam maxime.', 'repellendus'),
(1285, 526, 3, 'Totam culpa est facere rem.', 'autem'),
(1286, 526, 1, 'Neque repellendus nulla blanditiis.', 'amet'),
(1287, 526, 2, 'Velit provident nisi.', 'ducimus'),
(1288, 526, 2, 'Dolore hic animi distinctio nemo saepe.', 'nulla'),
(1289, 527, 1, 'Facere culpa illum quas ab dolorum ullam.', 'cum'),
(1290, 527, 3, 'Consequuntur fugit vel optio quaerat iusto.', 'eligendi'),
(1291, 527, 3, 'Placeat minus nam soluta qui.', 'qui'),
(1292, 527, 2, 'Unde asperiores sed facere consectetur.', 'omnis'),
(1293, 527, 3, 'Illo esse ab repellendus expedita delectus au', 'sit'),
(1294, 528, 1, 'Sapiente ut velit itaque voluptatem fugiat et', 'repudiandae'),
(1295, 528, 1, 'Laboriosam reprehenderit at dolorum voluptate', 'ipsa'),
(1296, 528, 1, 'At itaque amet nihil deserunt laboriosam.', 'officia'),
(1297, 528, 3, 'Perspiciatis molestias numquam dignissimos na', 'architecto'),
(1298, 528, 3, 'Ut dicta neque sit officia illo maiores ullam', 'consequatur'),
(1299, 530, 1, 'Dolorum dolore quia velit fugiat doloremque s', 'accusantium'),
(1300, 530, 3, 'Nostrum molestiae eveniet illum.', 'sint'),
(1301, 530, 1, 'Deserunt sed inventore expedita blanditiis qu', 'nesciunt'),
(1302, 530, 3, 'Atque libero quae autem placeat.', 'omnis'),
(1303, 530, 2, 'Fugit tenetur commodi accusamus.', 'iure'),
(1304, 532, 3, 'Voluptates officia repellendus perferendis.', 'illum'),
(1305, 532, 2, 'Provident vero aperiam ullam quibusdam eaque.', 'asperiores'),
(1306, 532, 2, 'Blanditiis commodi quasi quis repellat exerci', 'quas'),
(1307, 532, 1, 'Repudiandae eligendi iusto quas ratione labor', 'atque'),
(1308, 532, 1, 'Saepe est eveniet voluptatem molestiae.', 'sunt'),
(1309, 533, 2, 'Cumque provident aliquid temporibus expedita ', 'dignissimos'),
(1310, 533, 1, 'Laboriosam distinctio vel consequuntur.', 'labore'),
(1311, 534, 2, 'Sequi repellendus ipsa nisi optio.', 'praesentium'),
(1312, 534, 2, 'Deserunt facilis iusto natus odit sint repudi', 'exercitationem'),
(1313, 534, 1, 'Inventore optio quos.', 'aliquid'),
(1314, 534, 1, 'Et voluptatibus fugit repellat nostrum corpor', 'doloremque'),
(1315, 534, 2, 'Voluptates atque quibusdam et.', 'itaque'),
(1316, 535, 1, 'Porro laudantium ex sequi labore eius.', 'enim'),
(1317, 535, 3, 'Consequatur quis voluptas tenetur est alias i', 'doloremque'),
(1318, 535, 1, 'Corrupti minima iste natus.', 'praesentium'),
(1319, 535, 1, 'Vero quo culpa provident iure commodi tempore', 'dicta'),
(1320, 536, 1, 'Quidem ex et eos neque.', 'temporibus'),
(1321, 536, 1, 'Minima atque iure molestias dolor quia ea.', 'sint'),
(1322, 537, 3, 'Impedit dignissimos exercitationem enim ullam', 'reiciendis'),
(1323, 537, 1, 'Minima aliquid rerum perspiciatis natus quas ', 'deleniti'),
(1324, 537, 1, 'Alias eveniet magni earum excepturi tempore v', 'omnis'),
(1325, 537, 3, 'Occaecati perspiciatis aut molestiae hic.', 'ratione'),
(1326, 537, 2, 'Mollitia consequuntur dignissimos consequuntu', 'eius'),
(1327, 538, 1, 'Commodi aut quam eos alias qui.', 'rerum'),
(1328, 538, 1, 'Nihil impedit alias iure beatae alias.', 'cum'),
(1329, 538, 1, 'Molestias et quidem excepturi.', 'accusantium'),
(1330, 538, 3, 'Repudiandae assumenda quia placeat labore quo', 'corrupti'),
(1331, 538, 3, 'Cumque commodi natus aliquam nemo.', 'animi'),
(1332, 539, 1, 'Corrupti architecto exercitationem dolorem es', 'impedit'),
(1333, 540, 2, 'Nam eligendi fuga consequuntur nemo dolores v', 'dolor'),
(1334, 540, 2, 'Voluptatem officia consectetur eaque corporis', 'aliquam'),
(1335, 540, 1, 'Nisi repellendus hic vitae laborum omnis.', 'exercitationem'),
(1336, 540, 1, 'Tempora laborum nostrum iusto sint ipsum.', 'labore'),
(1337, 540, 1, 'Recusandae sapiente aliquid dolorem natus cup', 'voluptas'),
(1338, 541, 1, 'Reiciendis reprehenderit nihil minima culpa s', 'magni'),
(1339, 541, 1, 'Quae aperiam dolore ullam.', 'culpa'),
(1340, 542, 1, 'Molestiae quae officia.', 'nihil'),
(1341, 542, 3, 'Labore voluptatem tempora reiciendis molestia', 'sint'),
(1342, 542, 3, 'Molestiae porro eos quod adipisci.', 'repellat'),
(1343, 543, 3, 'Sunt cumque ipsa tempora ipsum.', 'reiciendis'),
(1344, 543, 2, 'Enim voluptatem nemo eaque iure unde debitis.', 'facilis'),
(1345, 543, 1, 'Vitae consequatur hic dolores ipsam at ration', 'earum'),
(1346, 543, 1, 'Rem aliquam a nulla.', 'iusto'),
(1347, 544, 3, 'Commodi quis repellat aliquid soluta omnis ip', 'aliquid'),
(1348, 544, 3, 'Ab vitae temporibus doloribus repudiandae.', 'maiores'),
(1349, 545, 1, 'Pariatur enim quam reprehenderit ipsa blandit', 'molestias'),
(1350, 545, 3, 'Quod omnis facilis similique quaerat.', 'earum'),
(1351, 545, 1, 'Harum exercitationem corporis sed doloribus d', 'suscipit'),
(1352, 545, 1, 'Fuga aliquid nemo.', 'delectus'),
(1353, 545, 1, 'Sunt incidunt eius nesciunt.', 'ea'),
(1354, 546, 1, 'Laudantium atque libero corrupti.', 'veniam'),
(1355, 546, 1, 'Adipisci maxime fugit.', 'maiores'),
(1356, 546, 3, 'Ullam deserunt aliquam pariatur voluptatibus ', 'suscipit'),
(1357, 546, 1, 'Dolorum voluptatum qui iusto.', 'dolores'),
(1358, 546, 3, 'Dicta magni eveniet inventore.', 'beatae'),
(1359, 547, 2, 'Magnam placeat odit nemo.', 'omnis'),
(1360, 547, 3, 'Est nam perspiciatis mollitia.', 'ex'),
(1361, 547, 3, 'Incidunt quae quibusdam nisi delectus quasi.', 'tempore'),
(1362, 547, 3, 'Temporibus dolor consectetur dolor.', 'nam'),
(1363, 548, 3, 'Iusto sapiente necessitatibus velit unde dolo', 'molestiae'),
(1364, 548, 2, 'Asperiores assumenda velit eveniet dicta temp', 'fugiat'),
(1365, 548, 1, 'Delectus architecto inventore sed ipsum.', 'aliquam'),
(1366, 549, 1, 'Cum asperiores aut dolores.', 'vero'),
(1367, 549, 3, 'Repellendus quidem suscipit aperiam.', 'nostrum'),
(1368, 549, 3, 'Saepe recusandae fugit est eaque deleniti vol', 'impedit'),
(1369, 549, 2, 'Nobis a ullam quo aspernatur possimus.', 'inventore'),
(1370, 550, 2, 'Repellendus laborum molestiae voluptatibus.', 'placeat'),
(1371, 550, 1, 'Aperiam iure eveniet sapiente consectetur ali', 'fuga'),
(1372, 550, 3, 'Expedita quo necessitatibus perspiciatis odit', 'animi'),
(1373, 551, 3, 'Eligendi odit voluptatem dolorum consequatur ', 'sed'),
(1374, 551, 2, 'Voluptatum atque beatae quod unde quam.', 'deserunt'),
(1375, 551, 1, 'Illum tempore nesciunt nisi placeat ullam vit', 'iusto'),
(1376, 551, 2, 'Harum deleniti facere.', 'molestiae'),
(1377, 553, 2, 'Libero consectetur perferendis aperiam distin', 'dolorem'),
(1378, 553, 1, 'Sint numquam assumenda.', 'veniam'),
(1379, 553, 2, 'Sunt consequuntur alias laboriosam voluptate ', 'aspernatur'),
(1380, 554, 3, 'Blanditiis quas autem fugit.', 'est'),
(1381, 555, 2, 'Corrupti reprehenderit pariatur expedita.', 'quis'),
(1382, 556, 1, 'Deserunt dolores perspiciatis labore dolore i', 'earum'),
(1383, 556, 3, 'Suscipit consequuntur velit distinctio quisqu', 'porro'),
(1384, 557, 3, 'Nisi temporibus atque adipisci sequi sunt pra', 'quis'),
(1385, 557, 1, 'Quos ratione cupiditate est ad minus beatae.', 'quas'),
(1386, 557, 2, 'Voluptas impedit quidem magni quos explicabo.', 'adipisci'),
(1387, 557, 2, 'Eius corporis sed.', 'corrupti'),
(1388, 560, 3, 'Quasi sed est labore quidem eaque quia.', 'sit'),
(1389, 561, 2, 'Illo officiis quos eos.', 'veniam'),
(1390, 561, 1, 'Ipsum maiores omnis quasi praesentium asperio', 'est'),
(1391, 562, 1, 'Cum illum asperiores non architecto.', 'odit'),
(1392, 562, 1, 'Eveniet minus sed asperiores.', 'facilis'),
(1393, 562, 2, 'Quae ipsam rem unde dignissimos corporis.', 'vitae'),
(1394, 562, 2, 'Consectetur ipsam adipisci repellendus quisqu', 'autem'),
(1395, 562, 3, 'Aliquam enim et quo eaque error.', 'maxime'),
(1396, 563, 3, 'Maxime eligendi veniam cupiditate.', 'possimus'),
(1397, 565, 2, 'Voluptas sint distinctio enim.', 'eum'),
(1398, 565, 2, 'Beatae ad nemo soluta officia aut perferendis', 'unde'),
(1399, 565, 2, 'Illum reiciendis consectetur eum optio sit.', 'aspernatur'),
(1400, 565, 2, 'Odit quaerat sapiente laudantium alias provid', 'hic'),
(1401, 565, 3, 'Odit suscipit sed laudantium.', 'libero'),
(1402, 566, 1, 'Ut ab eos cum corrupti cum.', 'provident'),
(1403, 566, 2, 'Non dolore dolor accusantium excepturi volupt', 'mollitia'),
(1404, 567, 1, 'Similique laboriosam ab hic.', 'minima'),
(1405, 567, 3, 'Consectetur maxime quasi.', 'cumque'),
(1406, 567, 1, 'Expedita quidem minima fuga.', 'odio'),
(1407, 567, 1, 'Doloremque sit quod officia ipsum.', 'delectus'),
(1408, 567, 2, 'Asperiores illo natus aperiam corrupti sint n', 'eum'),
(1409, 568, 3, 'Quaerat aliquam quidem nemo esse sit.', 'eligendi'),
(1410, 568, 3, 'Labore mollitia animi nesciunt repellendus at', 'earum'),
(1411, 568, 1, 'Quibusdam facere laboriosam enim ab.', 'corporis'),
(1412, 569, 1, 'Ad incidunt nisi id dolorum nihil.', 'consequatur'),
(1413, 569, 3, 'Nam perspiciatis quas mollitia modi.', 'quis'),
(1414, 570, 3, 'Adipisci maxime natus amet hic.', 'explicabo'),
(1415, 570, 2, 'Soluta reprehenderit eos illo possimus quod a', 'ducimus'),
(1416, 570, 2, 'Esse ut reiciendis provident quasi architecto', 'harum'),
(1417, 571, 3, 'Suscipit tempore voluptatibus animi.', 'nihil'),
(1418, 571, 3, 'Blanditiis reiciendis distinctio necessitatib', 'est'),
(1419, 571, 2, 'Blanditiis eligendi modi libero sint ratione ', 'quos'),
(1420, 572, 1, 'Vel delectus odit officiis consequatur.', 'illo'),
(1421, 572, 1, 'Doloremque molestias velit recusandae veniam ', 'deserunt'),
(1422, 573, 1, 'Quasi atque molestias porro earum.', 'facere'),
(1423, 573, 3, 'Numquam voluptates alias ut optio dolores ius', 'eaque'),
(1424, 574, 2, 'Dolores ipsam aperiam voluptatibus.', 'dicta'),
(1425, 574, 3, 'Molestiae dignissimos amet.', 'optio'),
(1426, 575, 3, 'Optio ullam porro aliquid consequuntur except', 'molestiae'),
(1427, 575, 2, 'Fuga reprehenderit et repudiandae.', 'ut'),
(1428, 575, 3, 'Quisquam aliquid vel.', 'commodi'),
(1429, 576, 1, 'Nisi harum asperiores ipsa perferendis repudi', 'et'),
(1430, 577, 2, 'Fuga beatae quaerat autem autem natus in.', 'fugit'),
(1431, 577, 3, 'Ut nemo animi laborum optio quaerat.', 'delectus'),
(1432, 577, 1, 'Cumque nihil optio natus reiciendis nulla rep', 'neque'),
(1433, 577, 2, 'Nobis amet cupiditate cupiditate assumenda di', 'dolorum'),
(1434, 577, 2, 'Reiciendis id dolorem eius voluptas illo.', 'provident'),
(1435, 578, 3, 'Amet numquam maxime ab fugit.', 'officia'),
(1436, 579, 3, 'Aut est tempora ut rem dolorum.', 'at'),
(1437, 579, 3, 'Optio necessitatibus totam omnis cumque culpa', 'minima'),
(1438, 580, 2, 'Reiciendis sit occaecati mollitia.', 'nesciunt'),
(1439, 580, 3, 'Ullam recusandae itaque commodi consectetur o', 'veniam'),
(1440, 580, 2, 'Culpa non ducimus sint nesciunt cum.', 'laboriosam'),
(1441, 581, 1, 'Nam dolore sit ab dolores officiis consequatu', 'natus'),
(1442, 581, 1, 'Repudiandae cum eum veritatis hic saepe assum', 'optio'),
(1443, 581, 1, 'Aspernatur omnis occaecati aut quisquam.', 'vitae'),
(1444, 581, 3, 'Accusantium ipsa officia est sunt veritatis.', 'labore'),
(1445, 582, 1, 'Accusamus quas sapiente veniam nemo.', 'ea'),
(1446, 582, 2, 'Iusto quam omnis unde repellat laboriosam dol', 'placeat'),
(1447, 582, 1, 'Magnam voluptatem error accusamus consequatur', 'minus'),
(1448, 582, 1, 'Laboriosam doloremque ratione molestiae dolor', 'atque'),
(1449, 584, 3, 'Veritatis aut dolorum sint totam unde.', 'numquam'),
(1450, 584, 1, 'Voluptate quasi magnam minus blanditiis.', 'soluta'),
(1451, 584, 1, 'Voluptatum illum ratione minima.', 'atque'),
(1452, 585, 2, 'Laudantium fugit officiis laboriosam optio cu', 'modi'),
(1453, 586, 2, 'Possimus quia ipsam similique in.', 'deleniti'),
(1454, 586, 2, 'Eum molestiae ad pariatur.', 'nihil'),
(1455, 587, 2, 'Reprehenderit veniam enim voluptatem.', 'sequi'),
(1456, 587, 1, 'Animi dicta sunt numquam animi.', 'reprehenderit'),
(1457, 587, 2, 'Blanditiis minus eum ipsam necessitatibus nul', 'molestias'),
(1458, 587, 2, 'Pariatur cum eligendi laboriosam ducimus volu', 'laudantium'),
(1459, 588, 2, 'Doloribus ullam fugit distinctio sequi.', 'labore'),
(1460, 588, 1, 'Exercitationem sit recusandae asperiores prae', 'possimus'),
(1461, 588, 1, 'Eligendi eveniet voluptate.', 'porro'),
(1462, 588, 2, 'Voluptates sunt delectus dolorum sapiente vel', 'reprehenderit'),
(1463, 588, 1, 'Occaecati eligendi doloribus impedit animi sa', 'officiis'),
(1464, 589, 1, 'Quaerat quaerat deleniti mollitia quo.', 'atque'),
(1465, 589, 1, 'Nesciunt adipisci veritatis eligendi.', 'consectetur'),
(1466, 589, 1, 'Veniam error magnam eos.', 'unde'),
(1467, 590, 3, 'Facere accusamus excepturi vero.', 'eius'),
(1468, 590, 2, 'Quod ducimus ad totam repudiandae.', 'veritatis'),
(1469, 590, 2, 'Non ut in eligendi.', 'voluptates'),
(1470, 590, 2, 'Corrupti voluptatum pariatur.', 'deleniti'),
(1471, 592, 2, 'Consequatur iusto inventore dolore.', 'at'),
(1472, 592, 3, 'Praesentium quis minima nesciunt quo pariatur', 'distinctio'),
(1473, 592, 3, 'Nemo earum ullam mollitia sunt.', 'assumenda'),
(1474, 592, 1, 'Debitis velit voluptate debitis sint.', 'quas'),
(1475, 592, 1, 'Repellendus voluptatum sit cumque ipsam.', 'nostrum'),
(1476, 593, 1, 'Illo sit id cupiditate similique debitis.', 'fugit'),
(1477, 593, 2, 'Nam necessitatibus expedita.', 'blanditiis'),
(1478, 593, 1, 'Magnam eligendi illum magni nisi repudiandae ', 'eos'),
(1479, 593, 1, 'Fuga non laudantium a.', 'facilis'),
(1480, 593, 2, 'Facere illo ea esse quasi ratione repellendus', 'vero'),
(1481, 594, 1, 'Deserunt assumenda impedit perferendis quo.', 'nihil'),
(1482, 594, 3, 'Voluptas illo fugit quod.', 'iusto'),
(1483, 594, 1, 'Labore at voluptatibus eius nesciunt tempore.', 'tempore'),
(1484, 595, 3, 'Occaecati odio deleniti dolores nostrum possi', 'quis'),
(1485, 595, 3, 'Odio eius ipsam quam laboriosam.', 'deleniti'),
(1486, 595, 1, 'Facilis similique aut at consectetur dicta.', 'enim'),
(1487, 595, 3, 'Magni repudiandae quae.', 'aliquid'),
(1488, 597, 2, 'Quidem vero dolores deserunt sunt.', 'deserunt'),
(1489, 597, 3, 'Et dignissimos suscipit.', 'pariatur'),
(1490, 597, 1, 'Repudiandae veritatis neque maiores magni eli', 'enim'),
(1491, 597, 2, 'Corporis optio maiores recusandae quisquam ne', 'atque'),
(1492, 597, 1, 'Sunt et provident magnam.', 'alias'),
(1493, 598, 1, 'Excepturi deserunt dolores consequatur ut dis', 'nam'),
(1494, 598, 2, 'Voluptatibus minima sit vitae magni itaque in', 'consectetur'),
(1495, 598, 1, 'Ea minima corrupti voluptatibus nostrum provi', 'sunt'),
(1496, 598, 2, 'Quis similique facere aut.', 'dolorum'),
(1497, 599, 1, 'Nostrum perspiciatis fugiat esse architecto.', 'eos'),
(1498, 599, 3, 'Reprehenderit doloremque aperiam nisi alias a', 'nihil'),
(1499, 601, 1, 'Hic explicabo voluptas optio autem.', 'fugiat'),
(1500, 601, 1, 'Nostrum dolor placeat.', 'doloremque'),
(1501, 601, 1, 'Voluptatum quo odio nulla ipsum dolorem.', 'consequatur'),
(1502, 601, 3, 'Iste officia dolore commodi ipsa quas.', 'atque'),
(1503, 601, 2, 'Unde debitis minus dolor harum autem impedit.', 'eius'),
(1504, 603, 1, 'Veritatis sint nemo tenetur eligendi quis.', 'quaerat'),
(1505, 603, 2, 'Harum libero dolor quaerat.', 'consectetur'),
(1506, 604, 2, 'Quibusdam cupiditate debitis beatae quisquam.', 'blanditiis'),
(1507, 604, 1, 'Vel odit minima voluptas dignissimos debitis ', 'laboriosam'),
(1508, 604, 2, 'Porro officiis at consequuntur.', 'eveniet'),
(1509, 604, 2, 'Aliquam quis sapiente architecto.', 'neque'),
(1510, 604, 3, 'Deleniti consequatur ullam et non.', 'animi'),
(1511, 605, 1, 'Hic numquam id dolore veniam.', 'animi'),
(1512, 605, 2, 'Aspernatur illo beatae dolorum architecto.', 'eius'),
(1513, 605, 2, 'Libero voluptas voluptatibus officiis eveniet', 'quisquam'),
(1514, 605, 3, 'Ullam rem sed necessitatibus laboriosam tempo', 'quo'),
(1515, 605, 1, 'Placeat aliquid dolor.', 'unde'),
(1516, 606, 1, 'Optio quis laboriosam sed at pariatur quam.', 'vero'),
(1517, 606, 3, 'Cum nulla commodi minima earum nam velit sed.', 'est'),
(1518, 606, 1, 'Reprehenderit tenetur neque tempora est ipsum', 'dolore'),
(1519, 606, 2, 'Placeat magni animi delectus.', 'eum'),
(1520, 607, 1, 'Odio blanditiis sunt et dolores iure laborios', 'doloribus'),
(1521, 607, 1, 'Quibusdam nisi ex magni architecto in ducimus', 'reiciendis'),
(1522, 607, 3, 'Perferendis porro quasi maxime.', 'voluptatibus'),
(1523, 607, 1, 'Ut dolore minus libero assumenda excepturi cu', 'eos'),
(1524, 607, 3, 'Numquam quaerat eligendi corrupti necessitati', 'doloremque'),
(1525, 608, 1, 'Dolorum nostrum provident suscipit cumque.', 'error'),
(1526, 608, 2, 'Id fugit cum vero consectetur.', 'beatae'),
(1527, 609, 2, 'Nam molestiae id minima cum culpa.', 'ab'),
(1528, 609, 1, 'Molestias laborum quasi pariatur ad.', 'delectus'),
(1529, 609, 2, 'Ex consequuntur architecto atque vero.', 'aut'),
(1530, 610, 1, 'Fugiat officia aliquid minima.', 'illum'),
(1531, 610, 2, 'Magni necessitatibus iste ad exercitationem.', 'enim'),
(1532, 610, 1, 'Id nobis dolorem a itaque.', 'modi'),
(1533, 611, 3, 'Veniam aliquam sequi numquam sapiente cumque.', 'commodi'),
(1534, 611, 3, 'Asperiores animi pariatur numquam.', 'pariatur'),
(1535, 611, 2, 'Officiis ullam a similique eligendi dicta ill', 'dignissimos'),
(1536, 611, 2, 'Tempore pariatur delectus repellat tempore nu', 'adipisci'),
(1537, 612, 1, 'Sit esse repudiandae minima nam voluptate sus', 'nostrum'),
(1538, 612, 1, 'Sit voluptatum voluptatibus consequatur beata', 'expedita'),
(1539, 612, 3, 'Omnis nemo quibusdam minus blanditiis.', 'qui'),
(1540, 612, 1, 'Omnis similique totam molestias possimus tota', 'dolorem'),
(1541, 612, 2, 'Molestias nulla rem.', 'ad'),
(1542, 613, 3, 'Consectetur at excepturi cumque.', 'illum'),
(1543, 613, 3, 'Inventore iure harum distinctio optio quisqua', 'earum'),
(1544, 614, 1, 'Animi minus sequi deserunt natus.', 'ea'),
(1545, 614, 1, 'Iure corrupti odio eligendi deleniti debitis ', 'voluptatibus'),
(1546, 615, 2, 'Ex cum tempore excepturi sit accusamus ipsam.', 'iusto'),
(1547, 615, 1, 'Laboriosam vitae ea ratione delectus repellen', 'accusamus'),
(1548, 616, 3, 'Vero possimus excepturi omnis ullam quo commo', 'pariatur'),
(1549, 617, 1, 'Neque eaque laudantium ad iste eos.', 'itaque'),
(1550, 617, 1, 'Repellendus cupiditate rem hic.', 'eum'),
(1551, 617, 2, 'Deleniti minus maiores vitae.', 'sed'),
(1552, 617, 2, 'At minus ea minima distinctio quia et.', 'provident'),
(1553, 619, 3, 'Aut officia aperiam tempore.', 'porro'),
(1554, 619, 2, 'Aut veniam quae fuga voluptatum.', 'aliquam'),
(1555, 619, 3, 'Voluptatibus commodi voluptates fugit iusto i', 'consectetur'),
(1556, 620, 2, 'Adipisci debitis sapiente officia odit unde p', 'ab'),
(1557, 621, 3, 'Fugit corporis voluptas omnis.', 'debitis'),
(1558, 621, 2, 'Error atque corporis officia.', 'reprehenderit'),
(1559, 621, 1, 'Quos nam laudantium.', 'dolore'),
(1560, 621, 3, 'Quod a ipsum quae tenetur culpa.', 'qui'),
(1561, 622, 1, 'Ipsum sit eligendi nihil molestias.', 'et'),
(1562, 622, 2, 'Nam cum optio aperiam.', 'illo'),
(1563, 622, 3, 'Iste corrupti rem nisi.', 'totam'),
(1564, 622, 1, 'Labore alias quod dolor necessitatibus ipsum.', 'natus'),
(1565, 622, 1, 'Blanditiis ducimus facilis porro id ea.', 'molestiae'),
(1566, 623, 1, 'Maxime vero quis error voluptatibus corporis.', 'voluptatem'),
(1567, 624, 1, 'Consectetur dolore suscipit perspiciatis reic', 'atque'),
(1568, 624, 3, 'Voluptates deleniti nemo modi autem iste atqu', 'eligendi'),
(1569, 624, 3, 'Mollitia inventore iusto sapiente.', 'laudantium'),
(1570, 624, 2, 'Eum hic alias est recusandae.', 'asperiores'),
(1571, 624, 3, 'Modi quas hic ipsam blanditiis veniam.', 'maiores'),
(1572, 625, 2, 'A labore sequi autem modi saepe.', 'voluptates'),
(1573, 627, 2, 'Quae magnam quibusdam officia repudiandae eni', 'iusto'),
(1574, 627, 2, 'Exercitationem maxime aperiam distinctio sint', 'rem'),
(1575, 628, 2, 'Eveniet corrupti amet eveniet vel facilis vel', 'illo'),
(1576, 628, 1, 'Veniam iste beatae eius.', 'quos'),
(1577, 629, 2, 'Adipisci facere velit vel amet ipsa facere fu', 'doloribus'),
(1578, 629, 1, 'Corporis numquam necessitatibus aliquid commo', 'corrupti'),
(1579, 629, 1, 'Earum ipsa dignissimos suscipit nam iure.', 'molestias'),
(1580, 629, 3, 'Quos quod a voluptatum.', 'voluptas'),
(1581, 629, 1, 'Maxime sit placeat esse dolor.', 'mollitia'),
(1582, 631, 1, 'Ducimus corporis sed laboriosam architecto nu', 'deleniti'),
(1583, 631, 3, 'Sequi nostrum facilis itaque.', 'adipisci'),
(1584, 631, 2, 'Facere porro perferendis.', 'pariatur'),
(1585, 632, 3, 'Fugit distinctio asperiores fugiat expedita.', 'tenetur'),
(1586, 632, 3, 'Exercitationem pariatur consequatur aliquid.', 'sint'),
(1587, 632, 1, 'Eum iusto nemo esse similique et repellat por', 'quae'),
(1588, 632, 2, 'Vel labore fugiat tenetur nemo numquam.', 'quis'),
(1589, 632, 1, 'Saepe accusamus sequi quibusdam vero unde qua', 'nihil'),
(1590, 633, 1, 'Voluptates nemo iure odit sint officiis.', 'quis'),
(1591, 634, 1, 'Tenetur necessitatibus nemo qui.', 'reprehenderit'),
(1592, 635, 1, 'Unde veniam accusamus perferendis.', 'quidem'),
(1593, 635, 1, 'Harum quia in autem.', 'est'),
(1594, 635, 2, 'Veniam quibusdam perferendis nostrum rem.', 'laborum'),
(1595, 635, 1, 'Eius corrupti non exercitationem.', 'architecto'),
(1596, 635, 3, 'Recusandae nulla vitae.', 'quis'),
(1597, 636, 3, 'Sunt odio eaque aspernatur at placeat volupta', 'rem'),
(1598, 636, 2, 'Cum molestiae molestias possimus ratione offi', 'consectetur'),
(1599, 636, 2, 'Vero debitis ullam eius provident adipisci.', 'cumque'),
(1600, 637, 2, 'Porro nisi aliquid.', 'quidem'),
(1601, 637, 3, 'Odio laudantium perferendis molestias blandit', 'ex'),
(1602, 638, 3, 'Rem odit molestiae sed a.', 'eveniet'),
(1603, 639, 2, 'Laboriosam eligendi voluptatibus enim aliquam', 'dolore'),
(1604, 639, 1, 'Natus facilis a nesciunt eum qui.', 'eius'),
(1605, 639, 1, 'Vel perferendis quam porro.', 'accusantium'),
(1606, 639, 3, 'Modi rem consequatur pariatur veniam delectus', 'ullam'),
(1607, 639, 2, 'Consectetur minima quos aspernatur.', 'id'),
(1608, 640, 2, 'Nam ex magnam odit magnam vel inventore sed.', 'itaque'),
(1609, 640, 3, 'Asperiores nostrum sequi tenetur illum explic', 'recusandae'),
(1610, 640, 2, 'Cum cupiditate in quas ducimus.', 'deserunt'),
(1611, 641, 1, 'Repellendus delectus in asperiores doloremque', 'tempore'),
(1612, 642, 3, 'Repellat neque et debitis distinctio eaque do', 'nobis'),
(1613, 642, 1, 'Repellendus repellendus optio repellat nulla.', 'dolorem'),
(1614, 642, 3, 'Non sint nihil esse tenetur fugiat dolore.', 'officia'),
(1615, 643, 2, 'Esse illo minus cum voluptate itaque.', 'consectetur'),
(1616, 644, 3, 'Nam unde distinctio.', 'quaerat'),
(1617, 644, 1, 'Corrupti quis neque commodi.', 'quasi'),
(1618, 644, 1, 'Architecto voluptatum odio blanditiis accusam', 'commodi'),
(1619, 645, 2, 'Non labore libero tempore.', 'recusandae'),
(1620, 645, 3, 'Odio commodi nesciunt sit distinctio minus co', 'nam'),
(1621, 645, 1, 'Quo distinctio magni.', 'rem'),
(1622, 645, 2, 'Porro in dolore impedit.', 'aspernatur'),
(1623, 646, 3, 'Aliquid distinctio natus itaque ullam.', 'reprehenderit'),
(1624, 647, 2, 'Porro cupiditate consequuntur ipsa pariatur.', 'explicabo'),
(1625, 647, 1, 'Expedita quis saepe labore at nulla.', 'rerum'),
(1626, 647, 3, 'Distinctio eveniet ducimus molestias.', 'rem'),
(1627, 648, 2, 'Unde accusantium distinctio iste assumenda ne', 'unde'),
(1628, 648, 1, 'Aspernatur voluptatum quae.', 'aut'),
(1629, 648, 1, 'Velit iure odit.', 'deserunt'),
(1630, 649, 3, 'Molestiae itaque nostrum blanditiis temporibu', 'praesentium'),
(1631, 649, 2, 'Soluta in natus necessitatibus fuga expedita.', 'quos'),
(1632, 650, 2, 'Occaecati adipisci doloribus numquam consecte', 'illo'),
(1633, 651, 1, 'Voluptates laborum corrupti et eum cupiditate', 'repellat'),
(1634, 651, 2, 'Sequi fuga temporibus earum architecto.', 'unde'),
(1635, 651, 1, 'Voluptate fuga praesentium.', 'magnam'),
(1636, 652, 3, 'Totam totam cum incidunt excepturi commodi.', 'similique'),
(1637, 652, 3, 'Iure ut nulla laborum non suscipit.', 'nostrum'),
(1638, 652, 1, 'Excepturi fugiat praesentium.', 'saepe'),
(1639, 652, 2, 'Repudiandae minus voluptates accusantium dese', 'animi'),
(1640, 653, 3, 'Reprehenderit quisquam ullam libero.', 'cumque'),
(1641, 653, 1, 'Fugiat beatae et vitae quis consequatur.', 'vero'),
(1642, 653, 3, 'Incidunt ratione velit tempora ipsam magni.', 'perspiciatis'),
(1643, 653, 3, 'Laborum magni quidem magni culpa natus.', 'dolores'),
(1644, 656, 2, 'Eaque iusto temporibus.', 'repellendus'),
(1645, 656, 1, 'Ut quia consequatur minus illo.', 'necessitatibus'),
(1646, 656, 3, 'Perspiciatis nesciunt doloribus corrupti non.', 'ullam'),
(1647, 657, 3, 'Amet consequuntur placeat ab assumenda accusa', 'facilis'),
(1648, 657, 2, 'Laborum cupiditate assumenda.', 'natus'),
(1649, 657, 2, 'Facilis ea pariatur explicabo repudiandae lab', 'aut'),
(1650, 658, 1, 'Nemo quaerat voluptatibus temporibus non qui.', 'quibusdam'),
(1651, 658, 3, 'Sapiente facere ab quas placeat ullam tempora', 'eveniet'),
(1652, 658, 2, 'Illum repellendus rem quam tenetur.', 'amet'),
(1653, 658, 1, 'Eos soluta provident laudantium magni numquam', 'eveniet'),
(1654, 660, 3, 'Exercitationem esse expedita.', 'voluptatum'),
(1655, 661, 2, 'Possimus esse nobis necessitatibus facere.', 'libero'),
(1656, 661, 1, 'Eius sed impedit officiis.', 'consequatur'),
(1657, 662, 1, 'Dolorem numquam praesentium culpa asperiores.', 'at'),
(1658, 663, 2, 'Enim dolor vel enim.', 'labore'),
(1659, 664, 2, 'Necessitatibus sit porro esse quos praesentiu', 'nihil'),
(1660, 664, 1, 'Quia hic omnis eius expedita.', 'placeat'),
(1661, 664, 1, 'Corrupti numquam natus.', 'architecto'),
(1662, 665, 1, 'Neque aperiam totam.', 'ipsa'),
(1663, 667, 1, 'Error unde ullam sint ratione iusto earum.', 'tempora'),
(1664, 667, 3, 'Ipsum neque aut consequatur cum suscipit haru', 'inventore'),
(1665, 668, 1, 'Nemo tenetur nisi consectetur.', 'magnam'),
(1666, 668, 2, 'Ab tempore consequatur pariatur cumque debiti', 'expedita'),
(1667, 668, 2, 'Odit velit officia aliquam.', 'quam'),
(1668, 670, 3, 'Eligendi ipsa sint quibusdam est iusto.', 'deleniti'),
(1669, 670, 1, 'Quisquam facilis doloremque aspernatur id cor', 'dolores'),
(1670, 670, 1, 'Aut deserunt at voluptates.', 'amet'),
(1671, 671, 2, 'Nesciunt dolores optio quas.', 'eum'),
(1672, 671, 1, 'Quasi laboriosam recusandae dignissimos sunt ', 'commodi'),
(1673, 672, 2, 'Aut voluptate aspernatur accusantium nobis es', 'maiores'),
(1674, 672, 3, 'Accusamus commodi officiis unde quod doloribu', 'officiis'),
(1675, 672, 1, 'Maiores earum quidem.', 'quam'),
(1676, 673, 2, 'Ab aliquam dolorem.', 'nulla'),
(1677, 673, 1, 'Pariatur repellat quas tenetur accusamus.', 'repellendus'),
(1678, 673, 3, 'Perspiciatis consequatur molestias minima por', 'id'),
(1679, 673, 2, 'Sunt doloremque tenetur consequatur asperiore', 'vitae'),
(1680, 674, 3, 'Vel molestiae porro in quidem.', 'ducimus'),
(1681, 674, 1, 'Tempora minus nisi aliquam atque ab.', 'accusantium'),
(1682, 674, 2, 'Ducimus quisquam sunt quod voluptate maxime.', 'reiciendis'),
(1683, 674, 2, 'Ad vero autem consequatur nemo reprehenderit ', 'explicabo'),
(1684, 674, 1, 'Ullam quo ducimus laudantium adipisci dolorem', 'quibusdam'),
(1685, 675, 3, 'Exercitationem neque quisquam dignissimos inv', 'odio'),
(1686, 676, 1, 'Assumenda earum neque doloribus ab ipsum.', 'ipsum'),
(1687, 676, 1, 'Quaerat est voluptates excepturi consectetur ', 'quas'),
(1688, 677, 1, 'Aliquam maiores earum minus.', 'corporis'),
(1689, 677, 3, 'Excepturi nostrum ullam error culpa earum ill', 'ab'),
(1690, 677, 3, 'Veritatis architecto officia ipsam.', 'quae'),
(1691, 677, 1, 'Minima suscipit perspiciatis porro exercitati', 'itaque'),
(1692, 677, 3, 'Esse doloremque ratione sequi itaque.', 'laudantium'),
(1693, 678, 3, 'Saepe fuga voluptates nihil quisquam.', 'quos'),
(1694, 678, 2, 'Voluptatum natus magnam delectus amet praesen', 'pariatur'),
(1695, 679, 3, 'Fugiat sit accusantium est possimus necessita', 'a'),
(1696, 680, 3, 'Quisquam explicabo nemo ut repellat cum beata', 'quam'),
(1697, 681, 1, 'Debitis incidunt consequuntur quis voluptate ', 'aperiam'),
(1698, 681, 3, 'Nulla odio placeat provident laudantium.', 'iure'),
(1699, 681, 3, 'Nihil consequuntur ducimus explicabo quidem c', 'dolorem'),
(1700, 681, 3, 'Nihil facere molestias at quos unde mollitia.', 'numquam'),
(1701, 683, 2, 'Id vero perferendis ullam asperiores.', 'voluptatem'),
(1702, 684, 1, 'Ducimus quasi est quod consequuntur nostrum.', 'exercitationem'),
(1703, 684, 3, 'Earum eum placeat sit.', 'dicta'),
(1704, 684, 2, 'Odit amet inventore.', 'ratione'),
(1705, 685, 3, 'Nam molestiae modi a enim corrupti.', 'fugit'),
(1706, 685, 1, 'Libero expedita recusandae facilis sint.', 'voluptatum'),
(1707, 685, 3, 'Magni itaque quis quisquam consectetur repudi', 'officia'),
(1708, 685, 2, 'Ratione commodi odit exercitationem eligendi ', 'expedita'),
(1709, 685, 2, 'Qui ex esse expedita excepturi facilis.', 'voluptate'),
(1710, 687, 1, 'Reiciendis est voluptates adipisci cum cum ad', 'asperiores'),
(1711, 687, 2, 'Facere ipsum omnis.', 'ipsum'),
(1712, 687, 3, 'Amet officiis rerum fugiat ex ea quibusdam.', 'iste'),
(1713, 687, 2, 'Harum recusandae nesciunt vel.', 'libero'),
(1714, 688, 2, 'Nihil veritatis architecto quos laboriosam op', 'architecto'),
(1715, 688, 1, 'Vitae saepe possimus neque autem.', 'laboriosam'),
(1716, 689, 3, 'Voluptatem rem nemo dicta omnis enim ducimus.', 'ipsa'),
(1717, 689, 3, 'Necessitatibus itaque in consequatur.', 'consequatur'),
(1718, 689, 1, 'Iusto eveniet vel.', 'quasi'),
(1719, 690, 3, 'Totam quas placeat id recusandae sit.', 'quasi'),
(1720, 690, 2, 'Ipsa minima deleniti veniam.', 'laborum'),
(1721, 690, 3, 'At mollitia eaque.', 'aliquid'),
(1722, 690, 2, 'Repellendus incidunt excepturi dignissimos no', 'reiciendis'),
(1723, 690, 3, 'Ipsam voluptatibus quidem minima sed tempore ', 'sunt'),
(1724, 691, 1, 'Ab necessitatibus quas a odio veritatis.', 'accusantium'),
(1725, 691, 1, 'Libero soluta dolores facilis facere.', 'iste'),
(1726, 691, 1, 'Occaecati eos fugiat exercitationem.', 'consectetur'),
(1727, 693, 3, 'Modi minima nemo deleniti laudantium libero i', 'repudiandae'),
(1728, 693, 1, 'Facere aperiam nihil harum quae vero.', 'temporibus'),
(1729, 693, 2, 'Reprehenderit reprehenderit aliquam exercitat', 'assumenda'),
(1730, 693, 1, 'Eum voluptatem ipsa reprehenderit voluptas.', 'tempore'),
(1731, 693, 1, 'Officia officiis delectus.', 'natus'),
(1732, 694, 3, 'Hic nostrum facilis itaque illum voluptas.', 'accusantium'),
(1733, 694, 3, 'Reprehenderit voluptates numquam sequi nesciu', 'reprehenderit'),
(1734, 694, 3, 'Ipsum dignissimos sunt odit quasi molestiae.', 'facilis'),
(1735, 694, 3, 'Fugit eos temporibus blanditiis.', 'sequi'),
(1736, 695, 3, 'Itaque modi sint ex consectetur dolore autem ', 'repellat'),
(1737, 695, 2, 'Reprehenderit sit veritatis quos saepe.', 'dicta'),
(1738, 695, 1, 'Qui commodi qui officiis aspernatur fugit nob', 'tempora'),
(1739, 696, 1, 'Quasi enim ducimus reprehenderit sapiente.', 'nobis'),
(1740, 696, 1, 'Distinctio repudiandae numquam veniam modi.', 'magni'),
(1741, 696, 2, 'Similique officiis numquam earum maxime.', 'cupiditate'),
(1742, 696, 2, 'Voluptatibus accusamus debitis ipsum providen', 'veritatis'),
(1743, 698, 3, 'Enim eveniet id dolore veniam optio molestias', 'magnam'),
(1744, 698, 1, 'Dolore error laudantium recusandae unde harum', 'nesciunt'),
(1745, 698, 2, 'Ut fugiat ipsa iste tempore sunt modi.', 'harum'),
(1746, 698, 1, 'Dolorem adipisci labore beatae nesciunt harum', 'deserunt'),
(1747, 698, 3, 'Reprehenderit id alias minima officiis invent', 'ad'),
(1748, 699, 2, 'Sequi eveniet aperiam voluptas.', 'id'),
(1749, 699, 2, 'Illum harum eligendi aliquam earum doloremque', 'numquam'),
(1750, 700, 2, 'Laudantium rerum tempora perspiciatis.', 'laudantium'),
(1751, 701, 3, 'Ab ipsa expedita nostrum voluptatum delectus ', 'quis'),
(1752, 701, 3, 'Earum provident minus praesentium sint aliqui', 'totam'),
(1753, 702, 3, 'Ad consequatur laboriosam ea.', 'quis'),
(1754, 702, 3, 'Cum voluptatibus voluptates culpa mollitia pe', 'veritatis'),
(1755, 702, 3, 'Doloremque deleniti voluptates maiores et nat', 'asperiores'),
(1756, 702, 1, 'Ut quis enim non.', 'doloremque'),
(1757, 703, 3, 'Odio iusto deserunt quaerat.', 'doloremque'),
(1758, 703, 2, 'Ratione recusandae porro molestiae neque.', 'velit'),
(1759, 704, 1, 'Similique quo laudantium earum.', 'numquam'),
(1760, 704, 1, 'Expedita eligendi quibusdam ipsum aut id repe', 'vel'),
(1761, 704, 1, 'A molestiae sapiente quo qui inventore distin', 'id'),
(1762, 704, 2, 'Eum omnis qui impedit accusantium dolores adi', 'assumenda'),
(1763, 705, 3, 'Natus dignissimos consequatur officia.', 'praesentium'),
(1764, 705, 2, 'Dolorum temporibus doloribus tenetur.', 'dolorum'),
(1765, 705, 1, 'Vitae quod nam illo commodi.', 'sapiente'),
(1766, 706, 2, 'Sapiente eum beatae mollitia hic numquam ea a', 'corrupti'),
(1767, 706, 3, 'Hic placeat aspernatur excepturi fugit aperia', 'dolore'),
(1768, 707, 2, 'Earum iste modi rem ipsa quos.', 'provident'),
(1769, 707, 3, 'Reiciendis enim recusandae voluptatum amet.', 'corrupti'),
(1770, 707, 1, 'Libero possimus eaque pariatur dolore et duci', 'necessitatibus'),
(1771, 707, 3, 'In ab necessitatibus necessitatibus omnis.', 'dolore'),
(1772, 707, 1, 'Porro nihil ducimus iste facilis debitis.', 'placeat'),
(1773, 708, 1, 'Magni repudiandae earum amet autem a enim.', 'asperiores'),
(1774, 708, 3, 'Expedita consequatur officia quae.', 'mollitia'),
(1775, 708, 3, 'Hic corrupti voluptatum ipsum pariatur ipsam ', 'reiciendis'),
(1776, 709, 2, 'Architecto fuga molestias voluptatem natus be', 'doloribus'),
(1777, 709, 1, 'Iure dolore nobis nesciunt nemo.', 'cumque'),
(1778, 709, 2, 'Accusamus a repellat quasi repudiandae evenie', 'repudiandae'),
(1779, 709, 2, 'Maiores debitis ratione error.', 'facilis'),
(1780, 709, 2, 'Distinctio recusandae nesciunt occaecati cupi', 'quia'),
(1781, 710, 2, 'Molestias iste repudiandae nobis.', 'id'),
(1782, 710, 1, 'Nesciunt quo officia modi exercitationem.', 'facere'),
(1783, 710, 1, 'Perferendis qui nesciunt adipisci vero nostru', 'odio'),
(1784, 710, 2, 'Placeat sed quam molestias libero sapiente re', 'rerum'),
(1785, 710, 3, 'Dolores temporibus odio fugit numquam.', 'corporis'),
(1786, 711, 1, 'Mollitia aperiam quos quis minima iusto.', 'officia'),
(1787, 711, 2, 'Nam accusamus nulla fugit et quae.', 'earum'),
(1788, 711, 1, 'Quisquam quae blanditiis reiciendis fuga.', 'ipsam'),
(1789, 711, 3, 'Veritatis nam ea est quaerat consequatur maio', 'quia'),
(1790, 712, 2, 'Ad esse voluptatum dignissimos aspernatur ips', 'eveniet'),
(1791, 712, 1, 'Molestiae veniam iste.', 'quos'),
(1792, 714, 3, 'Debitis necessitatibus earum non velit eaque ', 'suscipit'),
(1793, 714, 2, 'Ratione sunt inventore repellat itaque iste v', 'nostrum'),
(1794, 715, 2, 'In cum cumque molestias.', 'quod'),
(1795, 717, 1, 'Laboriosam delectus reiciendis exercitationem', 'quod'),
(1796, 717, 2, 'Corporis dolores nulla neque laboriosam.', 'accusamus'),
(1797, 718, 2, 'Doloribus quos neque iusto itaque.', 'saepe'),
(1798, 718, 2, 'Soluta officiis doloribus maxime corrupti.', 'aut'),
(1799, 721, 2, 'Sapiente suscipit corporis id ipsam quis.', 'fugit'),
(1800, 721, 3, 'Distinctio quis ea explicabo.', 'saepe'),
(1801, 722, 3, 'Quasi fugiat quo quo.', 'dicta'),
(1802, 722, 1, 'Sed excepturi explicabo quibusdam exercitatio', 'rerum'),
(1803, 722, 2, 'Ab alias laudantium accusantium ullam soluta ', 'ab'),
(1804, 722, 3, 'Dolor rem harum quia perspiciatis.', 'rerum'),
(1805, 723, 3, 'Aliquam debitis quasi.', 'maxime'),
(1806, 723, 1, 'Assumenda porro nihil distinctio tempore.', 'assumenda'),
(1807, 723, 2, 'Rem eum nisi tempore.', 'ipsum'),
(1808, 723, 3, 'Soluta incidunt magni laboriosam distinctio.', 'tempore'),
(1809, 724, 2, 'Quam id ipsum animi officia ab.', 'pariatur'),
(1810, 725, 1, 'Repellendus illo sed accusamus omnis.', 'excepturi'),
(1811, 726, 2, 'Aut accusamus non voluptatibus et consequuntu', 'quas'),
(1812, 726, 1, 'Tempore consequatur nam fugiat tenetur porro.', 'cum'),
(1813, 726, 1, 'Commodi ut itaque veniam incidunt.', 'ullam'),
(1814, 726, 2, 'Nihil quo necessitatibus recusandae.', 'porro'),
(1815, 726, 3, 'Earum iste soluta tempore ratione quia.', 'delectus'),
(1816, 727, 1, 'Eligendi incidunt ab.', 'voluptates'),
(1817, 728, 2, 'Nobis molestias ipsa vero voluptas fuga.', 'suscipit'),
(1818, 729, 3, 'Dicta aliquid animi ad quae.', 'aperiam'),
(1819, 729, 1, 'Inventore tempore nostrum nihil velit.', 'corrupti'),
(1820, 729, 2, 'Sequi iusto nemo consequatur.', 'cupiditate'),
(1821, 729, 3, 'Impedit illo ipsam repudiandae assumenda mini', 'repudiandae'),
(1822, 730, 2, 'Tenetur maiores doloribus sunt corrupti.', 'accusamus'),
(1823, 730, 2, 'Assumenda eaque quas odio.', 'laborum'),
(1824, 730, 2, 'Praesentium doloribus ex.', 'odio'),
(1825, 731, 2, 'Eius ullam quos modi ducimus sapiente.', 'reprehenderit'),
(1826, 731, 3, 'Dignissimos officia voluptatum dolore cumque.', 'dignissimos'),
(1827, 731, 3, 'Reprehenderit debitis assumenda explicabo.', 'culpa'),
(1828, 731, 1, 'Officiis voluptate harum consectetur.', 'officiis'),
(1829, 731, 3, 'Aspernatur facilis totam sunt voluptas.', 'harum'),
(1830, 733, 2, 'Reprehenderit accusantium suscipit.', 'id'),
(1831, 734, 3, 'Neque enim ad dolor.', 'velit'),
(1832, 735, 3, 'Repellat ut neque qui.', 'officiis'),
(1833, 735, 3, 'Voluptatibus amet aut id.', 'nostrum'),
(1834, 736, 1, 'Nisi inventore voluptate rerum.', 'occaecati'),
(1835, 737, 1, 'Praesentium mollitia quis dignissimos.', 'nesciunt'),
(1836, 737, 1, 'Suscipit repellat culpa perferendis neque deb', 'iure'),
(1837, 737, 3, 'Labore dolores ea vitae fuga.', 'corrupti'),
(1838, 737, 2, 'Rem itaque incidunt animi.', 'assumenda'),
(1839, 737, 3, 'Inventore fugit architecto.', 'cum'),
(1840, 738, 2, 'Nihil beatae officiis magnam dolores cum impe', 'quidem'),
(1841, 738, 2, 'Sequi illo asperiores voluptate velit volupta', 'laboriosam'),
(1842, 738, 3, 'Esse pariatur porro.', 'laboriosam'),
(1843, 738, 1, 'Aspernatur deleniti perferendis possimus hic ', 'maiores'),
(1844, 738, 2, 'Non quam vero illo facere laboriosam ipsa mol', 'nemo'),
(1845, 739, 1, 'Earum hic vitae officiis porro hic sequi.', 'labore'),
(1846, 739, 1, 'Quae nihil ipsam molestiae veritatis odio pos', 'unde'),
(1847, 739, 2, 'Voluptas voluptate quasi sint nam.', 'ipsam'),
(1848, 739, 3, 'Accusamus illo quos vel doloribus.', 'sunt'),
(1849, 740, 3, 'Perspiciatis officia voluptate temporibus.', 'error'),
(1850, 740, 2, 'Ut officia facere odio provident doloremque.', 'laudantium'),
(1851, 740, 2, 'Laborum saepe perferendis minus placeat harum', 'excepturi'),
(1852, 740, 1, 'Eius nesciunt sed nostrum.', 'consequuntur'),
(1853, 741, 3, 'Voluptatem ex eaque excepturi adipisci.', 'accusamus'),
(1854, 741, 2, 'Aspernatur quisquam nemo officia nihil.', 'laudantium'),
(1855, 741, 2, 'Corrupti eum ipsum necessitatibus.', 'labore'),
(1856, 741, 1, 'Tenetur consequatur et quia itaque necessitat', 'vel'),
(1857, 741, 2, 'Qui ipsa quos autem fuga quisquam perspiciati', 'excepturi'),
(1858, 743, 1, 'Sit voluptates numquam.', 'aperiam'),
(1859, 743, 3, 'Ullam libero cum.', 'magnam'),
(1860, 743, 1, 'Repellendus sed consectetur similique et dign', 'est'),
(1861, 743, 1, 'Minus sequi perferendis ducimus vel iusto acc', 'quo'),
(1862, 745, 2, 'Quis nihil inventore nemo provident.', 'repellendus'),
(1863, 745, 1, 'Quo provident hic.', 'quos'),
(1864, 746, 3, 'Veritatis eum inventore aliquid sunt.', 'at'),
(1865, 747, 1, 'Iusto consequatur nostrum dignissimos delectu', 'dolor'),
(1866, 748, 1, 'Iure minima eos eum quaerat cum expedita aspe', 'vitae'),
(1867, 749, 3, 'Deserunt occaecati consectetur ducimus autem ', 'totam'),
(1868, 749, 2, 'Impedit cumque excepturi.', 'sunt'),
(1869, 750, 3, 'Porro id excepturi eius at nisi hic molestias', 'similique'),
(1870, 750, 2, 'Maiores natus placeat corrupti ab hic.', 'delectus'),
(1871, 752, 2, 'Id eius impedit eos nisi velit autem.', 'repellendus'),
(1872, 753, 3, 'Tenetur asperiores praesentium eos.', 'architecto'),
(1873, 753, 2, 'Minima nisi maxime natus esse id sunt.', 'repudiandae'),
(1874, 753, 2, 'Repellendus ducimus molestiae molestias rerum', 'quam'),
(1875, 753, 1, 'Quidem quisquam quidem accusantium exercitati', 'rerum'),
(1876, 753, 1, 'Consequatur consequatur error aut.', 'quis'),
(1877, 754, 1, 'Expedita ex laboriosam.', 'adipisci'),
(1878, 754, 3, 'Fugiat harum sint quibusdam veniam similique.', 'repellendus'),
(1879, 754, 3, 'Omnis at iure veniam reiciendis corrupti opti', 'quae'),
(1880, 754, 1, 'Officia blanditiis quis.', 'maxime'),
(1881, 755, 1, 'Laboriosam reprehenderit recusandae nobis mod', 'vel'),
(1882, 756, 1, 'Laudantium odio voluptatem ut laboriosam.', 'sunt'),
(1883, 756, 2, 'Cum provident aspernatur praesentium.', 'illo'),
(1884, 756, 3, 'Nihil in eum facilis accusamus nostrum molest', 'eius'),
(1885, 756, 1, 'In molestiae sit quaerat ratione atque quas.', 'vero'),
(1886, 757, 2, 'Maiores molestias porro rem soluta.', 'incidunt'),
(1887, 757, 2, 'Aperiam esse totam nam fugiat illo.', 'nobis'),
(1888, 757, 2, 'Ratione quos numquam illo labore totam porro.', 'neque'),
(1889, 757, 2, 'Nemo deserunt deserunt sapiente repudiandae c', 'sequi'),
(1890, 757, 1, 'Voluptatum commodi praesentium deserunt.', 'omnis'),
(1891, 758, 2, 'Libero repellat dolorem non repudiandae perfe', 'iste'),
(1892, 759, 3, 'Quibusdam magnam molestiae neque hic quasi.', 'quos'),
(1893, 760, 3, 'Nesciunt provident hic.', 'asperiores'),
(1894, 760, 3, 'Error assumenda accusamus voluptas quam.', 'distinctio'),
(1895, 760, 2, 'Doloremque laudantium tempora corrupti ipsam.', 'sapiente'),
(1896, 761, 2, 'Quas tempore quo officia.', 'error'),
(1897, 761, 1, 'Accusantium alias harum et temporibus odit un', 'laboriosam'),
(1898, 761, 2, 'Minus corrupti molestias consequatur.', 'voluptatem'),
(1899, 761, 1, 'Et nobis quae debitis.', 'aut'),
(1900, 762, 1, 'Veniam dolor aperiam nisi.', 'voluptas'),
(1901, 762, 3, 'Quisquam vel tempore natus nisi qui.', 'mollitia'),
(1902, 762, 3, 'Reprehenderit amet dignissimos veniam.', 'quidem'),
(1903, 762, 2, 'Magni in officia repellat enim.', 'vitae'),
(1904, 762, 3, 'Veritatis non harum a magni.', 'perspiciatis'),
(1905, 763, 1, 'Cum reiciendis iusto amet officiis ut reicien', 'beatae'),
(1906, 763, 1, 'Accusamus maiores necessitatibus doloremque m', 'vero'),
(1907, 763, 3, 'Modi est voluptate.', 'quas'),
(1908, 764, 3, 'Tempore totam perspiciatis repudiandae vero.', 'neque'),
(1909, 764, 1, 'Consequuntur voluptas repellat repellendus ip', 'veritatis'),
(1910, 765, 3, 'Commodi voluptas culpa exercitationem cumque ', 'sint'),
(1911, 765, 2, 'Inventore nam expedita doloremque officiis qu', 'quas'),
(1912, 765, 1, 'Nemo ea maxime porro eum.', 'nihil'),
(1913, 765, 2, 'Placeat tempore ipsa quisquam nobis architect', 'reiciendis'),
(1914, 765, 3, 'Ea culpa nemo distinctio cupiditate nisi eum ', 'animi'),
(1915, 766, 3, 'Quisquam quis culpa tenetur.', 'odit'),
(1916, 766, 2, 'In blanditiis sed iste harum neque esse.', 'laudantium'),
(1917, 766, 3, 'Culpa nihil illo velit vitae qui.', 'ab'),
(1918, 766, 3, 'Nam voluptatum nihil eaque at dolore itaque d', 'praesentium'),
(1919, 767, 2, 'Quam unde nesciunt.', 'ex'),
(1920, 767, 2, 'Ratione perspiciatis laudantium quos blanditi', 'natus'),
(1921, 767, 2, 'Consequatur magni ullam.', 'quia'),
(1922, 768, 2, 'Eveniet voluptas veniam sint dignissimos culp', 'laborum'),
(1923, 768, 3, 'Officia velit accusantium accusantium nostrum', 'sed'),
(1924, 768, 1, 'Inventore tempora alias voluptatibus maiores ', 'tempore'),
(1925, 768, 2, 'Culpa quis iste esse.', 'cumque'),
(1926, 768, 2, 'Animi voluptatibus enim accusamus explicabo q', 'sunt'),
(1927, 771, 2, 'Error laudantium sit eligendi consequatur dol', 'nostrum'),
(1928, 771, 3, 'Doloremque in voluptatem facere consequatur a', 'beatae'),
(1929, 772, 1, 'Laborum non magnam aliquam aliquid pariatur.', 'assumenda'),
(1930, 772, 3, 'Iure excepturi alias voluptatem ipsam dolorem', 'quas'),
(1931, 773, 3, 'Maxime facilis magnam vitae nostrum vero veni', 'ut'),
(1932, 773, 3, 'Architecto ut a ipsam.', 'officiis'),
(1933, 773, 1, 'Asperiores tempore veniam quia.', 'tempore'),
(1934, 773, 3, 'Inventore incidunt accusantium aliquid itaque', 'ipsum'),
(1935, 773, 2, 'Nesciunt nostrum adipisci ipsam.', 'inventore'),
(1936, 774, 3, 'Laboriosam sit iure eveniet necessitatibus de', 'minus'),
(1937, 774, 2, 'Pariatur sint eaque quidem nobis.', 'id'),
(1938, 775, 3, 'Nam molestias unde beatae corporis.', 'eligendi'),
(1939, 775, 3, 'Officiis voluptas fugiat id praesentium aliqu', 'officiis'),
(1940, 775, 2, 'Minima harum dignissimos distinctio impedit.', 'minima'),
(1941, 775, 1, 'Sint voluptate quas commodi libero magnam.', 'deserunt'),
(1942, 775, 2, 'Blanditiis repudiandae fuga doloribus asperna', 'cum'),
(1943, 776, 1, 'Totam labore corrupti.', 'sunt'),
(1944, 777, 2, 'Provident dolorum nesciunt ipsa perspiciatis.', 'harum'),
(1945, 777, 3, 'Voluptatem est quibusdam explicabo corporis e', 'debitis'),
(1946, 777, 2, 'Ut inventore ut aliquam tempore amet nostrum.', 'quia'),
(1947, 778, 2, 'Veritatis similique similique odio ut ex.', 'provident'),
(1948, 778, 1, 'Facere hic corporis cupiditate.', 'iusto'),
(1949, 778, 3, 'Assumenda minus vel autem.', 'rem'),
(1950, 778, 1, 'Officia maxime repellat fugit minima deserunt', 'vero'),
(1951, 778, 1, 'Laboriosam porro perferendis voluptatibus.', 'vel'),
(1952, 782, 2, 'Voluptates fuga cumque repellat cum magni.', 'voluptate'),
(1953, 782, 2, 'Fuga voluptatum provident rerum.', 'optio'),
(1954, 782, 3, 'Deserunt ipsam sequi enim ullam.', 'eius'),
(1955, 782, 1, 'Tempore ipsam cumque vitae ullam vitae.', 'maiores'),
(1956, 783, 1, 'Aspernatur facere odio dolorem cum qui quia.', 'laudantium'),
(1957, 783, 3, 'Natus saepe illo pariatur nulla.', 'provident'),
(1958, 783, 3, 'Eius veniam doloribus incidunt error minima f', 'consectetur'),
(1959, 783, 3, 'Ab non harum molestias culpa cum natus.', 'numquam'),
(1960, 784, 1, 'Unde optio unde laborum temporibus.', 'alias'),
(1961, 784, 1, 'Ipsa excepturi maiores debitis modi.', 'veritatis'),
(1962, 784, 3, 'Aliquid maxime eius corrupti dolores.', 'nesciunt'),
(1963, 784, 2, 'Excepturi libero repellat corrupti illo.', 'aspernatur'),
(1964, 784, 3, 'Nisi autem adipisci dicta aperiam sed distinc', 'praesentium'),
(1965, 785, 2, 'Exercitationem dolore quidem dignissimos.', 'deleniti'),
(1966, 786, 3, 'Optio delectus sapiente deserunt in.', 'tempora'),
(1967, 787, 1, 'Libero aspernatur officia eos.', 'eaque'),
(1968, 789, 3, 'Nesciunt officia adipisci voluptatibus blandi', 'itaque'),
(1969, 789, 1, 'Corrupti debitis tenetur ipsa.', 'iste'),
(1970, 789, 1, 'Corrupti sunt nemo.', 'sed'),
(1971, 789, 2, 'Autem recusandae distinctio praesentium unde ', 'voluptatem'),
(1972, 790, 2, 'Iste doloribus illum consequuntur.', 'maxime'),
(1973, 790, 3, 'Fugiat rem voluptatibus doloremque unde tempo', 'a'),
(1974, 792, 2, 'Mollitia quae doloribus cum nulla.', 'consectetur'),
(1975, 793, 2, 'Provident enim alias magnam illum.', 'pariatur'),
(1976, 793, 3, 'Nam quod ratione eos.', 'tenetur'),
(1977, 793, 1, 'Error accusantium delectus eos.', 'deleniti'),
(1978, 793, 1, 'Eaque vitae culpa culpa.', 'excepturi'),
(1979, 795, 2, 'Voluptate culpa velit eos deserunt recusandae', 'labore'),
(1980, 795, 3, 'Dolores facilis mollitia atque quos optio.', 'esse'),
(1981, 795, 3, 'Praesentium doloremque libero aut rem possimu', 'asperiores'),
(1982, 796, 1, 'Enim neque tempora eveniet ut.', 'sequi'),
(1983, 796, 2, 'Dolores nulla ab voluptates quasi debitis.', 'ipsum'),
(1984, 796, 1, 'Sapiente consequatur tenetur occaecati velit ', 'unde'),
(1985, 797, 3, 'Eum nihil velit ipsum id.', 'molestias'),
(1986, 798, 3, 'Unde expedita nulla alias fuga tempore illum ', 'illum'),
(1987, 798, 1, 'Dolore alias officiis nihil.', 'laboriosam'),
(1988, 798, 3, 'Odio tempora tempore illum aliquid.', 'fugiat'),
(1989, 800, 2, 'Optio laudantium voluptatibus fugiat cum beat', 'autem'),
(1990, 800, 3, 'Explicabo veritatis necessitatibus quod volup', 'sint'),
(1991, 800, 2, 'Voluptatem aut molestias repellat.', 'qui'),
(1992, 801, 3, 'Atque pariatur fugit eligendi earum eaque con', 'minima'),
(1993, 801, 2, 'Nihil voluptate numquam laudantium.', 'inventore'),
(1994, 801, 2, 'Quisquam id aperiam debitis vitae omnis.', 'laborum'),
(1995, 802, 3, 'Perferendis animi aut alias fugiat.', 'explicabo'),
(1996, 802, 1, 'Illum eligendi consectetur illo occaecati pro', 'neque'),
(1997, 802, 2, 'Dignissimos animi nihil odit possimus.', 'quo'),
(1998, 802, 2, 'Enim ea ducimus incidunt.', 'culpa'),
(1999, 802, 3, 'Libero ipsam repellendus molestiae cupiditate', 'corporis'),
(2000, 803, 1, 'Minus dolorum error enim optio alias molestia', 'animi'),
(2001, 803, 1, 'Fugit aliquam eius nulla.', 'accusamus'),
(2002, 804, 3, 'Qui accusamus saepe maiores autem eius repell', 'accusantium'),
(2003, 804, 1, 'Fuga aperiam enim consectetur cupiditate.', 'incidunt'),
(2004, 804, 1, 'Eius exercitationem doloribus assumenda.', 'dicta'),
(2005, 805, 3, 'Eos neque ea suscipit voluptatibus.', 'excepturi'),
(2006, 805, 1, 'Asperiores doloremque provident aut quasi est', 'delectus'),
(2007, 805, 2, 'Illo velit et maxime.', 'dolores'),
(2008, 807, 2, 'Voluptatum beatae commodi repellat.', 'quia'),
(2009, 808, 1, 'Impedit iusto odio dicta.', 'mollitia'),
(2010, 808, 3, 'Inventore hic modi itaque.', 'fuga'),
(2011, 808, 1, 'Libero cumque dicta vitae nesciunt deleniti.', 'nobis'),
(2012, 809, 2, 'Similique ad veritatis veniam nisi in ratione', 'explicabo'),
(2013, 809, 3, 'Consectetur accusamus laborum tempore fugiat ', 'tempore'),
(2014, 809, 2, 'Minus dolor commodi molestiae.', 'cupiditate'),
(2015, 809, 1, 'Dolorum libero dignissimos expedita soluta.', 'quia'),
(2016, 810, 1, 'Aliquid neque laborum natus.', 'sapiente'),
(2017, 810, 1, 'Iure fuga id.', 'itaque'),
(2018, 810, 1, 'Nam vitae at voluptatibus.', 'pariatur'),
(2019, 810, 1, 'Eaque recusandae soluta numquam dolores.', 'quos'),
(2020, 810, 2, 'Iusto voluptate cum numquam modi doloremque.', 'iure'),
(2021, 812, 3, 'Accusantium nisi vero magnam omnis quis.', 'nobis'),
(2022, 812, 1, 'Asperiores beatae repellendus eaque animi at.', 'debitis'),
(2023, 812, 2, 'Recusandae perspiciatis quos.', 'saepe'),
(2024, 812, 2, 'Voluptate atque eaque ipsam.', 'impedit'),
(2025, 814, 2, 'Sed odio temporibus libero.', 'facere'),
(2026, 814, 2, 'Quia facere minus.', 'qui'),
(2027, 814, 3, 'Itaque exercitationem aperiam cupiditate volu', 'ratione'),
(2028, 814, 2, 'Nulla neque vero quisquam fuga.', 'aspernatur'),
(2029, 815, 2, 'Rerum voluptatibus maxime eum.', 'dolorem'),
(2030, 815, 2, 'Dolor sed beatae numquam enim.', 'ut'),
(2031, 815, 3, 'Nihil eveniet ut quo quod.', 'incidunt'),
(2032, 817, 1, 'Rerum porro dolorum sit distinctio nam aut.', 'officia'),
(2033, 818, 3, 'Ex corporis adipisci maxime.', 'quisquam'),
(2034, 819, 2, 'Dignissimos necessitatibus harum enim cum vit', 'iusto'),
(2035, 819, 1, 'Corrupti pariatur quibusdam ipsa delectus quo', 'ut'),
(2036, 819, 2, 'Amet reprehenderit reiciendis similique tenet', 'aliquid'),
(2037, 820, 3, 'In minima ducimus aliquam ducimus eaque volup', 'optio'),
(2038, 821, 2, 'Officiis illo fugiat voluptas aliquid est arc', 'doloribus'),
(2039, 821, 2, 'Laborum consectetur perspiciatis suscipit rep', 'accusamus'),
(2040, 821, 1, 'Ipsam repellendus voluptas.', 'nulla'),
(2041, 821, 3, 'Minus est blanditiis quis excepturi molestias', 'nostrum'),
(2042, 821, 1, 'A nobis quisquam saepe placeat odio doloremqu', 'soluta'),
(2043, 822, 1, 'Velit error asperiores aspernatur quis.', 'architecto'),
(2044, 822, 3, 'Magnam mollitia odio cumque id.', 'error'),
(2045, 822, 1, 'Repellendus eveniet cumque minima.', 'nulla'),
(2046, 822, 3, 'Non enim culpa modi.', 'cum'),
(2047, 824, 3, 'Quis natus iusto beatae minus odit ab.', 'deleniti'),
(2048, 824, 2, 'Sit vitae a soluta ipsam.', 'ut'),
(2049, 824, 2, 'Laborum similique porro.', 'laborum'),
(2050, 824, 3, 'Natus qui fuga voluptatem optio nesciunt.', 'iste'),
(2051, 824, 1, 'Fuga repellat et occaecati.', 'totam'),
(2052, 825, 2, 'Accusantium recusandae est a debitis consecte', 'ex'),
(2053, 825, 2, 'Sunt voluptas consequuntur veritatis.', 'maxime'),
(2054, 825, 3, 'Sit vero voluptates dolorem.', 'fugiat'),
(2055, 825, 1, 'Vero pariatur quibusdam enim.', 'aspernatur'),
(2056, 826, 2, 'Eius est non ex doloribus.', 'nisi'),
(2057, 827, 2, 'Animi quia nisi.', 'veniam'),
(2058, 827, 3, 'Maxime voluptate dignissimos nostrum animi.', 'repudiandae'),
(2059, 828, 1, 'Doloribus occaecati impedit voluptatem eos qu', 'praesentium'),
(2060, 829, 1, 'Impedit ducimus repellendus modi impedit sunt', 'deleniti'),
(2061, 829, 3, 'Quas cumque aliquam repudiandae non suscipit ', 'corporis'),
(2062, 829, 2, 'Temporibus laudantium voluptates commodi occa', 'tenetur'),
(2063, 829, 2, 'Repudiandae quia eos consectetur ut.', 'atque'),
(2064, 829, 2, 'Ea deleniti quam et esse error.', 'facilis'),
(2065, 831, 3, 'Libero aut excepturi repudiandae quia officii', 'nisi'),
(2066, 831, 2, 'Consectetur est est assumenda fugiat similiqu', 'deserunt'),
(2067, 831, 3, 'Earum minus tempora.', 'corporis'),
(2068, 831, 3, 'Rerum voluptatibus porro libero minus.', 'unde'),
(2069, 832, 3, 'Nostrum pariatur dolore dolorum voluptas.', 'quis'),
(2070, 832, 2, 'Molestiae fugit aperiam vel.', 'iusto'),
(2071, 832, 2, 'Aut esse et nostrum blanditiis sunt.', 'dolorum'),
(2072, 832, 2, 'Dolorum expedita a voluptatum distinctio.', 'atque'),
(2073, 833, 2, 'Eos distinctio porro commodi assumenda volupt', 'praesentium'),
(2074, 833, 2, 'Unde ad aliquid aperiam.', 'numquam'),
(2075, 833, 1, 'Pariatur laborum voluptatum consectetur occae', 'natus'),
(2076, 833, 1, 'Iste eius quam incidunt distinctio.', 'enim'),
(2077, 834, 3, 'Cupiditate maxime sit eveniet illo.', 'repudiandae'),
(2078, 834, 2, 'Ut assumenda atque voluptatibus asperiores al', 'accusamus'),
(2079, 835, 2, 'Laborum fuga assumenda saepe architecto.', 'exercitationem'),
(2080, 835, 1, 'Tenetur nulla eum omnis cum odio aspernatur.', 'ad'),
(2081, 835, 1, 'Fugiat labore eos excepturi.', 'esse'),
(2082, 836, 2, 'Ipsum autem quisquam quam voluptas ducimus fu', 'deserunt'),
(2083, 836, 3, 'Culpa itaque corporis fugiat aspernatur.', 'quo'),
(2084, 836, 1, 'Eos hic voluptatum explicabo eum.', 'beatae'),
(2085, 836, 1, 'Accusantium laudantium minima doloremque in.', 'dolorem'),
(2086, 837, 2, 'Rerum error eius.', 'deserunt'),
(2087, 838, 2, 'Minima modi quo esse.', 'a'),
(2088, 838, 3, 'Voluptatem aperiam at laboriosam repellat.', 'enim'),
(2089, 838, 2, 'Sed consectetur explicabo autem mollitia inve', 'voluptatem'),
(2090, 840, 2, 'Impedit libero similique hic.', 'sapiente'),
(2091, 840, 2, 'Soluta dolorum ex ea deleniti delectus harum ', 'quas'),
(2092, 840, 3, 'Ea hic commodi soluta quo qui ratione.', 'dolores'),
(2093, 841, 2, 'Perferendis voluptas quod sit esse commodi.', 'blanditiis'),
(2094, 841, 1, 'Accusantium eos dolorum possimus.', 'delectus'),
(2095, 841, 2, 'Corrupti enim quos veritatis.', 'recusandae'),
(2096, 842, 3, 'Fugit delectus sapiente totam animi.', 'iusto'),
(2097, 842, 3, 'Suscipit natus blanditiis magnam fugiat moles', 'corporis'),
(2098, 842, 1, 'Animi exercitationem deleniti tempore volupta', 'amet'),
(2099, 842, 2, 'Molestiae doloribus dignissimos perferendis n', 'corporis'),
(2100, 842, 2, 'Quam quisquam quod rerum porro corporis.', 'voluptatibus'),
(2101, 843, 3, 'Corporis ratione repudiandae at odio esse per', 'officiis'),
(2102, 844, 1, 'Veniam saepe laudantium animi non molestiae a', 'aliquid'),
(2103, 844, 3, 'Possimus dolorem tempore.', 'libero'),
(2104, 844, 3, 'Consectetur recusandae eum inventore nisi id ', 'cupiditate'),
(2105, 844, 2, 'Veniam accusantium quia error necessitatibus ', 'iste'),
(2106, 845, 2, 'Perferendis vel sit pariatur.', 'accusantium'),
(2107, 845, 3, 'Placeat animi doloribus quas.', 'nesciunt'),
(2108, 845, 3, 'Dolorem quisquam assumenda quidem necessitati', 'ducimus'),
(2109, 845, 2, 'Est voluptatibus iusto perspiciatis accusamus', 'sapiente'),
(2110, 847, 2, 'Accusamus doloribus asperiores soluta.', 'quia'),
(2111, 847, 1, 'Repudiandae doloremque dicta totam optio aliq', 'voluptatem'),
(2112, 847, 2, 'Eum laboriosam officia vero commodi aperiam.', 'dicta'),
(2113, 848, 1, 'Beatae ducimus dolorem minima quas pariatur.', 'non'),
(2114, 848, 1, 'Ullam exercitationem tenetur ab.', 'deserunt'),
(2115, 848, 3, 'At eius dicta officiis corporis impedit.', 'laborum'),
(2116, 850, 2, 'Alias vitae accusantium recusandae quo odio a', 'quisquam'),
(2117, 850, 2, 'Dolorum pariatur iusto optio impedit non sequ', 'autem'),
(2118, 851, 1, 'Suscipit animi maxime ducimus ad explicabo qu', 'est'),
(2119, 851, 2, 'Reprehenderit quod qui minus occaecati.', 'perferendis'),
(2120, 851, 1, 'Sequi saepe neque omnis.', 'facere'),
(2121, 852, 1, 'Dolores facere esse adipisci quo recusandae.', 'quia'),
(2122, 852, 1, 'Ad voluptas optio voluptatibus.', 'natus'),
(2123, 852, 1, 'Consectetur porro quos architecto quis facere', 'veniam'),
(2124, 854, 3, 'Omnis non fugit dicta aperiam.', 'error'),
(2125, 854, 3, 'Culpa voluptatum quisquam at non magni molest', 'eveniet'),
(2126, 854, 2, 'Ipsa cupiditate beatae doloremque.', 'incidunt'),
(2127, 855, 1, 'Excepturi dignissimos omnis sed ipsam.', 'nulla'),
(2128, 855, 3, 'Debitis autem at ipsam enim molestias vel.', 'nobis'),
(2129, 856, 1, 'Incidunt dicta sit molestias similique.', 'sunt'),
(2130, 856, 1, 'Dolore totam quod eum sapiente quidem.', 'aliquam'),
(2131, 856, 3, 'Sapiente expedita maiores voluptas hic esse e', 'laboriosam'),
(2132, 856, 2, 'Deleniti laborum necessitatibus velit optio s', 'necessitatibus'),
(2133, 857, 1, 'Occaecati necessitatibus optio cumque.', 'recusandae'),
(2134, 858, 3, 'Reiciendis sed culpa expedita accusamus exerc', 'error'),
(2135, 859, 2, 'Ad molestiae nostrum sapiente iste.', 'ab'),
(2136, 860, 3, 'Tenetur voluptatem nemo iste rem exercitation', 'nulla'),
(2137, 860, 1, 'Ducimus officia deserunt aperiam eaque quis s', 'esse'),
(2138, 861, 3, 'Et nobis minima nisi mollitia molestias dolor', 'officiis'),
(2139, 861, 3, 'Quisquam cum repellat fugiat.', 'natus'),
(2140, 861, 1, 'Nam nihil ipsa incidunt doloribus.', 'aliquam'),
(2141, 862, 3, 'Blanditiis quibusdam ipsum blanditiis explica', 'amet'),
(2142, 862, 2, 'Cupiditate quos a hic voluptas explicabo dolo', 'porro'),
(2143, 862, 2, 'Magnam nobis laboriosam eos iure.', 'molestiae'),
(2144, 863, 2, 'Saepe praesentium delectus blanditiis.', 'pariatur'),
(2145, 863, 3, 'Dolores nobis in assumenda.', 'reprehenderit'),
(2146, 863, 2, 'Eius eum numquam culpa.', 'iste'),
(2147, 864, 3, 'Eos sapiente doloremque labore ducimus eaque ', 'quidem'),
(2148, 864, 1, 'Iure adipisci sed error.', 'inventore'),
(2149, 865, 3, 'Ducimus repellendus tenetur excepturi.', 'ab'),
(2150, 865, 3, 'Hic aliquam beatae magni.', 'ad'),
(2151, 865, 3, 'Rem tenetur sequi recusandae.', 'incidunt'),
(2152, 866, 3, 'Impedit dolores sed alias quae quae.', 'ad'),
(2153, 866, 3, 'Voluptate voluptas earum atque dicta voluptat', 'libero'),
(2154, 866, 1, 'Commodi debitis alias quidem necessitatibus d', 'iste'),
(2155, 866, 1, 'Saepe suscipit atque.', 'possimus'),
(2156, 868, 3, 'Distinctio quas perspiciatis maxime.', 'maiores'),
(2157, 868, 1, 'Optio adipisci nesciunt ab.', 'quidem'),
(2158, 868, 2, 'Illo nemo quaerat rem ullam facere provident.', 'officiis'),
(2159, 868, 1, 'Id minus voluptatum odit.', 'asperiores'),
(2160, 868, 2, 'Laudantium nulla amet dolorum.', 'magnam'),
(2161, 870, 1, 'Natus corporis alias mollitia cumque.', 'quasi'),
(2162, 870, 3, 'Pariatur nobis nam sit natus expedita.', 'expedita'),
(2163, 870, 1, 'Occaecati assumenda tempora animi placeat dol', 'quaerat'),
(2164, 870, 3, 'Error adipisci ducimus eligendi.', 'doloribus'),
(2165, 870, 2, 'Tempore quae iste officiis.', 'illum'),
(2166, 872, 1, 'Error ipsa quia quae.', 'maiores'),
(2167, 874, 2, 'Enim aperiam soluta suscipit nulla saepe.', 'molestiae'),
(2168, 876, 1, 'Maxime quo modi maxime dolorem necessitatibus', 'adipisci'),
(2169, 876, 1, 'Iure maiores necessitatibus sapiente cupidita', 'ab'),
(2170, 876, 1, 'Officia aspernatur cumque maiores excepturi.', 'vero'),
(2171, 876, 2, 'Exercitationem harum natus neque mollitia vol', 'repudiandae'),
(2172, 878, 3, 'Esse alias nisi consectetur molestias sit qua', 'debitis'),
(2173, 878, 3, 'Cum fugiat deserunt cumque eos ipsa est.', 'doloribus'),
(2174, 878, 2, 'Debitis ad quae consequuntur.', 'enim'),
(2175, 878, 1, 'Ullam soluta odit ducimus.', 'at'),
(2176, 878, 1, 'Consectetur ducimus ducimus eos doloremque se', 'veritatis'),
(2177, 879, 3, 'Officiis tenetur ducimus.', 'dolore'),
(2178, 879, 2, 'Exercitationem accusamus totam facere tempori', 'culpa'),
(2179, 879, 3, 'Soluta beatae et cupiditate aliquid perspicia', 'libero'),
(2180, 879, 3, 'Nulla nulla est accusamus.', 'cupiditate'),
(2181, 880, 1, 'Incidunt rem natus quam architecto maiores.', 'vero'),
(2182, 881, 1, 'Fuga ipsa omnis tempora.', 'reiciendis'),
(2183, 881, 3, 'Ratione temporibus optio harum eius.', 'in'),
(2184, 881, 1, 'Deserunt tenetur odio incidunt numquam.', 'consequuntur'),
(2185, 881, 1, 'Facilis explicabo sapiente perferendis.', 'soluta'),
(2186, 882, 3, 'Doloribus qui iste praesentium aspernatur.', 'nobis'),
(2187, 882, 2, 'Quos nisi ut ea explicabo.', 'quisquam'),
(2188, 882, 2, 'Voluptatem eum laboriosam voluptatum pariatur', 'nesciunt'),
(2189, 883, 1, 'Fugiat eum culpa voluptatibus.', 'libero'),
(2190, 883, 3, 'Quae quisquam laudantium dolorem similique.', 'at'),
(2191, 883, 3, 'Hic facere magnam iste.', 'voluptates'),
(2192, 884, 2, 'Voluptas totam perferendis voluptate corporis', 'aspernatur'),
(2193, 884, 3, 'Perspiciatis consequatur odit quae atque labo', 'tenetur'),
(2194, 884, 2, 'Dolorum inventore excepturi amet inventore qu', 'quos'),
(2195, 885, 3, 'Ratione ipsa laboriosam quasi possimus magni.', 'incidunt'),
(2196, 886, 3, 'Nemo sint libero fugiat consequatur earum sin', 'nam'),
(2197, 886, 3, 'Cum reiciendis illo blanditiis totam quasi.', 'magni'),
(2198, 886, 1, 'Suscipit explicabo odio.', 'quo'),
(2199, 886, 2, 'Ex error consequuntur quidem nostrum nostrum.', 'autem'),
(2200, 887, 2, 'Natus itaque quia sunt possimus.', 'debitis'),
(2201, 887, 3, 'Sit consequuntur aspernatur fugit.', 'doloribus'),
(2202, 887, 2, 'Adipisci cumque repellat tenetur minima neces', 'omnis'),
(2203, 888, 2, 'Dignissimos repellat mollitia doloremque dele', 'cumque'),
(2204, 888, 3, 'Dolor eaque distinctio est asperiores.', 'excepturi'),
(2205, 888, 1, 'Est occaecati eum ducimus quibusdam magnam.', 'quam'),
(2206, 889, 2, 'Sapiente veniam veniam atque ut illo.', 'itaque'),
(2207, 889, 3, 'Quae hic eaque veniam.', 'voluptatem'),
(2208, 889, 3, 'Vitae soluta animi.', 'magni'),
(2209, 890, 1, 'Iusto exercitationem hic voluptates aperiam p', 'deserunt'),
(2210, 890, 2, 'Laudantium iure praesentium dolore.', 'voluptate'),
(2211, 890, 3, 'Quisquam tempore labore veniam.', 'recusandae'),
(2212, 891, 2, 'Expedita sit sequi libero sapiente quis inven', 'ex'),
(2213, 891, 1, 'Sint illum velit doloremque.', 'sunt'),
(2214, 891, 1, 'Tempore sunt odio tempore.', 'ex'),
(2215, 891, 2, 'Voluptates placeat atque iusto.', 'repellat'),
(2216, 892, 1, 'At unde aperiam suscipit.', 'incidunt'),
(2217, 892, 1, 'Sapiente facere veritatis.', 'non'),
(2218, 892, 1, 'Officia libero ea itaque quisquam enim quia.', 'suscipit'),
(2219, 893, 1, 'Nostrum sint architecto.', 'tempore'),
(2220, 893, 3, 'Sunt tenetur explicabo minima.', 'facilis'),
(2221, 893, 3, 'Explicabo nulla consequuntur dolorum magni iu', 'perferendis'),
(2222, 894, 2, 'Expedita vel asperiores quam ex.', 'placeat'),
(2223, 894, 1, 'Rem corporis voluptatem aliquid reprehenderit', 'molestiae'),
(2224, 894, 1, 'Molestias autem molestias eligendi.', 'et'),
(2225, 895, 1, 'Iste quis aspernatur ea nihil vitae.', 'quia'),
(2226, 896, 1, 'Tempora repellat sint occaecati ratione maxim', 'soluta'),
(2227, 896, 3, 'Delectus asperiores ullam harum.', 'dignissimos'),
(2228, 896, 3, 'Ipsam nulla molestias porro alias accusamus.', 'voluptates'),
(2229, 896, 1, 'Facilis voluptas assumenda porro vel tempore ', 'totam'),
(2230, 896, 1, 'Iusto nihil laboriosam unde natus maiores qui', 'ducimus'),
(2231, 897, 3, 'Distinctio dignissimos labore ratione animi.', 'architecto'),
(2232, 898, 3, 'Quo quam et voluptates id.', 'praesentium'),
(2233, 898, 3, 'Illum rerum possimus quisquam ea perferendis ', 'fuga'),
(2234, 898, 1, 'Architecto totam suscipit eaque veniam dolori', 'incidunt'),
(2235, 899, 2, 'Tenetur corporis tempora quia.', 'magni'),
(2236, 900, 2, 'Quisquam voluptatem aperiam maiores culpa por', 'inventore'),
(2237, 900, 2, 'Laborum accusamus quo molestiae eius distinct', 'aliquam'),
(2238, 900, 2, 'Deleniti distinctio doloribus incidunt itaque', 'eum'),
(2239, 900, 3, 'Labore magnam ipsum amet ipsa doloremque est.', 'iure');
INSERT INTO achievement(id, num_of_parts, type_of_achievement, date_aquired, person_id)
VALUES(1, 7, 'غيبي', '2011-12-24', 25),
(2, 1, 'غيبي', '2016-05-31', 20),
(3, 23, 'اجازة', '1984-07-09', 96),
(4, 17, 'غيبي', '1993-07-22', 14),
(5, 1, 'غيبي', '2015-08-03', 93),
(6, 12, 'اجازة', '2018-01-20', 32),
(7, 22, 'غيبي', '1993-10-10', 91),
(8, 21, 'غيبي', '1974-07-26', 18),
(9, 21, 'غيبي', '2017-08-13', 45),
(10, 23, 'اجازة', '2018-03-11', 22),
(11, 13, 'تلاوة', '1970-09-22', 66),
(12, 18, 'غيبي', '1994-10-29', 50),
(13, 27, 'غيبي', '2012-09-23', 98),
(14, 26, 'غيبي', '1974-03-30', 30),
(15, 9, 'اجازة', '1982-04-06', 86),
(16, 1, 'اجازة', '2020-01-07', 60),
(17, 25, 'اجازة', '2024-01-01', 56),
(18, 25, 'اجازة', '2014-01-21', 4),
(19, 11, 'اجازة', '2002-09-10', 17),
(20, 24, 'اجازة', '2000-11-30', 25);
INSERT INTO exam(id, student_id, supervisor_id, student_level_id, exam_type, part, qty, exam_date)
VALUES(1, 24, 95, 37, 'مرحلي', 6, 11, '2013-04-17'),
(2, 25, 97, 36, 'انتقالي', 14, 21, '2001-07-08'),
(3, 26, 98, 75, 'مرحلي', 21, 30, '1972-09-27'),
(4, 27, 95, 2, 'انتقالي', 20, 13, '2009-10-20'),
(5, 28, 99, 37, 'انتقالي', 28, 21, '2006-09-17'),
(6, 29, 93, 34, 'انتقالي', 11, 3, '1982-06-01'),
(7, 30, 96, 47, 'مرحلي', 1, 18, '2005-02-18'),
(8, 31, 93, 37, 'انتقالي', 27, 23, '1997-07-29'),
(9, 32, 100, 32, 'مرحلي', 7, 20, '1970-11-21'),
(10, 33, 95, 56, 'انتقالي', 14, 3, '1973-01-04'),
(11, 34, 93, 75, 'انتقالي', 2, 14, '2000-10-20'),
(12, 35, 100, 62, 'مرحلي', 17, 23, '1998-12-09'),
(13, 36, 98, 39, 'مرحلي', 18, 4, '2021-09-15'),
(14, 37, 97, 70, 'انتقالي', 5, 23, '1986-04-27'),
(15, 38, 100, 17, 'انتقالي', 12, 25, '1980-05-14'),
(16, 39, 94, 49, 'انتقالي', 27, 7, '1981-01-21'),
(17, 40, 93, 13, 'انتقالي', 20, 2, '1999-09-13'),
(18, 41, 92, 73, 'مرحلي', 11, 21, '2013-11-15'),
(19, 42, 97, 89, 'مرحلي', 15, 25, '2020-11-15'),
(20, 43, 99, 36, 'مرحلي', 21, 13, '2020-10-12'),
(21, 44, 95, 38, 'مرحلي', 27, 15, '2014-04-20'),
(22, 45, 92, 60, 'مرحلي', 7, 11, '2023-07-09'),
(23, 46, 97, 52, 'انتقالي', 17, 29, '2010-12-18'),
(24, 47, 93, 23, 'انتقالي', 27, 1, '1989-04-27'),
(25, 48, 91, 59, 'انتقالي', 3, 5, '1988-10-15'),
(26, 49, 94, 16, 'انتقالي', 22, 16, '2001-12-27'),
(27, 50, 99, 20, 'انتقالي', 8, 10, '2017-01-03'),
(28, 51, 95, 70, 'مرحلي', 19, 4, '2012-02-04'),
(29, 52, 92, 36, 'انتقالي', 13, 26, '2020-10-26'),
(30, 53, 99, 82, 'مرحلي', 4, 30, '2016-10-06'),
(31, 54, 94, 50, 'انتقالي', 19, 27, '2003-07-12'),
(32, 55, 100, 5, 'انتقالي', 5, 23, '2014-03-04'),
(33, 56, 95, 68, 'انتقالي', 15, 23, '2009-05-05'),
(34, 57, 91, 3, 'مرحلي', 29, 23, '1980-10-20'),
(35, 58, 95, 59, 'انتقالي', 6, 28, '1984-08-08'),
(36, 59, 100, 34, 'انتقالي', 29, 2, '2001-09-22'),
(37, 60, 95, 63, 'مرحلي', 14, 7, '1981-03-12'),
(38, 61, 92, 9, 'انتقالي', 6, 6, '1990-12-03'),
(39, 62, 93, 2, 'مرحلي', 8, 2, '1988-03-13'),
(40, 63, 91, 20, 'مرحلي', 5, 3, '2023-10-02'),
(41, 64, 97, 51, 'مرحلي', 13, 8, '1982-07-28'),
(42, 65, 96, 29, 'انتقالي', 24, 19, '1981-12-13'),
(43, 66, 94, 28, 'مرحلي', 27, 19, '1978-01-18'),
(44, 67, 97, 83, 'مرحلي', 25, 22, '2001-12-09'),
(45, 68, 100, 11, 'مرحلي', 20, 24, '2023-03-18'),
(46, 69, 93, 1, 'انتقالي', 21, 22, '1988-11-01'),
(47, 70, 100, 25, 'مرحلي', 10, 7, '2008-02-07'),
(48, 71, 92, 6, 'انتقالي', 9, 22, '2008-04-05'),
(49, 72, 99, 60, 'مرحلي', 20, 13, '1991-08-10'),
(50, 73, 95, 14, 'انتقالي', 17, 28, '1989-03-21'),
(51, 74, 95, 29, 'مرحلي', 19, 2, '2004-07-21'),
(52, 75, 99, 42, 'مرحلي', 28, 21, '1999-04-11'),
(53, 76, 96, 70, 'مرحلي', 10, 10, '1993-08-25');
INSERT INTO exam_error(error_id, exam_id, details, error_word)
VALUES(1, 1, 'Voluptate.', 'exercitationem'),
(3, 2, 'Eius.', 'illum'),
(2, 3, 'Maiores fugiat.', 'quo'),
(3, 4, 'Voluptates.', 'harum'),
(3, 5, 'Odio.', 'recusandae'),
(3, 6, 'Cumque.', 'explicabo'),
(2, 7, 'Eius maiores.', 'debitis'),
(3, 8, 'Reprehenderit dignissimos.', 'accusamus'),
(3, 9, 'Velit ipsa.', 'iusto'),
(1, 10, 'Reprehenderit.', 'asperiores'),
(3, 11, 'Alias voluptatem.', 'fugiat'),
(3, 12, 'Quis sapiente.', 'sapiente'),
(3, 13, 'Voluptates.', 'incidunt'),
(2, 14, 'Nam.', 'voluptatem'),
(1, 15, 'Cumque.', 'debitis'),
(1, 16, 'Voluptas omnis.', 'quasi'),
(1, 17, 'Qui illum.', 'quis'),
(1, 18, 'Assumenda quae.', 'rem'),
(1, 19, 'Ratione quibusdam.', 'earum'),
(1, 20, 'Facilis.', 'suscipit'),
(3, 21, 'Sunt aspernatur.', 'quod'),
(1, 22, 'Magni.', 'dolorum'),
(3, 23, 'Aspernatur quasi.', 'dolorem'),
(3, 24, 'Sequi provident.', 'saepe'),
(2, 25, 'Ad.', 'ipsa'),
(1, 26, 'Explicabo amet.', 'officia'),
(3, 27, 'Mollitia placeat.', 'blanditiis'),
(1, 28, 'Eveniet.', 'eius'),
(3, 29, 'Minus.', 'reiciendis'),
(1, 30, 'Iusto.', 'minus'),
(2, 31, 'Deleniti fugit.', 'delectus'),
(2, 32, 'Quas quaerat.', 'pariatur'),
(3, 33, 'Officia rem.', 'enim'),
(2, 34, 'Quia molestiae.', 'repellendus'),
(3, 35, 'Culpa voluptatibus.', 'enim'),
(2, 36, 'Natus.', 'quidem'),
(1, 37, 'Dignissimos maxime.', 'quos'),
(2, 38, 'Culpa sint.', 'porro'),
(1, 39, 'Fugit sit.', 'iusto'),
(3, 40, 'Repellendus illo.', 'eaque'),
(3, 41, 'Modi quisquam.', 'mollitia'),
(3, 42, 'Ducimus.', 'voluptas'),
(2, 43, 'Cumque deserunt.', 'quas'),
(3, 44, 'Unde fuga.', 'odit'),
(2, 45, 'Culpa enim.', 'hic'),
(1, 46, 'Tempora accusamus.', 'consequuntur'),
(3, 47, 'Enim ex.', 'sit'),
(2, 48, 'Suscipit illo.', 'saepe'),
(3, 49, 'Neque natus.', 'impedit'),
(2, 50, 'Ipsum.', 'a'),
(2, 51, 'Quae necessitatibus.', 'occaecati'),
(2, 52, 'Ipsam soluta.', 'accusantium'),
(3, 53, 'Dignissimos.', 'quaerat');
INSERT INTO activity_type(id, name)
VALUES(1, 'حديث'),
(2, 'فقه'),
(3, 'عقيدة'),
(4, 'سيرة'),
(5, 'صحابة'),
(6, 'تدبّر'),
(7, 'لغتي وقرآني'),
(8, 'نظم الجزريّة'),
(9, 'تجويد'),
(10, 'أسماء الله الحسنى');
INSERT INTO activity(id, title, activity_type_id, coordinator_id, presenter_id, activity_date)
VALUES(1, 'Ipsum quam deserunt accusamus.', 10, 96, 98,'2003-03-18'),
(2, 'Sit molestias reprehenderit.', 7, 93, 91,'1977-06-05'),
(3, 'Beatae veritatis.', 5, 91, 98,'1975-03-15'),
(4, 'Ut nihil ad aliquid.', 3, 98, 92,'2017-09-15'),
(5, 'Inventore minima perferendis maxime.', 2, 92, 97,'2024-10-01'),
(6, 'Vero mollitia minus.', 7, 94, 91,'1973-04-13'),
(7, 'Tempore voluptatem incidunt et nihil.', 3, 100, 94,'1999-10-29'),
(8, 'Veritatis nihil voluptas ipsam.', 7, 98, 98,'2009-06-03'),
(9, 'Ullam earum sunt odit.', 5, 96, 93,'2012-01-07'),
(10, 'Nihil quidem amet provident.', 10, 96, 100,'1986-06-17'),
(11, 'Iusto explicabo veniam.', 1, 92, 92,'2023-11-27'),
(12, 'Voluptatum magnam cupiditate.', 8, 94, 94,'1995-06-14'),
(13, 'Asperiores consequuntur ut.', 7, 92, 94,'2021-12-24'),
(14, 'Praesentium quam.', 9, 94, 96,'2015-09-18'),
(15, 'Sit natus delectus.', 4, 97, 93,'2019-09-22'),
(16, 'Architecto aperiam earum.', 1, 94, 94,'1998-07-20'),
(17, 'Vel temporibus.', 3, 96, 100,'1979-09-28'),
(18, 'Dolores sequi pariatur cumque.', 1, 95, 98,'2021-09-27'),
(19, 'Labore quisquam debitis a similique.', 9, 94, 98,'1989-11-22'),
(20, 'Sapiente iusto.', 8, 97, 91,'2021-06-12');
INSERT INTO activity_student(id, activity_id, student_id)
VALUES(1, '6', '57'),
(2, '9', '52'),
(3, '20', '51'),
(4, '8', '25'),
(5, '3', '31'),
(6, '8', '45'),
(7, '2', '18'),
(8, '15', '50'),
(9, '7', '73'),
(10, '6', '77'),
(11, '17', '66'),
(12, '10', '17'),
(13, '12', '26'),
(14, '6', '39'),
(15, '16', '31'),
(16, '13', '47'),
(17, '12', '85'),
(18, '16', '66'),
(19, '18', '31'),
(20, '11', '26'),
(21, '16', '85'),
(22, '20', '55'),
(23, '5', '86'),
(24, '9', '51'),
(25, '11', '26'),
(26, '8', '22'),
(27, '18', '40'),
(28, '19', '89'),
(29, '6', '47'),
(30, '4', '55'),
(31, '5', '40'),
(32, '6', '43'),
(33, '15', '22'),
(34, '11', '68'),
(35, '15', '7'),
(36, '10', '5'),
(37, '15', '53'),
(38, '16', '81'),
(39, '13', '7'),
(40, '7', '73'),
(41, '4', '41'),
(42, '12', '68'),
(43, '9', '21'),
(44, '20', '31'),
(45, '20', '43'),
(46, '16', '87'),
(47, '2', '11'),
(48, '16', '85'),
(49, '13', '73'),
(50, '5', '13'),
(51, '17', '1'),
(52, '1', '38'),
(53, '13', '60'),
(54, '11', '85'),
(55, '5', '54'),
(56, '7', '13'),
(57, '8', '84'),
(58, '16', '71'),
(59, '9', '31'),
(60, '2', '13'),
(61, '17', '13'),
(62, '11', '41'),
(63, '5', '20'),
(64, '16', '54'),
(65, '10', '19'),
(66, '15', '28'),
(67, '14', '73'),
(68, '7', '76'),
(69, '15', '3'),
(70, '19', '86'),
(71, '12', '79'),
(72, '10', '42'),
(73, '16', '2'),
(74, '6', '74'),
(75, '14', '85'),
(76, '6', '44'),
(77, '15', '60'),
(78, '6', '57'),
(79, '1', '19'),
(80, '17', '32'),
(81, '10', '90'),
(82, '2', '16'),
(83, '4', '20'),
(84, '5', '72'),
(85, '6', '42'),
(86, '1', '53'),
(87, '1', '41'),
(88, '12', '40'),
(89, '7', '67'),
(90, '5', '18'),
(91, '5', '15'),
(92, '1', '19'),
(93, '3', '56'),
(94, '14', '21'),
(95, '15', '70'),
(96, '14', '25'),
(97, '1', '83'),
(98, '4', '5'),
(99, '1', '33'),
(100, '20', '31'),
(101, '2', '3'),
(102, '5', '34'),
(103, '12', '43'),
(104, '15', '24'),
(105, '9', '9'),
(106, '17', '14'),
(107, '16', '35'),
(108, '2', '14'),
(109, '9', '79'),
(110, '20', '2'),
(111, '14', '56'),
(112, '6', '79'),
(113, '7', '2'),
(114, '8', '74'),
(115, '14', '77'),
(116, '20', '30'),
(117, '17', '50'),
(118, '8', '66'),
(119, '19', '46'),
(120, '5', '71'),
(121, '6', '81'),
(122, '16', '19'),
(123, '13', '83'),
(124, '5', '48'),
(125, '14', '8'),
(126, '2', '54'),
(127, '13', '22'),
(128, '19', '61'),
(129, '17', '57'),
(130, '13', '2'),
(131, '12', '31'),
(132, '11', '83'),
(133, '19', '46'),
(134, '6', '79'),
(135, '15', '39'),
(136, '13', '55'),
(137, '11', '36'),
(138, '2', '57'),
(139, '9', '13'),
(140, '11', '73'),
(141, '16', '45'),
(142, '10', '38'),
(143, '17', '11'),
(144, '2', '14'),
(145, '14', '23'),
(146, '10', '12'),
(147, '4', '46'),
(148, '15', '15'),
(149, '2', '67'),
(150, '4', '68'),
(151, '11', '45'),
(152, '18', '65'),
(153, '7', '17'),
(154, '1', '2'),
(155, '18', '79'),
(156, '3', '4'),
(157, '13', '40'),
(158, '20', '75'),
(159, '15', '34'),
(160, '14', '20'),
(161, '19', '2'),
(162, '19', '25'),
(163, '20', '85'),
(164, '17', '30'),
(165, '10', '88'),
(166, '18', '37'),
(167, '6', '14'),
(168, '13', '90'),
(169, '16', '15'),
(170, '7', '17'),
(171, '14', '57'),
(172, '5', '6'),
(173, '17', '23'),
(174, '5', '60'),
(175, '3', '74'),
(176, '17', '14'),
(177, '18', '9'),
(178, '9', '51'),
(179, '4', '25'),
(180, '10', '31'),
(181, '6', '34'),
(182, '1', '73'),
(183, '3', '3'),
(184, '14', '74'),
(185, '11', '11'),
(186, '3', '10'),
(187, '20', '63'),
(188, '4', '69'),
(189, '1', '74'),
(190, '17', '65'),
(191, '7', '53'),
(192, '7', '5'),
(193, '2', '73'),
(194, '11', '27'),
(195, '5', '12'),
(196, '14', '87'),
(197, '11', '27'),
(198, '10', '74'),
(199, '10', '74'),
(200, '7', '23'),
(201, '4', '45'),
(202, '8', '78'),
(203, '2', '47'),
(204, '20', '19'),
(205, '19', '27'),
(206, '2', '26'),
(207, '13', '90'),
(208, '2', '16'),
(209, '8', '64'),
(210, '2', '49'),
(211, '1', '72'),
(212, '15', '83'),
(213, '4', '18'),
(214, '6', '83'),
(215, '3', '10'),
(216, '6', '30'),
(217, '8', '12'),
(218, '14', '85'),
(219, '13', '83'),
(220, '20', '13'),
(221, '16', '58'),
(222, '1', '17'),
(223, '19', '8'),
(224, '4', '80'),
(225, '5', '70'),
(226, '8', '54'),
(227, '15', '89'),
(228, '6', '47'),
(229, '16', '32'),
(230, '14', '1'),
(231, '15', '25'),
(232, '7', '44'),
(233, '6', '12'),
(234, '3', '61'),
(235, '2', '15'),
(236, '15', '74'),
(237, '14', '59'),
(238, '3', '84'),
(239, '3', '33'),
(240, '2', '31'),
(241, '9', '1'),
(242, '7', '84'),
(243, '11', '65'),
(244, '8', '65'),
(245, '4', '87'),
(246, '20', '30'),
(247, '6', '20'),
(248, '16', '8'),
(249, '17', '41'),
(250, '8', '69'),
(251, '16', '4'),
(252, '4', '70'),
(253, '10', '49'),
(254, '10', '73'),
(255, '1', '11'),
(256, '12', '19'),
(257, '6', '12'),
(258, '19', '46'),
(259, '18', '59'),
(260, '4', '76'),
(261, '5', '2'),
(262, '18', '74'),
(263, '18', '35'),
(264, '14', '32'),
(265, '18', '34'),
(266, '15', '54'),
(267, '17', '37'),
(268, '7', '72'),
(269, '15', '19'),
(270, '6', '17'),
(271, '5', '31'),
(272, '7', '65'),
(273, '15', '78'),
(274, '9', '62'),
(275, '5', '26'),
(276, '10', '39'),
(277, '18', '14'),
(278, '6', '42'),
(279, '14', '89'),
(280, '9', '71'),
(281, '12', '12'),
(282, '3', '41'),
(283, '6', '18'),
(284, '9', '4'),
(285, '4', '61'),
(286, '4', '32'),
(287, '8', '82'),
(288, '14', '86'),
(289, '9', '23'),
(290, '8', '48'),
(291, '11', '25'),
(292, '19', '36'),
(293, '8', '85'),
(294, '7', '82'),
(295, '5', '13'),
(296, '20', '38'),
(297, '2', '46'),
(298, '3', '64'),
(299, '19', '59'),
(300, '7', '25'),
(301, '7', '34'),
(302, '3', '32'),
(303, '8', '1'),
(304, '11', '43'),
(305, '13', '7'),
(306, '20', '80'),
(307, '7', '72'),
(308, '15', '4'),
(309, '9', '19'),
(310, '2', '21'),
(311, '17', '15'),
(312, '15', '35'),
(313, '16', '3'),
(314, '4', '82'),
(315, '8', '23'),
(316, '3', '3'),
(317, '18', '21'),
(318, '1', '42'),
(319, '2', '3'),
(320, '14', '90'),
(321, '20', '70'),
(322, '11', '42'),
(323, '4', '28'),
(324, '1', '9'),
(325, '11', '2'),
(326, '11', '76'),
(327, '11', '51'),
(328, '13', '80'),
(329, '19', '70'),
(330, '4', '53'),
(331, '14', '61'),
(332, '11', '20'),
(333, '7', '21'),
(334, '2', '31'),
(335, '2', '26'),
(336, '1', '85'),
(337, '9', '28'),
(338, '9', '46'),
(339, '17', '81'),
(340, '17', '82'),
(341, '1', '23'),
(342, '20', '81'),
(343, '5', '38'),
(344, '4', '77'),
(345, '16', '2'),
(346, '20', '82'),
(347, '3', '88'),
(348, '15', '8'),
(349, '7', '79'),
(350, '12', '66'),
(351, '7', '81'),
(352, '11', '85'),
(353, '20', '52'),
(354, '1', '83'),
(355, '16', '58'),
(356, '4', '46'),
(357, '18', '25'),
(358, '14', '32'),
(359, '2', '83'),
(360, '1', '20'),
(361, '1', '51'),
(362, '4', '21'),
(363, '18', '72'),
(364, '14', '19'),
(365, '3', '83'),
(366, '11', '4'),
(367, '12', '42'),
(368, '17', '38'),
(369, '11', '1'),
(370, '10', '20'),
(371, '17', '76'),
(372, '13', '9'),
(373, '1', '39'),
(374, '2', '25'),
(375, '4', '70'),
(376, '13', '29'),
(377, '9', '52'),
(378, '11', '71'),
(379, '9', '73'),
(380, '15', '74'),
(381, '6', '8'),
(382, '10', '18'),
(383, '7', '56'),
(384, '15', '17'),
(385, '20', '35'),
(386, '6', '54'),
(387, '12', '10'),
(388, '10', '42'),
(389, '9', '37'),
(390, '14', '50'),
(391, '18', '31'),
(392, '3', '40'),
(393, '17', '23'),
(394, '2', '85'),
(395, '3', '56'),
(396, '4', '8'),
(397, '14', '23'),
(398, '10', '87'),
(399, '7', '84'),
(400, '4', '79'),
(401, '3', '37'),
(402, '13', '74'),
(403, '15', '18'),
(404, '14', '31'),
(405, '18', '4'),
(406, '5', '88'),
(407, '3', '80'),
(408, '18', '73'),
(409, '7', '11'),
(410, '10', '90'),
(411, '9', '30'),
(412, '17', '31'),
(413, '13', '73'),
(414, '17', '17'),
(415, '2', '59'),
(416, '16', '87'),
(417, '11', '34'),
(418, '16', '69'),
(419, '6', '36'),
(420, '6', '51'),
(421, '17', '42'),
(422, '11', '40'),
(423, '5', '40'),
(424, '8', '49'),
(425, '17', '81'),
(426, '16', '13'),
(427, '1', '9'),
(428, '1', '78'),
(429, '20', '37'),
(430, '19', '31'),
(431, '1', '37'),
(432, '1', '37'),
(433, '6', '71'),
(434, '17', '15'),
(435, '8', '2'),
(436, '2', '20'),
(437, '2', '5'),
(438, '7', '40'),
(439, '2', '83'),
(440, '17', '32'),
(441, '8', '79'),
(442, '17', '75'),
(443, '14', '79'),
(444, '18', '28'),
(445, '17', '86'),
(446, '16', '11'),
(447, '13', '38'),
(448, '9', '17'),
(449, '9', '83'),
(450, '20', '63'),
(451, '10', '85'),
(452, '1', '14'),
(453, '9', '78'),
(454, '10', '16'),
(455, '8', '14'),
(456, '2', '85'),
(457, '3', '88'),
(458, '18', '54'),
(459, '11', '37'),
(460, '4', '70'),
(461, '10', '79'),
(462, '12', '55'),
(463, '13', '2'),
(464, '14', '17'),
(465, '10', '39'),
(466, '7', '44'),
(467, '10', '11'),
(468, '12', '29'),
(469, '14', '89'),
(470, '14', '83'),
(471, '16', '17'),
(472, '20', '53'),
(473, '4', '74'),
(474, '4', '60'),
(475, '18', '71'),
(476, '9', '84'),
(477, '4', '90'),
(478, '4', '4'),
(479, '5', '24'),
(480, '10', '34'),
(481, '20', '81'),
(482, '14', '11'),
(483, '12', '29'),
(484, '5', '14'),
(485, '7', '60'),
(486, '7', '83'),
(487, '19', '47'),
(488, '20', '82'),
(489, '12', '79'),
(490, '18', '89'),
(491, '5', '34'),
(492, '10', '43'),
(493, '4', '60'),
(494, '8', '74'),
(495, '3', '76'),
(496, '7', '6'),
(497, '17', '60'),
(498, '10', '35'),
(499, '14', '86'),
(500, '5', '17'),
(501, '19', '66'),
(502, '9', '64'),
(503, '2', '33'),
(504, '8', '86'),
(505, '4', '28'),
(506, '2', '17'),
(507, '11', '48'),
(508, '19', '59'),
(509, '8', '13'),
(510, '8', '57'),
(511, '8', '9'),
(512, '6', '84'),
(513, '18', '60'),
(514, '16', '33'),
(515, '17', '39'),
(516, '11', '34'),
(517, '5', '31'),
(518, '7', '66'),
(519, '17', '1'),
(520, '18', '46'),
(521, '13', '30'),
(522, '11', '35'),
(523, '9', '88'),
(524, '1', '10'),
(525, '2', '75'),
(526, '17', '47'),
(527, '10', '81'),
(528, '20', '15'),
(529, '7', '18'),
(530, '4', '75'),
(531, '16', '78'),
(532, '18', '78'),
(533, '7', '73'),
(534, '12', '48'),
(535, '9', '40'),
(536, '3', '64'),
(537, '1', '87'),
(538, '17', '51'),
(539, '2', '1'),
(540, '15', '13'),
(541, '15', '80'),
(542, '1', '46'),
(543, '19', '55'),
(544, '5', '60'),
(545, '18', '36'),
(546, '17', '54'),
(547, '17', '48'),
(548, '12', '74'),
(549, '19', '75'),
(550, '3', '25'),
(551, '12', '81'),
(552, '4', '86'),
(553, '12', '18'),
(554, '15', '35'),
(555, '6', '58'),
(556, '9', '40'),
(557, '19', '25'),
(558, '7', '40'),
(559, '5', '88'),
(560, '20', '33'),
(561, '4', '70'),
(562, '5', '43'),
(563, '15', '86'),
(564, '8', '60'),
(565, '3', '30'),
(566, '13', '20'),
(567, '6', '8'),
(568, '4', '2'),
(569, '15', '46'),
(570, '11', '87'),
(571, '13', '63'),
(572, '18', '70'),
(573, '8', '36'),
(574, '17', '48'),
(575, '8', '1'),
(576, '18', '9'),
(577, '6', '83'),
(578, '5', '18'),
(579, '11', '79'),
(580, '2', '32'),
(581, '17', '4'),
(582, '16', '45'),
(583, '17', '64'),
(584, '18', '59'),
(585, '17', '84'),
(586, '1', '4'),
(587, '20', '54'),
(588, '7', '6'),
(589, '15', '59'),
(590, '5', '12'),
(591, '10', '89'),
(592, '12', '58'),
(593, '4', '48'),
(594, '3', '47'),
(595, '11', '82'),
(596, '15', '34'),
(597, '19', '19'),
(598, '9', '74'),
(599, '15', '44'),
(600, '20', '7');        COMMIT;

        SET SQL_MODE=@OLD_SQL_MODE;
        SET FOREIGN_KEY_CHECKS=@OLD_FOREIGN_KEY_CHECKS;
        SET UNIQUE_CHECKS=@OLD_UNIQUE_CHECKS;
        SET autocommit=@old_autocommit;
    