INSERT INTO person (id, fname, lname, year_of_study, contact_number, join_date, email, address)
VALUES(1, 'صبور', 'بقشان', 5, '460-903-307', '2017-12-02', 'lshygswn@hotmail.com', '562 ابتهاج Ramp Suite 214\nSouth ظهير, KY 27308'),
(2, 'عامر', 'آل العسكري', 4, '410-521-810', '2011-03-21', 'shkr28@gmail.com', 'PSC 7945, Box 5468\nAPO AE 04680'),
(3, 'ساطع', 'المشاولة', 2, '374-730-708', '1988-09-20', 'ljlnmrwn@yahoo.com', 'Unit 9592 Box 3664\nDPO AE 46632'),
(4, 'فيصل', 'كانو', 4, '560-679-151', '2025-02-17', 'mmwr72@yahoo.com', 'PSC 0446, Box 8979\nAPO AE 27094'),
(5, 'ظريف', 'آل العسكري', 5, '732-835-277', '2011-08-10', 'lmhydbnsr-ldwyn@gmail.com', '0459 مُنير Prairie\nNorth ربى, DC 19269'),
(6, 'غالب', 'آل عواض', 2, '047-109-584', '1985-04-30', 'bnnhnbwly@yahoo.com', '5216 جاسم Squares\nWest سراج, VI 46822'),
(7, 'صادح', 'المغاولة', 3, '938-347-603', '1989-03-08', 'kmlal-wd@yahoo.com', '11415 شامل Skyway Suite 768\nEast دؤوب, DE 04382'),
(8, 'شامخ', 'الراشد', 5, '901-121-188', '2004-04-03', 'nylljln@yahoo.com', '08242 علي Greens Suite 198\nالجفاليhaven, HI 20146'),
(9, 'زبير', 'آل معيض', 4, '698-589-514', '1992-03-03', 'ral-mqt@hotmail.com', '5461 آل بن لافي Loop\nأفراحstad, MN 56232'),
(10, 'موفّق', 'العليان', 4, '567-371-955', '1996-05-30', 'mhnhmwd@hotmail.com', '693 العجلان Land\nNew هايل, FL 69920'),
(11, 'زكريا', 'الراشد', 4, '772-147-602', '1986-05-12', 'nwrh28@hotmail.com', '0218 العجلان Shoal Suite 275\nNorth بلقيس, KY 74410'),
(12, 'عبد الغني', 'حنبولي', 4, '228-187-550', '2016-02-08', 'jllyn@hotmail.com', '15241 فارس Dam\nعاصمberg, UT 46972'),
(13, 'عبد العليم', 'المهيدب', 4, '050-207-851', '2015-10-18', 'lmshwlqdry@hotmail.com', '3390 مُتعب Junctions\nخلوصيmouth, NE 08927'),
(14, 'نذير', 'آل عطفة', 3, '584-097-171', '2022-08-03', 'hljbr@yahoo.com', '7586 آل مقطة Mission\nLake دارينport, MT 94555'),
(15, 'عصام', 'المهنا', 5, '357-243-513', '1988-01-05', 'mnybbw-dwwd@gmail.com', '915 لوجين Ranch Apt. 362\nالمشاولةmouth, UT 89298'),
(16, 'كاشف', 'آل بن لافي', 1, '066-956-054', '1982-11-20', 'ynljfly@hotmail.com', '46370 الشايع Dale\nالدباغhaven, MO 01606'),
(17, 'لقاء', 'حجار', 4, '025-279-750', '2013-09-26', 'lshyhym@yahoo.com', '97363 ألين Summit\nLake رجب, PA 92204'),
(18, 'يسار', 'المغاولة', 5, '961-683-002', '1975-02-26', 'gllyn@yahoo.com', '11707 كانو Park\nحقّيtown, IL 19252'),
(19, 'باسمة', 'آل جعفر', 5, '081-727-346', '2022-05-01', 'al-hsyndysm@yahoo.com', 'Unit 7626 Box 9645\nDPO AP 25443'),
(20, 'عبد التّواب', 'آل صفوان', 2, '607-372-475', '1973-07-23', 'fal-mqt@yahoo.com', '9691 آل عطفة Trafficway Apt. 510\nموسىshire, ID 78463'),
(21, 'حسن', 'آل الشيخ', 5, '385-661-553', '1980-01-20', 'yhyal-wd@gmail.com', '099 صارم Park\nSouth كافور, FM 82697'),
(22, 'لوليا', 'آل محمد بن علي بن جماز', 4, '972-231-785', '2016-06-19', 'al-mhmd-bn-ly-bn-jmznf@yahoo.com', '58845 شربتلي Gateway Apt. 331\nزهرانshire, DE 90191'),
(23, 'جهاد', 'آل محمد بن علي بن جماز', 4, '309-906-928', '1995-05-23', 'oal-lshykh@gmail.com', '296 تمّام Shoal\nمهناborough, MP 72224'),
(24, 'لبيد', 'الجفالي', 1, '571-595-132', '1989-11-09', 'zbn-ldn@gmail.com', '521 جلاء Stream\nWest كرمة, HI 18770'),
(25, 'رجاء', 'الجفالي', 1, '169-357-090', '1988-03-09', 'ljlndwy@yahoo.com', '4034 سامح Spur Apt. 396\nWest فهد, IN 02304'),
(26, 'نديم', 'المهيدب', 1, '131-022-531', '1988-06-09', 'frdws77@yahoo.com', '199 صدر الدّين Causeway\nأبا الخيلland, MA 82207'),
(27, 'هيا', 'العليان', 4, '158-153-047', '2017-02-25', 'bd-lmjydlmshwl@hotmail.com', '632 الخرافي Heights\nبلماءfurt, AL 45146'),
(28, 'مالك', 'آل سلطان', 2, '664-121-274', '1982-07-29', 'dy-ldwynal-lshykh@hotmail.com', '45767 فتوح Ferry Suite 014\nالخرافيland, UT 05042'),
(29, 'رمضان', 'شربتلي', 4, '042-345-842', '1977-05-27', 'lmhnnjyb@gmail.com', '136 المغاولة Inlet Apt. 438\nWest كرمةland, NE 13270'),
(30, 'عصام', 'الجفالي', 2, '872-774-286', '2022-09-07', 'xal-wd@yahoo.com', '03212 الحكير Via\nالجابرbury, TN 02271'),
(31, 'صدّاح', 'آل علي', 4, '669-315-424', '2011-01-09', 'nal-bn-lfy@yahoo.com', '9025 آلاء Plain Apt. 325\nرحيبview, MH 52304'),
(32, 'دانة', 'الحجار', 1, '445-105-680', '1987-09-06', 'vshrbtly@hotmail.com', '159 آل عايض Summit\nWest حفيظ, VI 79686'),
(33, 'عارف', 'آل خضير', 5, '183-121-260', '1999-10-30', 'qal-qsyr@yahoo.com', '286 وليف Fort\nلورينhaven, MA 43288'),
(34, 'هاشم', 'آل جعفر', 4, '426-072-519', '1991-04-24', 'eal-tf@gmail.com', '327 عبد الواحد Road\nجنىland, WI 92442'),
(35, 'ليث', 'المغاولة', 2, '006-908-084', '2022-09-19', 'rwwf80@gmail.com', '425 فطين Locks\nآل بن ظافرport, IA 99517'),
(36, 'سعدي', 'بقشان', 1, '836-414-193', '2004-05-24', 'ylshy@gmail.com', '9059 فخر Place\nPort عبداللهtown, MH 08604'),
(37, 'دهمان', 'أبا الخيل', 5, '795-579-904', '2014-05-21', 'wknw@yahoo.com', '244 آل معيض Bypass\nLake علم الدّينhaven, WY 55246'),
(38, 'عبد العليم', 'مهنا', 5, '348-577-678', '2000-06-21', 'mukhymral-yd@yahoo.com', '9891 آل عايض Passage Apt. 797\nPort سراج, MA 13875'),
(39, 'حمدان', 'آل سعود', 5, '823-942-963', '1982-03-08', 'jmylal-rfy@gmail.com', '668 فخر الدّين Port Apt. 542\nNorth سبأ, MH 88796'),
(40, 'طالب', 'الحكير', 4, '502-997-475', '2022-02-01', 'lkhrfysfy@gmail.com', '572 نجدت Ferry Apt. 484\nالمهناbury, IA 36806'),
(41, 'روبا', 'آل سلطان', 3, '410-273-098', '1991-08-06', 'wsfyshrbtly@yahoo.com', '59941 عمرو Trafficway Suite 651\nآل حسينside, IL 68229'),
(42, 'راغب', 'آل جعفر', 2, '105-333-006', '2017-05-13', 'mal-lskry@gmail.com', '00964 نافذ Points Apt. 447\nNew عمّارland, AR 31494'),
(43, 'خطيب', 'العليان', 4, '947-565-624', '1993-11-21', 'b-lkhylmajdy@hotmail.com', '48596 العقيل Orchard\nPort رزين, VA 61977'),
(44, 'فرات', 'آل جعفر', 3, '423-894-914', '1985-12-10', 'mhnwsyl@hotmail.com', '83959 الدباغ Junction\nLake زكرياtown, WY 64130'),
(45, 'فيّاض', 'المغاولة', 3, '822-587-692', '1985-02-19', 'smt20@yahoo.com', '7006 آل سلطان Ports\nNorth وجيهstad, NH 17767'),
(46, 'ذيب', 'آل علي', 5, '267-168-050', '1970-07-26', 'bhy71@yahoo.com', '646 مهنا Garden\nآل بن ظافرstad, AR 76997'),
(47, 'صافي', 'آل العسكري', 2, '552-538-177', '1977-08-10', 'al-lskryrshyd@gmail.com', '554 أبو داوود Squares Apt. 012\nEast بنفسجton, SC 74888'),
(48, 'هلالي', 'المشاولة', 2, '631-434-435', '2002-05-04', 'b-lkhyltryf@gmail.com', '2465 آل خضير Squares\nWest ساجيbury, VT 32660'),
(49, 'وصاف', 'آل الشيخ', 2, '397-765-674', '1975-12-25', 'bd-lmlklmhydb@yahoo.com', '247 مؤيّد Drives Suite 328\nحيدرport, PA 58294'),
(50, 'حافظ', 'العجلان', 5, '705-882-274', '1998-03-25', 'dal-sltn@hotmail.com', '06483 المهنا Square Suite 337\nWest دارين, VT 04490'),
(51, 'صلاح', 'آل بن لافي', 3, '626-823-468', '1972-02-22', 'fmhn@gmail.com', 'USNV بن لادن\nFPO AP 57252'),
(52, 'راوي', 'الجفالي', 3, '309-549-149', '1978-07-22', 'al-swddhry@gmail.com', '02753 ناردين Squares Suite 837\nآل بن لافيmouth, IN 89606'),
(53, 'أحمد', 'العجلان', 5, '532-521-616', '1993-10-09', 'qlmhydb@yahoo.com', '599 سرور Junctions\nمأمونstad, MT 52520'),
(54, 'بدرالدّجى', 'آل محمد بن علي بن جماز', 4, '193-245-440', '2009-09-30', 'al-lskryfwd@hotmail.com', '830 آل علي Prairie Apt. 268\nجيلانhaven, OK 75637'),
(55, 'رامح', 'العليان', 2, '513-403-003', '2008-05-19', 'xal-hsyn@yahoo.com', '287 آل حسين Cliff\nPort ذكي, NH 72421'),
(56, 'نبراس', 'مهنا', 4, '648-802-758', '1970-03-11', 'lmshwlbnn@gmail.com', '669 أبا الخيل Manor\nLake وسيلchester, SD 30046'),
(57, 'مُتعب', 'آل عطفة', 2, '005-100-207', '1993-10-28', 'wthq23@yahoo.com', '2096 مسلم Brook\nأبو داوودfurt, ND 85309'),
(58, 'مؤيّد', 'الجفالي', 2, '777-087-247', '2014-12-31', 'aal-lshykh@gmail.com', '0947 صلاح Ports Suite 540\nوسيلtown, RI 72465'),
(59, 'راجح', 'أبو داوود', 1, '790-661-154', '2020-04-01', 'ylmshwl@yahoo.com', '076 شربتلي Bridge Apt. 215\nآل مقطةchester, OH 09545'),
(60, 'عدنان', 'المشاولة', 3, '390-812-048', '1975-12-20', 'fknw@hotmail.com', '85109 زاهي Hills\nSouth عبد المولىport, VT 39512'),
(61, 'زاهي', 'آل الشيخ', 1, '944-605-406', '1973-03-29', 'yfal-bn-lfy@hotmail.com', '451 مهنا Common\nآل عواضside, MO 66800'),
(62, 'هيكل', 'آل جعفر', 1, '650-919-525', '1974-02-17', 'dal-jfr@hotmail.com', '104 آل محمد بن علي بن جماز Vista\nLake نظميside, FL 13427'),
(63, 'سليم', 'الحكير', 3, '466-442-901', '2022-10-28', 'al-lyyf@gmail.com', '0842 ضياء Mountain\nEast رجائي, DC 89213'),
(64, 'ريف', 'الحجار', 5, '576-338-350', '1973-03-22', 'al-mydmutwly@gmail.com', '41337 حجار Hollow Apt. 043\nSouth جعفرshire, MN 53195'),
(65, 'زيدان', 'آل قصير', 1, '140-077-439', '1993-11-19', 'myswnal-mqt@gmail.com', '882 آل جعفر Point\nمؤنسton, WV 68720'),
(66, 'سجى', 'فصيل', 5, '932-896-776', '1979-04-19', 'shrbtlywlyd@hotmail.com', '141 نبيل Forest Suite 443\nPort وديعfurt, OR 76226'),
(67, 'مؤمن', 'أبو داوود', 4, '288-790-635', '1974-04-10', 'ral-wd@hotmail.com', '59223 كامل Ferry\nNorth محجوبhaven, WI 21536'),
(68, 'معارف', 'آل بن ظافر', 4, '517-698-940', '1993-12-28', 'lmgwlmymwn@hotmail.com', '2806 آل مقطة Villages\nآل قصيرfort, SD 79203'),
(69, 'عدنان', 'مهنا', 2, '935-753-365', '1994-01-11', 'nswr73@gmail.com', '21669 صخر Mills\nراجيbury, TN 84926'),
(70, 'شكري', 'العقيل', 2, '017-507-364', '1993-12-03', 'bw-dwwdhmwd@yahoo.com', '167 قائد Mountain Suite 868\nآل صفوانville, HI 02591'),
(71, 'تقيّ الدّين', 'شربتلي', 1, '089-262-349', '2021-06-10', 'bal-khdyr@hotmail.com', '1581 حجار View Apt. 834\nعبد الجبّارshire, FL 17023'),
(72, 'لبيد', 'آل معيض', 2, '317-160-103', '2019-05-26', 'ljbrhlm@gmail.com', '095 قاصد Springs Suite 147\nنوّارton, NJ 93198'),
(73, 'رجب', 'آل سعود', 2, '211-107-902', '1981-08-09', 'nhydhnbwly@gmail.com', '09494 كليم Land\nآل العسكريview, NJ 12399'),
(74, 'صلاح الدّين', 'آل صفوان', 4, '769-281-584', '1992-01-03', 'tal-lskry@gmail.com', '84321 أبو داوود Gardens Apt. 930\nEast وادع, ID 88666'),
(75, 'هدى', 'آل عايض', 5, '591-554-117', '2023-02-10', 'lmhnbtwl@gmail.com', '192 آل مقطة Turnpike\nSouth عبد الإله, MH 42950'),
(76, 'ممتاز', 'المغاولة', 1, '284-709-756', '1989-06-18', 'al-mqtmyr@hotmail.com', '4162 نوري Ports Suite 733\nعاطفfort, NJ 59134'),
(77, 'أفراح', 'أبو داوود', 5, '866-260-960', '1981-01-23', 'bd-lmlkb-lkhyl@yahoo.com', '07956 حسن Gateway\nترفland, OH 23295'),
(78, 'عبد الحيّ', 'العقيل', 5, '793-044-624', '1971-08-10', 'al-rfymrn@gmail.com', '89164 عبد الرّحيم Lodge Apt. 394\nصدّاحchester, CO 98270'),
(79, 'اعتكاف', 'الشايع', 5, '697-955-432', '2005-10-21', 'olhkyr@gmail.com', '822 المشاولة Fields Apt. 322\nWest شهمborough, OH 18227'),
(80, 'فتحي', 'الدباغ', 5, '664-589-502', '1974-03-03', 'hylhkyr@hotmail.com', '5640 آل عايض Expressway\nآل سعودbury, WI 46021'),
(81, 'عبد العزيز', 'آل مقطة', 2, '589-783-565', '1989-03-18', 'gljbr@yahoo.com', '6197 سنام Gateway\nLake عتيق, NC 59248'),
(82, 'تالا', 'الشايع', 1, '761-601-597', '2009-07-08', 'njy48@gmail.com', 'USCGC المشاولة\nFPO AA 65951'),
(83, 'بشرى', 'آل الشيخ', 3, '822-188-087', '2001-12-25', 'mmwrlmshwl@yahoo.com', '664 تولين Lights\nاعتمادview, MA 90048'),
(84, 'هيمان', 'الحكير', 5, '183-517-722', '2006-04-21', 'fsylmhsn@gmail.com', '846 حجار Ranch\nحنبوليfort, PW 15141'),
(85, 'شكري', 'العجلان', 4, '924-945-047', '1973-01-11', 'slsbyl45@yahoo.com', 'PSC 1145, Box 3966\nAPO AE 52618'),
(86, 'جلاء', 'آل خضير', 4, '740-770-626', '2024-06-25', 'al-tfmnyb@gmail.com', '502 صائب Run Apt. 069\nآل محمد بن علي بن جمازtown, SD 86897'),
(87, 'مشرق', 'آل عايض', 2, '448-289-785', '1971-03-06', 'sbhal-jfr@gmail.com', '9973 المهنا Spurs\nآل قصيرbury, NC 14153'),
(88, 'ظاهر', 'آل بن لافي', 4, '625-727-706', '1989-08-29', 'hmwd50@hotmail.com', 'PSC 0063, Box 0979\nAPO AE 56460'),
(89, 'مُتعب', 'آل معيض', 3, '697-627-879', '1998-09-26', 'lrshdhfyz@yahoo.com', '7683 أبو داوود Glen Suite 870\nNew عفيف, TX 92011'),
(90, 'هدى', 'العجلان', 1, '423-565-577', '2006-01-22', 'yrb92@gmail.com', 'PSC 8929, Box 1745\nAPO AA 24753'),
(91, 'رفيق', 'آل قصير', 5, '012-857-638', '2010-12-14', 'tljbr@gmail.com', '941 الجفالي Rapid Suite 420\nآل عليville, NV 41992'),
(92, 'كافور', 'آل عطفة', 4, '769-366-544', '1978-02-28', 'fsylmnyf@hotmail.com', '83961 بارعة Stravenue Apt. 623\nمرسالport, AZ 43914'),
(93, 'خطيب', 'أبو داوود', 5, '337-648-067', '2006-10-20', 'rj13@hotmail.com', '130 حجار Stravenue Suite 848\nجنىmouth, IN 75336'),
(94, 'وسام', 'آل حسين', 5, '894-996-643', '2000-09-09', 'mnfal-sltn@gmail.com', '23429 حجار Tunnel Apt. 086\nمهناshire, PR 71966'),
(95, 'طه', 'آل علي', 3, '570-695-325', '1988-08-26', 'wlyflmhn@hotmail.com', '2512 الخرافي Lodge Suite 018\nPort ساهدtown, IN 98056'),
(96, 'وفيق', 'المغاولة', 5, '081-481-591', '1992-05-05', 'ilmgwl@gmail.com', 'USNS الشايع\nFPO AE 76100'),
(97, 'مرسال', 'مهنا', 1, '508-553-620', '1985-04-24', 'mwywd55@gmail.com', '159 عبد الصّمد Mission\nآل رفيعmouth, TX 94197'),
(98, 'مجاهد', 'الحكير', 3, '244-163-668', '1998-06-14', 'sdqlrshd@hotmail.com', '60414 حجار Mission Apt. 922\nLake عبد الجبّارbury, MT 19340'),
(99, 'لارا', 'آل سلطان', 5, '511-665-783', '2020-08-05', 'syf-ldwynmhn@gmail.com', 'PSC 8565, Box 8473\nAPO AE 11883'),
(100, 'ذريع', 'الجفالي', 5, '854-571-086', '1983-04-27', 'shmlal-wd@hotmail.com', '425 مهنا Spurs\nآل عواضmouth, MA 42807');



INSERT INTO student(id, quranic_achievement, status)
VALUES(1, 'random stuff', 'نشط'),
(2, 'random stuff', 'نشط'),
(3, 'random stuff', 'منقطع'),
(4, 'random stuff', 'نشط'),
(5, 'random stuff', 'نشط'),
(6, 'random stuff', 'نشط'),
(7, 'random stuff', 'متخرج'),
(8, 'random stuff', 'منقطع'),
(9, 'random stuff', 'نشط'),
(10, 'random stuff', 'نشط'),
(11, 'random stuff', 'نشط'),
(12, 'random stuff', 'منقطع'),
(13, 'random stuff', 'نشط'),
(14, 'random stuff', 'منقطع'),
(15, 'random stuff', 'متخرج'),
(16, 'random stuff', 'متخرج'),
(17, 'random stuff', 'نشط'),
(18, 'random stuff', 'نشط'),
(19, 'random stuff', 'نشط'),
(20, 'random stuff', 'منقطع'),
(21, 'random stuff', 'منقطع'),
(22, 'random stuff', 'نشط'),
(23, 'random stuff', 'متخرج'),
(24, 'random stuff', 'منقطع'),
(25, 'random stuff', 'منقطع'),
(26, 'random stuff', 'نشط'),
(27, 'random stuff', 'منقطع'),
(28, 'random stuff', 'متخرج'),
(29, 'random stuff', 'منقطع'),
(30, 'random stuff', 'منقطع'),
(31, 'random stuff', 'متخرج'),
(32, 'random stuff', 'منقطع'),
(33, 'random stuff', 'منقطع'),
(34, 'random stuff', 'منقطع'),
(35, 'random stuff', 'منقطع'),
(36, 'random stuff', 'متخرج'),
(37, 'random stuff', 'نشط'),
(38, 'random stuff', 'نشط'),
(39, 'random stuff', 'نشط'),
(40, 'random stuff', 'متخرج'),
(41, 'random stuff', 'نشط'),
(42, 'random stuff', 'نشط'),
(43, 'random stuff', 'نشط'),
(44, 'random stuff', 'منقطع'),
(45, 'random stuff', 'نشط'),
(46, 'random stuff', 'نشط'),
(47, 'random stuff', 'نشط'),
(48, 'random stuff', 'متخرج'),
(49, 'random stuff', 'نشط'),
(50, 'random stuff', 'متخرج'),
(51, 'random stuff', 'نشط'),
(52, 'random stuff', 'متخرج'),
(53, 'random stuff', 'متخرج'),
(54, 'random stuff', 'نشط'),
(55, 'random stuff', 'منقطع'),
(56, 'random stuff', 'نشط'),
(57, 'random stuff', 'نشط'),
(58, 'random stuff', 'نشط'),
(59, 'random stuff', 'متخرج'),
(60, 'random stuff', 'متخرج'),
(61, 'random stuff', 'نشط'),
(62, 'random stuff', 'نشط'),
(63, 'random stuff', 'نشط'),
(64, 'random stuff', 'نشط'),
(65, 'random stuff', 'نشط'),
(66, 'random stuff', 'متخرج'),
(67, 'random stuff', 'منقطع'),
(68, 'random stuff', 'منقطع'),
(69, 'random stuff', 'نشط'),
(70, 'random stuff', 'متخرج'),
(71, 'random stuff', 'منقطع'),
(72, 'random stuff', 'نشط'),
(73, 'random stuff', 'نشط'),
(74, 'random stuff', 'نشط'),
(75, 'random stuff', 'متخرج'),
(76, 'random stuff', 'منقطع'),
(77, 'random stuff', 'منقطع'),
(78, 'random stuff', 'منقطع'),
(79, 'random stuff', 'متخرج'),
(80, 'random stuff', 'متخرج'),
(81, 'random stuff', 'نشط'),
(82, 'random stuff', 'نشط'),
(83, 'random stuff', 'متخرج'),
(84, 'random stuff', 'نشط'),
(85, 'random stuff', 'منقطع'),
(86, 'random stuff', 'نشط'),
(87, 'random stuff', 'نشط'),
(88, 'random stuff', 'متخرج'),
(89, 'random stuff', 'متخرج'),
(90, 'random stuff', 'منقطع');



INSERT INTO supervisor(id, role, became_supervisor_at, retired_at)
VALUES(91, 'مسمع', '1987-05-10', '2001-04-22'),
(92, 'مسمع', '1985-07-24', '1974-01-12'),
(93, 'مساعد', '2000-02-06', '1977-03-15'),
(94, 'مساعد', '2015-11-05', '1993-04-28'),
(95, 'مسمع', '2017-02-23', '2001-12-11'),
(96, 'مشرف', '1995-04-01', '1993-11-30'),
(97, 'مشرف', '2007-02-28', '2020-08-06'),
(98, 'مشرف', '2011-10-15', '2010-12-07'),
(99, 'مشرف', '2007-02-06', '1987-04-17'),
(100, 'مشرف', '2018-11-24', '1982-05-05');



UPDATE supervisor SET assistant_id = 94 WHERE id = 91;
UPDATE supervisor SET assistant_id = 94 WHERE id = 92;
UPDATE supervisor SET assistant_id = 93 WHERE id = 91;



INSERT INTO student_supervisor(id, student_id, supervisor_id, retired_at)
VALUES(1, 1, 97, '1980-08-08'),
(2, 2, 98, '1987-01-02'),
(3, 3, 96, '2020-10-02'),
(4, 4, 92, '1999-07-15'),
(5, 5, 94, '2002-02-24'),
(6, 6, 95, '2000-01-07'),
(7, 7, 96, '1981-09-03'),
(8, 8, 94, '1989-03-16'),
(9, 9, 95, '1983-04-17'),
(10, 10, 95, '1989-12-17'),
(11, 11, 95, '1977-03-11'),
(12, 12, 91, '2000-12-11'),
(13, 13, 92, '2008-02-09'),
(14, 14, 95, '2011-02-24'),
(15, 15, 91, '2020-07-17'),
(16, 16, 100, '1991-05-17'),
(17, 17, 93, '2016-09-27'),
(18, 18, 92, '2002-01-23'),
(19, 19, 99, '1978-07-04'),
(20, 20, 99, '1996-12-09'),
(21, 21, 98, '2003-03-11'),
(22, 22, 98, '1984-03-16'),
(23, 23, 91, '1979-12-07'),
(24, 24, 96, '1989-01-30'),
(25, 25, 92, '2022-05-22'),
(26, 26, 100, '1986-08-28'),
(27, 27, 100, '2011-04-04'),
(28, 28, 96, '1990-10-22'),
(29, 29, 91, '2003-04-23'),
(30, 30, 91, '1976-02-22'),
(31, 31, 99, '1983-09-07'),
(32, 32, 92, '1992-07-10'),
(33, 33, 97, '2003-09-16'),
(34, 34, 97, '1990-01-27'),
(35, 35, 91, '2021-02-28'),
(36, 36, 93, '1999-09-22'),
(37, 37, 98, '2021-09-10'),
(38, 38, 100, '1981-11-22'),
(39, 39, 97, '2000-06-16'),
(40, 40, 95, '1994-05-24'),
(41, 41, 96, '2010-12-15'),
(42, 42, 99, '2002-01-16'),
(43, 43, 95, '1976-01-19'),
(44, 44, 100, '1993-02-15'),
(45, 45, 91, '1978-05-04'),
(46, 46, 92, '1984-05-26'),
(47, 47, 98, '1989-09-09'),
(48, 48, 94, '2020-04-17'),
(49, 49, 100, '2021-06-22'),
(50, 50, 92, '2020-09-29'),
(51, 51, 96, '2002-06-23'),
(52, 52, 95, '2007-01-31'),
(53, 53, 92, '2023-05-20'),
(54, 54, 99, '2008-08-02'),
(55, 55, 92, '2001-03-27'),
(56, 56, 97, '1985-02-19'),
(57, 57, 97, '1972-02-07'),
(58, 58, 98, '1988-02-10'),
(59, 59, 96, '2012-05-10'),
(60, 60, 100, '1993-08-02'),
(61, 61, 94, '1970-06-19'),
(62, 62, 92, '2008-03-11'),
(63, 63, 94, '1990-09-19'),
(64, 64, 100, '1994-01-02'),
(65, 65, 94, '2010-08-12'),
(66, 66, 95, '1987-11-27'),
(67, 67, 98, '1984-01-04'),
(68, 68, 100, '2002-10-27'),
(69, 69, 98, '1971-03-14'),
(70, 70, 95, '1971-01-22'),
(71, 71, 91, '2000-03-06'),
(72, 72, 91, '2014-11-01'),
(73, 73, 96, '1994-12-17'),
(74, 74, 92, '2022-04-14'),
(75, 75, 100, '2016-10-13'),
(76, 76, 98, '1981-02-14'),
(77, 77, 91, '1991-03-30'),
(78, 78, 99, '2004-08-10'),
(79, 79, 94, '2000-08-28'),
(80, 80, 94, '1987-03-11'),
(81, 81, 92, '2006-02-12'),
(82, 82, 94, '1993-02-10'),
(83, 83, 94, '1972-05-24'),
(84, 84, 91, '1979-01-31'),
(85, 85, 96, '2010-03-12'),
(86, 86, 100, '1992-06-04'),
(87, 87, 99, '2024-06-06'),
(88, 88, 92, '1974-01-02'),
(89, 89, 98, '2004-12-01'),
(90, 90, 95, '1970-09-25');
            INSERT INTO level(id, name, description, plan)
            VALUES(1, 'تلاوة', 'مستوى التجويد ضعيف', 'تلاوة 4 أجزاء على المسمع وتعلم كتاب لغتي وقرآني وعند الانتهاء ينقل للانتقالي'),
            (2, 'غيبي', 'مستوى التجويد جيّد', 'تعلم كتاب المنهج الموحّد في التجويد و تسميع عدد من الصفحات حاضرًا حتّى يصبح تجويده ممتازًا وبناءً على تقاريره ينقل إلى الغيبي'),
            (3, 'انتقالي', 'مستوى التجويد ممتاز', 'تسميع الصفحات غيبًا وإجراء سبر لكل جزء ينهيه وعند حفظه لجميع الأجزاء يبدأ بالإجازة'),
            (4, 'اجازة', 'مستوى التجويد ممتاز وتم حفظ وسبر جميع أجزاء القرآن', 'تعلّم نظم المقدمة الجزريّة وإعادة سبر جميع الأجزاء عند مسمع واحد فقط');
INSERT INTO student_level(id, level_id, student_id, reached_at)
VALUES(1, 3, 1, '2008-02-23'),
(2, 1, 2, '2000-06-22'),
(3, 4, 3, '1976-06-13'),
(4, 4, 4, '1979-02-14'),
(5, 4, 5, '2011-01-26'),
(6, 4, 6, '1981-04-24'),
(7, 3, 7, '1991-07-27'),
(8, 2, 8, '2011-01-29'),
(9, 1, 9, '2012-08-13'),
(10, 1, 10, '1988-08-06'),
(11, 2, 11, '1976-01-29'),
(12, 4, 12, '2009-12-24'),
(13, 3, 13, '1980-04-15'),
(14, 3, 14, '1999-09-15'),
(15, 2, 15, '2010-03-23'),
(16, 3, 16, '2015-03-15'),
(17, 4, 17, '1987-11-20'),
(18, 3, 18, '2006-03-05'),
(19, 4, 19, '2020-04-03'),
(20, 4, 20, '1978-06-05'),
(21, 4, 21, '2024-01-25'),
(22, 1, 22, '1986-01-06'),
(23, 4, 23, '2001-02-20'),
(24, 3, 24, '2025-04-03'),
(25, 2, 25, '1980-03-12'),
(26, 1, 26, '1991-07-27'),
(27, 3, 27, '1993-05-20'),
(28, 3, 28, '2009-04-10'),
(29, 4, 29, '1985-04-21'),
(30, 3, 30, '2010-03-30'),
(31, 3, 31, '1991-03-13'),
(32, 2, 32, '2003-12-25'),
(33, 2, 33, '2018-11-30'),
(34, 3, 34, '2005-02-25'),
(35, 1, 35, '1990-10-02'),
(36, 1, 36, '2002-08-09'),
(37, 3, 37, '1998-12-26'),
(38, 4, 38, '1987-09-04'),
(39, 1, 39, '1985-04-05'),
(40, 2, 40, '1991-10-31'),
(41, 1, 41, '2007-02-19'),
(42, 2, 42, '1983-05-12'),
(43, 1, 43, '1977-09-03'),
(44, 2, 44, '2000-07-08'),
(45, 1, 45, '1977-02-16'),
(46, 4, 46, '1990-03-09'),
(47, 1, 47, '2018-07-09'),
(48, 2, 48, '2013-09-06'),
(49, 4, 49, '1972-09-01'),
(50, 2, 50, '1989-03-04'),
(51, 1, 51, '2017-10-14'),
(52, 4, 52, '2021-04-12'),
(53, 2, 53, '1978-06-19'),
(54, 4, 54, '1991-05-04'),
(55, 4, 55, '1993-01-10'),
(56, 3, 56, '2019-06-05'),
(57, 2, 57, '1987-11-01'),
(58, 4, 58, '2004-09-11'),
(59, 1, 59, '1993-06-06'),
(60, 1, 60, '1999-08-13'),
(61, 4, 61, '2010-07-19'),
(62, 3, 62, '2008-01-01'),
(63, 1, 63, '2001-09-15'),
(64, 2, 64, '2024-06-12'),
(65, 4, 65, '2023-06-16'),
(66, 3, 66, '2010-06-17'),
(67, 3, 67, '2023-02-17'),
(68, 3, 68, '1978-07-16'),
(69, 4, 69, '2022-08-10'),
(70, 3, 70, '1975-08-03'),
(71, 1, 71, '1991-12-19'),
(72, 2, 72, '1988-11-11'),
(73, 4, 73, '2002-03-19'),
(74, 1, 74, '1996-09-01'),
(75, 2, 75, '2024-03-17'),
(76, 2, 76, '2024-03-27'),
(77, 3, 77, '1992-12-26'),
(78, 4, 78, '1982-09-22'),
(79, 2, 79, '1998-06-27'),
(80, 1, 80, '1984-12-19'),
(81, 1, 81, '1995-01-12'),
(82, 2, 82, '1975-12-07'),
(83, 2, 83, '1979-02-17'),
(84, 4, 84, '2003-12-09'),
(85, 3, 85, '2023-06-18'),
(86, 1, 86, '2000-09-20'),
(87, 3, 87, '2016-09-02'),
(88, 3, 88, '1977-12-29'),
(89, 3, 89, '2009-10-03'),
(90, 1, 90, '1994-05-20');
            INSERT INTO error(id, error_type, score)
            VALUES(1, 'تجويدي', -4),
            (2, 'حفظي', -3),
            (3, 'تشكيلي', -2);
INSERT INTO report(id, student_supervisor_id, start_page, qty)
VALUES(1, 1, '502', '14'),
(2, 1, '68', '15'),
(3, 1, '538', '7'),
(4, 1, '356', '9'),
(5, 1, '432', '9'),
(6, 1, '507', '9'),
(7, 1, '308', '4'),
(8, 1, '598', '12'),
(9, 1, '424', '19'),
(10, 1, '491', '5'),
(11, 2, '348', '5'),
(12, 2, '13', '11'),
(13, 2, '564', '16'),
(14, 2, '492', '7'),
(15, 2, '117', '11'),
(16, 2, '592', '9'),
(17, 2, '338', '10'),
(18, 2, '387', '16'),
(19, 2, '473', '15'),
(20, 2, '281', '18'),
(21, 3, '332', '21'),
(22, 3, '50', '13'),
(23, 3, '507', '12'),
(24, 3, '90', '21'),
(25, 3, '108', '11'),
(26, 3, '481', '20'),
(27, 3, '487', '17'),
(28, 3, '4', '18'),
(29, 3, '500', '10'),
(30, 3, '390', '17'),
(31, 4, '299', '13'),
(32, 4, '196', '10'),
(33, 4, '462', '9'),
(34, 4, '414', '5'),
(35, 4, '29', '14'),
(36, 4, '151', '17'),
(37, 4, '182', '9'),
(38, 4, '179', '15'),
(39, 4, '335', '17'),
(40, 4, '439', '11'),
(41, 5, '334', '13'),
(42, 5, '494', '12'),
(43, 5, '568', '7'),
(44, 5, '31', '21'),
(45, 5, '440', '5'),
(46, 5, '293', '15'),
(47, 5, '599', '9'),
(48, 5, '146', '17'),
(49, 5, '578', '21'),
(50, 5, '106', '4'),
(51, 6, '526', '11'),
(52, 6, '341', '12'),
(53, 6, '283', '12'),
(54, 6, '99', '5'),
(55, 6, '260', '8'),
(56, 6, '277', '18'),
(57, 6, '147', '9'),
(58, 6, '507', '5'),
(59, 6, '312', '4'),
(60, 6, '119', '17'),
(61, 7, '221', '17'),
(62, 7, '413', '10'),
(63, 7, '549', '21'),
(64, 7, '355', '19'),
(65, 7, '406', '16'),
(66, 7, '279', '21'),
(67, 7, '497', '12'),
(68, 7, '359', '14'),
(69, 7, '300', '9'),
(70, 7, '204', '7'),
(71, 8, '476', '11'),
(72, 8, '56', '21'),
(73, 8, '144', '13'),
(74, 8, '562', '12'),
(75, 8, '169', '20'),
(76, 8, '373', '20'),
(77, 8, '181', '17'),
(78, 8, '302', '21'),
(79, 8, '76', '15'),
(80, 8, '235', '6'),
(81, 9, '488', '12'),
(82, 9, '389', '8'),
(83, 9, '545', '18'),
(84, 9, '273', '15'),
(85, 9, '314', '19'),
(86, 9, '356', '21'),
(87, 9, '367', '11'),
(88, 9, '592', '14'),
(89, 9, '91', '10'),
(90, 9, '484', '5'),
(91, 10, '376', '4'),
(92, 10, '409', '5'),
(93, 10, '190', '19'),
(94, 10, '131', '4'),
(95, 10, '531', '6'),
(96, 10, '439', '18'),
(97, 10, '382', '7'),
(98, 10, '287', '3'),
(99, 10, '465', '7'),
(100, 10, '317', '7'),
(101, 11, '548', '21'),
(102, 11, '208', '15'),
(103, 11, '29', '3'),
(104, 11, '339', '12'),
(105, 11, '396', '3'),
(106, 11, '150', '9'),
(107, 11, '393', '9'),
(108, 11, '584', '13'),
(109, 11, '405', '17'),
(110, 11, '488', '4'),
(111, 12, '92', '10'),
(112, 12, '478', '14'),
(113, 12, '192', '8'),
(114, 12, '40', '8'),
(115, 12, '417', '12'),
(116, 12, '210', '7'),
(117, 12, '17', '5'),
(118, 12, '289', '3'),
(119, 12, '119', '14'),
(120, 12, '385', '17'),
(121, 13, '78', '17'),
(122, 13, '380', '11'),
(123, 13, '56', '16'),
(124, 13, '450', '7'),
(125, 13, '239', '20'),
(126, 13, '32', '6'),
(127, 13, '213', '3'),
(128, 13, '332', '6'),
(129, 13, '588', '5'),
(130, 13, '104', '12'),
(131, 14, '398', '9'),
(132, 14, '422', '11'),
(133, 14, '472', '15'),
(134, 14, '106', '14'),
(135, 14, '575', '11'),
(136, 14, '590', '21'),
(137, 14, '224', '18'),
(138, 14, '296', '7'),
(139, 14, '206', '5'),
(140, 14, '196', '14'),
(141, 15, '415', '20'),
(142, 15, '509', '7'),
(143, 15, '507', '10'),
(144, 15, '482', '9'),
(145, 15, '120', '11'),
(146, 15, '44', '3'),
(147, 15, '211', '13'),
(148, 15, '356', '14'),
(149, 15, '324', '17'),
(150, 15, '74', '21'),
(151, 16, '209', '15'),
(152, 16, '281', '6'),
(153, 16, '155', '18'),
(154, 16, '45', '15'),
(155, 16, '534', '11'),
(156, 16, '121', '9'),
(157, 16, '320', '5'),
(158, 16, '290', '8'),
(159, 16, '131', '21'),
(160, 16, '183', '21'),
(161, 17, '481', '3'),
(162, 17, '349', '5'),
(163, 17, '488', '16'),
(164, 17, '5', '7'),
(165, 17, '517', '19'),
(166, 17, '558', '17'),
(167, 17, '430', '16'),
(168, 17, '509', '20'),
(169, 17, '480', '10'),
(170, 17, '78', '15'),
(171, 18, '231', '9'),
(172, 18, '341', '14'),
(173, 18, '432', '7'),
(174, 18, '106', '17'),
(175, 18, '232', '10'),
(176, 18, '350', '12'),
(177, 18, '512', '20'),
(178, 18, '406', '20'),
(179, 18, '6', '8'),
(180, 18, '334', '15'),
(181, 19, '396', '11'),
(182, 19, '294', '12'),
(183, 19, '448', '4'),
(184, 19, '333', '14'),
(185, 19, '556', '19'),
(186, 19, '418', '16'),
(187, 19, '289', '13'),
(188, 19, '140', '14'),
(189, 19, '316', '20'),
(190, 19, '93', '21'),
(191, 20, '41', '15'),
(192, 20, '6', '3'),
(193, 20, '413', '11'),
(194, 20, '291', '10'),
(195, 20, '594', '12'),
(196, 20, '218', '8'),
(197, 20, '358', '18'),
(198, 20, '403', '9'),
(199, 20, '185', '14'),
(200, 20, '19', '9'),
(201, 21, '298', '8'),
(202, 21, '164', '5'),
(203, 21, '451', '19'),
(204, 21, '447', '6'),
(205, 21, '260', '14'),
(206, 21, '176', '16'),
(207, 21, '490', '11'),
(208, 21, '550', '3'),
(209, 21, '252', '4'),
(210, 21, '217', '3'),
(211, 22, '234', '8'),
(212, 22, '519', '15'),
(213, 22, '593', '20'),
(214, 22, '228', '10'),
(215, 22, '433', '12'),
(216, 22, '56', '7'),
(217, 22, '478', '7'),
(218, 22, '21', '20'),
(219, 22, '292', '7'),
(220, 22, '274', '16'),
(221, 23, '71', '5'),
(222, 23, '503', '19'),
(223, 23, '429', '18'),
(224, 23, '88', '10'),
(225, 23, '464', '15'),
(226, 23, '236', '5'),
(227, 23, '410', '17'),
(228, 23, '114', '9'),
(229, 23, '441', '9'),
(230, 23, '344', '6'),
(231, 24, '15', '6'),
(232, 24, '434', '7'),
(233, 24, '567', '20'),
(234, 24, '549', '5'),
(235, 24, '503', '18'),
(236, 24, '535', '7'),
(237, 24, '481', '5'),
(238, 24, '325', '6'),
(239, 24, '191', '12'),
(240, 24, '399', '6'),
(241, 25, '555', '17'),
(242, 25, '436', '15'),
(243, 25, '35', '4'),
(244, 25, '315', '4'),
(245, 25, '464', '13'),
(246, 25, '205', '14'),
(247, 25, '476', '14'),
(248, 25, '275', '20'),
(249, 25, '30', '6'),
(250, 25, '180', '21'),
(251, 26, '424', '19'),
(252, 26, '182', '17'),
(253, 26, '509', '20'),
(254, 26, '596', '19'),
(255, 26, '316', '21'),
(256, 26, '147', '10'),
(257, 26, '281', '11'),
(258, 26, '90', '18'),
(259, 26, '520', '11'),
(260, 26, '349', '17'),
(261, 27, '238', '10'),
(262, 27, '551', '12'),
(263, 27, '347', '18'),
(264, 27, '483', '20'),
(265, 27, '380', '20'),
(266, 27, '123', '10'),
(267, 27, '66', '21'),
(268, 27, '39', '3'),
(269, 27, '341', '20'),
(270, 27, '232', '9'),
(271, 28, '386', '11'),
(272, 28, '497', '10'),
(273, 28, '14', '21'),
(274, 28, '474', '14'),
(275, 28, '208', '13'),
(276, 28, '323', '16'),
(277, 28, '302', '5'),
(278, 28, '596', '3'),
(279, 28, '285', '19'),
(280, 28, '244', '3'),
(281, 29, '101', '5'),
(282, 29, '395', '21'),
(283, 29, '474', '20'),
(284, 29, '500', '3'),
(285, 29, '264', '4'),
(286, 29, '551', '11'),
(287, 29, '94', '4'),
(288, 29, '70', '15'),
(289, 29, '72', '10'),
(290, 29, '457', '12'),
(291, 30, '311', '21'),
(292, 30, '595', '13'),
(293, 30, '152', '10'),
(294, 30, '474', '20'),
(295, 30, '275', '15'),
(296, 30, '376', '6'),
(297, 30, '14', '3'),
(298, 30, '198', '10'),
(299, 30, '375', '16'),
(300, 30, '187', '20'),
(301, 31, '139', '17'),
(302, 31, '75', '13'),
(303, 31, '181', '12'),
(304, 31, '319', '3'),
(305, 31, '284', '6'),
(306, 31, '144', '18'),
(307, 31, '56', '13'),
(308, 31, '501', '9'),
(309, 31, '311', '20'),
(310, 31, '582', '6'),
(311, 32, '275', '3'),
(312, 32, '35', '19'),
(313, 32, '57', '5'),
(314, 32, '21', '8'),
(315, 32, '87', '9'),
(316, 32, '150', '3'),
(317, 32, '4', '6'),
(318, 32, '128', '20'),
(319, 32, '557', '18'),
(320, 32, '44', '15'),
(321, 33, '429', '18'),
(322, 33, '477', '21'),
(323, 33, '39', '3'),
(324, 33, '354', '6'),
(325, 33, '214', '13'),
(326, 33, '22', '7'),
(327, 33, '176', '9'),
(328, 33, '129', '17'),
(329, 33, '237', '11'),
(330, 33, '427', '14'),
(331, 34, '238', '10'),
(332, 34, '14', '14'),
(333, 34, '233', '21'),
(334, 34, '140', '12'),
(335, 34, '165', '21'),
(336, 34, '207', '14'),
(337, 34, '471', '6'),
(338, 34, '489', '20'),
(339, 34, '159', '18'),
(340, 34, '389', '16'),
(341, 35, '253', '18'),
(342, 35, '491', '6'),
(343, 35, '411', '13'),
(344, 35, '396', '6'),
(345, 35, '317', '9'),
(346, 35, '480', '12'),
(347, 35, '264', '13'),
(348, 35, '281', '16'),
(349, 35, '123', '17'),
(350, 35, '433', '14'),
(351, 36, '499', '4'),
(352, 36, '544', '17'),
(353, 36, '204', '21'),
(354, 36, '366', '8'),
(355, 36, '393', '17'),
(356, 36, '29', '15'),
(357, 36, '564', '9'),
(358, 36, '348', '3'),
(359, 36, '134', '10'),
(360, 36, '420', '5'),
(361, 37, '433', '14'),
(362, 37, '430', '12'),
(363, 37, '178', '13'),
(364, 37, '494', '15'),
(365, 37, '148', '17'),
(366, 37, '554', '13'),
(367, 37, '70', '19'),
(368, 37, '601', '14'),
(369, 37, '492', '18'),
(370, 37, '372', '18'),
(371, 38, '601', '19'),
(372, 38, '601', '9'),
(373, 38, '2', '21'),
(374, 38, '192', '12'),
(375, 38, '73', '20'),
(376, 38, '191', '16'),
(377, 38, '438', '7'),
(378, 38, '296', '4'),
(379, 38, '67', '18'),
(380, 38, '1', '5'),
(381, 39, '289', '21'),
(382, 39, '561', '15'),
(383, 39, '552', '3'),
(384, 39, '294', '21'),
(385, 39, '513', '14'),
(386, 39, '416', '17'),
(387, 39, '193', '18'),
(388, 39, '107', '20'),
(389, 39, '526', '4'),
(390, 39, '93', '12'),
(391, 40, '35', '9'),
(392, 40, '45', '20'),
(393, 40, '345', '15'),
(394, 40, '238', '10'),
(395, 40, '88', '8'),
(396, 40, '133', '21'),
(397, 40, '5', '11'),
(398, 40, '52', '11'),
(399, 40, '47', '10'),
(400, 40, '351', '9'),
(401, 41, '94', '19'),
(402, 41, '221', '9'),
(403, 41, '63', '18'),
(404, 41, '450', '21'),
(405, 41, '514', '7'),
(406, 41, '73', '13'),
(407, 41, '579', '12'),
(408, 41, '70', '5'),
(409, 41, '317', '11'),
(410, 41, '414', '10'),
(411, 42, '565', '21'),
(412, 42, '197', '3'),
(413, 42, '282', '17'),
(414, 42, '251', '7'),
(415, 42, '17', '11'),
(416, 42, '562', '16'),
(417, 42, '506', '7'),
(418, 42, '317', '9'),
(419, 42, '581', '18'),
(420, 42, '500', '12'),
(421, 43, '376', '12'),
(422, 43, '506', '12'),
(423, 43, '556', '11'),
(424, 43, '17', '6'),
(425, 43, '420', '20'),
(426, 43, '138', '19'),
(427, 43, '174', '17'),
(428, 43, '128', '14'),
(429, 43, '590', '11'),
(430, 43, '592', '5'),
(431, 44, '428', '16'),
(432, 44, '332', '20'),
(433, 44, '243', '17'),
(434, 44, '365', '5'),
(435, 44, '91', '12'),
(436, 44, '16', '13'),
(437, 44, '257', '7'),
(438, 44, '197', '3'),
(439, 44, '278', '6'),
(440, 44, '51', '17'),
(441, 45, '317', '16'),
(442, 45, '58', '11'),
(443, 45, '542', '4'),
(444, 45, '315', '13'),
(445, 45, '371', '14'),
(446, 45, '149', '10'),
(447, 45, '554', '18'),
(448, 45, '399', '8'),
(449, 45, '118', '6'),
(450, 45, '594', '3'),
(451, 46, '49', '9'),
(452, 46, '237', '7'),
(453, 46, '430', '5'),
(454, 46, '208', '20'),
(455, 46, '151', '12'),
(456, 46, '140', '15'),
(457, 46, '454', '19'),
(458, 46, '262', '10'),
(459, 46, '532', '21'),
(460, 46, '603', '12'),
(461, 47, '354', '14'),
(462, 47, '475', '7'),
(463, 47, '26', '13'),
(464, 47, '349', '5'),
(465, 47, '391', '12'),
(466, 47, '394', '4'),
(467, 47, '572', '18'),
(468, 47, '159', '21'),
(469, 47, '64', '16'),
(470, 47, '154', '7'),
(471, 48, '170', '4'),
(472, 48, '412', '16'),
(473, 48, '57', '5'),
(474, 48, '503', '3'),
(475, 48, '362', '6'),
(476, 48, '106', '19'),
(477, 48, '218', '11'),
(478, 48, '210', '19'),
(479, 48, '507', '14'),
(480, 48, '497', '15'),
(481, 49, '250', '19'),
(482, 49, '386', '7'),
(483, 49, '116', '15'),
(484, 49, '93', '20'),
(485, 49, '325', '7'),
(486, 49, '132', '5'),
(487, 49, '420', '16'),
(488, 49, '200', '19'),
(489, 49, '135', '15'),
(490, 49, '546', '3'),
(491, 50, '39', '16'),
(492, 50, '290', '21'),
(493, 50, '472', '4'),
(494, 50, '603', '5'),
(495, 50, '291', '17'),
(496, 50, '349', '3'),
(497, 50, '159', '8'),
(498, 50, '238', '8'),
(499, 50, '331', '20'),
(500, 50, '47', '6'),
(501, 51, '432', '17'),
(502, 51, '536', '7'),
(503, 51, '271', '3'),
(504, 51, '12', '9'),
(505, 51, '152', '6'),
(506, 51, '603', '11'),
(507, 51, '488', '15'),
(508, 51, '27', '11'),
(509, 51, '186', '13'),
(510, 51, '171', '14'),
(511, 52, '161', '15'),
(512, 52, '146', '14'),
(513, 52, '412', '12'),
(514, 52, '413', '19'),
(515, 52, '260', '15'),
(516, 52, '445', '6'),
(517, 52, '69', '13'),
(518, 52, '248', '17'),
(519, 52, '73', '5'),
(520, 52, '478', '19'),
(521, 53, '250', '12'),
(522, 53, '234', '19'),
(523, 53, '64', '19'),
(524, 53, '208', '7'),
(525, 53, '343', '9'),
(526, 53, '402', '21'),
(527, 53, '297', '20'),
(528, 53, '141', '16'),
(529, 53, '589', '18'),
(530, 53, '214', '21'),
(531, 54, '376', '9'),
(532, 54, '312', '4'),
(533, 54, '58', '13'),
(534, 54, '68', '17'),
(535, 54, '179', '13'),
(536, 54, '54', '12'),
(537, 54, '483', '14'),
(538, 54, '369', '8'),
(539, 54, '325', '8'),
(540, 54, '192', '17'),
(541, 55, '482', '18'),
(542, 55, '283', '12'),
(543, 55, '210', '17'),
(544, 55, '69', '12'),
(545, 55, '571', '13'),
(546, 55, '32', '3'),
(547, 55, '326', '12'),
(548, 55, '261', '14'),
(549, 55, '415', '10'),
(550, 55, '298', '19'),
(551, 56, '245', '6'),
(552, 56, '545', '9'),
(553, 56, '286', '13'),
(554, 56, '219', '8'),
(555, 56, '423', '8'),
(556, 56, '484', '15'),
(557, 56, '544', '12'),
(558, 56, '305', '6'),
(559, 56, '356', '18'),
(560, 56, '244', '5'),
(561, 57, '9', '21'),
(562, 57, '117', '5'),
(563, 57, '235', '18'),
(564, 57, '166', '21'),
(565, 57, '594', '18'),
(566, 57, '449', '11'),
(567, 57, '507', '9'),
(568, 57, '358', '5'),
(569, 57, '31', '12'),
(570, 57, '569', '11'),
(571, 58, '229', '7'),
(572, 58, '47', '13'),
(573, 58, '133', '21'),
(574, 58, '198', '4'),
(575, 58, '213', '12'),
(576, 58, '227', '14'),
(577, 58, '77', '8'),
(578, 58, '50', '15'),
(579, 58, '89', '8'),
(580, 58, '449', '11'),
(581, 59, '447', '3'),
(582, 59, '567', '3'),
(583, 59, '145', '4'),
(584, 59, '505', '6'),
(585, 59, '279', '7'),
(586, 59, '287', '17'),
(587, 59, '79', '17'),
(588, 59, '443', '18'),
(589, 59, '355', '10'),
(590, 59, '203', '8'),
(591, 60, '60', '16'),
(592, 60, '53', '7'),
(593, 60, '351', '5'),
(594, 60, '51', '3'),
(595, 60, '244', '17'),
(596, 60, '384', '14'),
(597, 60, '480', '18'),
(598, 60, '343', '8'),
(599, 60, '130', '3'),
(600, 60, '203', '11'),
(601, 61, '253', '7'),
(602, 61, '245', '6'),
(603, 61, '254', '3'),
(604, 61, '266', '11'),
(605, 61, '569', '4'),
(606, 61, '314', '8'),
(607, 61, '122', '17'),
(608, 61, '82', '18'),
(609, 61, '171', '7'),
(610, 61, '580', '20'),
(611, 62, '395', '3'),
(612, 62, '473', '6'),
(613, 62, '130', '15'),
(614, 62, '109', '18'),
(615, 62, '280', '5'),
(616, 62, '317', '16'),
(617, 62, '46', '3'),
(618, 62, '507', '3'),
(619, 62, '439', '16'),
(620, 62, '504', '10'),
(621, 63, '104', '4'),
(622, 63, '104', '8'),
(623, 63, '307', '15'),
(624, 63, '251', '3'),
(625, 63, '415', '14'),
(626, 63, '58', '6'),
(627, 63, '215', '7'),
(628, 63, '441', '19'),
(629, 63, '302', '8'),
(630, 63, '17', '9'),
(631, 64, '104', '4'),
(632, 64, '234', '16'),
(633, 64, '5', '12'),
(634, 64, '284', '19'),
(635, 64, '130', '20'),
(636, 64, '418', '4'),
(637, 64, '513', '21'),
(638, 64, '265', '4'),
(639, 64, '142', '18'),
(640, 64, '38', '8'),
(641, 65, '545', '18'),
(642, 65, '203', '11'),
(643, 65, '247', '17'),
(644, 65, '121', '6'),
(645, 65, '11', '10'),
(646, 65, '53', '21'),
(647, 65, '165', '20'),
(648, 65, '92', '10'),
(649, 65, '201', '6'),
(650, 65, '287', '3'),
(651, 66, '142', '10'),
(652, 66, '418', '19'),
(653, 66, '508', '7'),
(654, 66, '60', '15'),
(655, 66, '38', '13'),
(656, 66, '481', '7'),
(657, 66, '289', '15'),
(658, 66, '590', '13'),
(659, 66, '161', '3'),
(660, 66, '435', '7'),
(661, 67, '456', '3'),
(662, 67, '64', '4'),
(663, 67, '374', '14'),
(664, 67, '321', '9'),
(665, 67, '13', '15'),
(666, 67, '11', '12'),
(667, 67, '441', '5'),
(668, 67, '529', '18'),
(669, 67, '230', '5'),
(670, 67, '249', '12'),
(671, 68, '448', '20'),
(672, 68, '40', '11'),
(673, 68, '551', '7'),
(674, 68, '591', '10'),
(675, 68, '248', '16'),
(676, 68, '237', '4'),
(677, 68, '87', '20'),
(678, 68, '148', '14'),
(679, 68, '2', '9'),
(680, 68, '551', '7'),
(681, 69, '316', '14'),
(682, 69, '253', '20'),
(683, 69, '312', '10'),
(684, 69, '537', '20'),
(685, 69, '27', '9'),
(686, 69, '58', '7'),
(687, 69, '75', '13'),
(688, 69, '429', '15'),
(689, 69, '383', '10'),
(690, 69, '176', '16'),
(691, 70, '261', '6'),
(692, 70, '543', '5'),
(693, 70, '4', '13'),
(694, 70, '469', '16'),
(695, 70, '488', '21'),
(696, 70, '162', '17'),
(697, 70, '470', '11'),
(698, 70, '105', '11'),
(699, 70, '235', '20'),
(700, 70, '73', '15'),
(701, 71, '411', '3'),
(702, 71, '531', '7'),
(703, 71, '588', '18'),
(704, 71, '225', '13'),
(705, 71, '444', '19'),
(706, 71, '536', '15'),
(707, 71, '335', '18'),
(708, 71, '492', '12'),
(709, 71, '397', '14'),
(710, 71, '218', '16'),
(711, 72, '377', '15'),
(712, 72, '252', '16'),
(713, 72, '385', '16'),
(714, 72, '599', '17'),
(715, 72, '278', '20'),
(716, 72, '115', '18'),
(717, 72, '162', '6'),
(718, 72, '390', '3'),
(719, 72, '313', '8'),
(720, 72, '406', '19'),
(721, 73, '291', '21'),
(722, 73, '234', '6'),
(723, 73, '112', '15'),
(724, 73, '571', '16'),
(725, 73, '88', '17'),
(726, 73, '355', '16'),
(727, 73, '197', '15'),
(728, 73, '255', '13'),
(729, 73, '338', '10'),
(730, 73, '429', '17'),
(731, 74, '302', '17'),
(732, 74, '470', '7'),
(733, 74, '127', '7'),
(734, 74, '582', '4'),
(735, 74, '207', '13'),
(736, 74, '249', '13'),
(737, 74, '382', '6'),
(738, 74, '53', '6'),
(739, 74, '225', '11'),
(740, 74, '142', '12'),
(741, 75, '403', '3'),
(742, 75, '114', '13'),
(743, 75, '522', '19'),
(744, 75, '557', '15'),
(745, 75, '246', '12'),
(746, 75, '461', '17'),
(747, 75, '545', '9'),
(748, 75, '587', '8'),
(749, 75, '446', '16'),
(750, 75, '219', '18'),
(751, 76, '324', '21'),
(752, 76, '44', '8'),
(753, 76, '361', '20'),
(754, 76, '142', '11'),
(755, 76, '524', '7'),
(756, 76, '599', '3'),
(757, 76, '381', '3'),
(758, 76, '561', '14'),
(759, 76, '384', '21'),
(760, 76, '223', '6'),
(761, 77, '521', '19'),
(762, 77, '179', '17'),
(763, 77, '483', '16'),
(764, 77, '303', '7'),
(765, 77, '17', '9'),
(766, 77, '32', '10'),
(767, 77, '508', '19'),
(768, 77, '171', '6'),
(769, 77, '149', '9'),
(770, 77, '590', '13'),
(771, 78, '91', '20'),
(772, 78, '530', '14'),
(773, 78, '202', '18'),
(774, 78, '189', '7'),
(775, 78, '68', '10'),
(776, 78, '277', '14'),
(777, 78, '18', '12'),
(778, 78, '447', '20'),
(779, 78, '420', '4'),
(780, 78, '138', '17'),
(781, 79, '62', '10'),
(782, 79, '362', '15'),
(783, 79, '520', '7'),
(784, 79, '477', '18'),
(785, 79, '478', '19'),
(786, 79, '162', '19'),
(787, 79, '564', '14'),
(788, 79, '108', '19'),
(789, 79, '448', '5'),
(790, 79, '525', '19'),
(791, 80, '154', '20'),
(792, 80, '128', '8'),
(793, 80, '182', '12'),
(794, 80, '37', '5'),
(795, 80, '78', '8'),
(796, 80, '69', '11'),
(797, 80, '193', '13'),
(798, 80, '254', '18'),
(799, 80, '357', '21'),
(800, 80, '168', '10'),
(801, 81, '113', '4'),
(802, 81, '198', '21'),
(803, 81, '528', '4'),
(804, 81, '358', '11'),
(805, 81, '36', '12'),
(806, 81, '80', '16'),
(807, 81, '558', '17'),
(808, 81, '135', '19'),
(809, 81, '191', '10'),
(810, 81, '17', '5'),
(811, 82, '544', '11'),
(812, 82, '337', '10'),
(813, 82, '245', '12'),
(814, 82, '60', '21'),
(815, 82, '103', '7'),
(816, 82, '155', '19'),
(817, 82, '373', '18'),
(818, 82, '404', '15'),
(819, 82, '268', '7'),
(820, 82, '551', '12'),
(821, 83, '69', '15'),
(822, 83, '514', '9'),
(823, 83, '399', '3'),
(824, 83, '301', '21'),
(825, 83, '525', '21'),
(826, 83, '441', '3'),
(827, 83, '161', '10'),
(828, 83, '510', '8'),
(829, 83, '239', '9'),
(830, 83, '506', '4'),
(831, 84, '20', '5'),
(832, 84, '413', '9'),
(833, 84, '264', '7'),
(834, 84, '404', '18'),
(835, 84, '202', '3'),
(836, 84, '153', '16'),
(837, 84, '259', '3'),
(838, 84, '312', '10'),
(839, 84, '537', '15'),
(840, 84, '324', '13'),
(841, 85, '427', '6'),
(842, 85, '289', '12'),
(843, 85, '461', '6'),
(844, 85, '68', '13'),
(845, 85, '516', '9'),
(846, 85, '373', '14'),
(847, 85, '99', '20'),
(848, 85, '66', '15'),
(849, 85, '44', '14'),
(850, 85, '443', '17'),
(851, 86, '113', '7'),
(852, 86, '185', '17'),
(853, 86, '559', '7'),
(854, 86, '587', '6'),
(855, 86, '198', '8'),
(856, 86, '373', '16'),
(857, 86, '292', '10'),
(858, 86, '4', '4'),
(859, 86, '271', '21'),
(860, 86, '221', '16'),
(861, 87, '578', '19'),
(862, 87, '547', '17'),
(863, 87, '166', '11'),
(864, 87, '5', '14'),
(865, 87, '63', '17'),
(866, 87, '38', '4'),
(867, 87, '71', '6'),
(868, 87, '149', '17'),
(869, 87, '584', '17'),
(870, 87, '151', '15'),
(871, 88, '513', '6'),
(872, 88, '551', '20'),
(873, 88, '12', '9'),
(874, 88, '96', '10'),
(875, 88, '140', '7'),
(876, 88, '95', '6'),
(877, 88, '489', '18'),
(878, 88, '37', '16'),
(879, 88, '404', '17'),
(880, 88, '532', '10'),
(881, 89, '87', '20'),
(882, 89, '191', '10'),
(883, 89, '278', '6'),
(884, 89, '219', '5'),
(885, 89, '41', '6'),
(886, 89, '53', '11'),
(887, 89, '263', '9'),
(888, 89, '569', '19'),
(889, 89, '66', '4'),
(890, 89, '501', '12'),
(891, 90, '324', '7'),
(892, 90, '203', '14'),
(893, 90, '558', '21'),
(894, 90, '163', '21'),
(895, 90, '149', '18'),
(896, 90, '282', '8'),
(897, 90, '262', '21'),
(898, 90, '90', '7'),
(899, 90, '438', '13'),
(900, 90, '300', '12');
INSERT INTO report_error(id, report_id, error_id, details, error_word)
VALUES(1, 1, 2, 'lorem ipsem', 'lorem ipsem'),
(2, 2, 3, 'lorem ipsem', 'lorem ipsem'),
(3, 2, 3, 'lorem ipsem', 'lorem ipsem'),
(4, 3, 2, 'lorem ipsem', 'lorem ipsem'),
(5, 5, 2, 'lorem ipsem', 'lorem ipsem'),
(6, 5, 2, 'lorem ipsem', 'lorem ipsem'),
(7, 5, 1, 'lorem ipsem', 'lorem ipsem'),
(8, 7, 3, 'lorem ipsem', 'lorem ipsem'),
(9, 7, 3, 'lorem ipsem', 'lorem ipsem'),
(10, 7, 2, 'lorem ipsem', 'lorem ipsem'),
(11, 8, 2, 'lorem ipsem', 'lorem ipsem'),
(12, 8, 3, 'lorem ipsem', 'lorem ipsem'),
(13, 8, 2, 'lorem ipsem', 'lorem ipsem'),
(14, 9, 1, 'lorem ipsem', 'lorem ipsem'),
(15, 9, 2, 'lorem ipsem', 'lorem ipsem'),
(16, 9, 3, 'lorem ipsem', 'lorem ipsem'),
(17, 9, 3, 'lorem ipsem', 'lorem ipsem'),
(18, 10, 1, 'lorem ipsem', 'lorem ipsem'),
(19, 11, 3, 'lorem ipsem', 'lorem ipsem'),
(20, 11, 2, 'lorem ipsem', 'lorem ipsem'),
(21, 11, 2, 'lorem ipsem', 'lorem ipsem'),
(22, 11, 1, 'lorem ipsem', 'lorem ipsem'),
(23, 11, 3, 'lorem ipsem', 'lorem ipsem'),
(24, 12, 2, 'lorem ipsem', 'lorem ipsem'),
(25, 12, 2, 'lorem ipsem', 'lorem ipsem'),
(26, 13, 1, 'lorem ipsem', 'lorem ipsem'),
(27, 13, 1, 'lorem ipsem', 'lorem ipsem'),
(28, 13, 1, 'lorem ipsem', 'lorem ipsem'),
(29, 13, 1, 'lorem ipsem', 'lorem ipsem'),
(30, 14, 3, 'lorem ipsem', 'lorem ipsem'),
(31, 14, 1, 'lorem ipsem', 'lorem ipsem'),
(32, 14, 1, 'lorem ipsem', 'lorem ipsem'),
(33, 14, 3, 'lorem ipsem', 'lorem ipsem'),
(34, 15, 3, 'lorem ipsem', 'lorem ipsem'),
(35, 15, 1, 'lorem ipsem', 'lorem ipsem'),
(36, 15, 3, 'lorem ipsem', 'lorem ipsem'),
(37, 15, 1, 'lorem ipsem', 'lorem ipsem'),
(38, 15, 3, 'lorem ipsem', 'lorem ipsem'),
(39, 16, 2, 'lorem ipsem', 'lorem ipsem'),
(40, 16, 2, 'lorem ipsem', 'lorem ipsem'),
(41, 16, 2, 'lorem ipsem', 'lorem ipsem'),
(42, 16, 2, 'lorem ipsem', 'lorem ipsem'),
(43, 16, 3, 'lorem ipsem', 'lorem ipsem'),
(44, 17, 1, 'lorem ipsem', 'lorem ipsem'),
(45, 17, 1, 'lorem ipsem', 'lorem ipsem'),
(46, 18, 1, 'lorem ipsem', 'lorem ipsem'),
(47, 18, 3, 'lorem ipsem', 'lorem ipsem'),
(48, 18, 3, 'lorem ipsem', 'lorem ipsem'),
(49, 19, 1, 'lorem ipsem', 'lorem ipsem'),
(50, 19, 3, 'lorem ipsem', 'lorem ipsem'),
(51, 20, 1, 'lorem ipsem', 'lorem ipsem'),
(52, 21, 2, 'lorem ipsem', 'lorem ipsem'),
(53, 21, 3, 'lorem ipsem', 'lorem ipsem'),
(54, 21, 1, 'lorem ipsem', 'lorem ipsem'),
(55, 23, 3, 'lorem ipsem', 'lorem ipsem'),
(56, 23, 1, 'lorem ipsem', 'lorem ipsem'),
(57, 23, 2, 'lorem ipsem', 'lorem ipsem'),
(58, 23, 3, 'lorem ipsem', 'lorem ipsem'),
(59, 23, 1, 'lorem ipsem', 'lorem ipsem'),
(60, 26, 1, 'lorem ipsem', 'lorem ipsem'),
(61, 26, 3, 'lorem ipsem', 'lorem ipsem'),
(62, 28, 2, 'lorem ipsem', 'lorem ipsem'),
(63, 28, 3, 'lorem ipsem', 'lorem ipsem'),
(64, 28, 1, 'lorem ipsem', 'lorem ipsem'),
(65, 28, 2, 'lorem ipsem', 'lorem ipsem'),
(66, 28, 3, 'lorem ipsem', 'lorem ipsem'),
(67, 29, 3, 'lorem ipsem', 'lorem ipsem'),
(68, 29, 1, 'lorem ipsem', 'lorem ipsem'),
(69, 29, 2, 'lorem ipsem', 'lorem ipsem'),
(70, 30, 1, 'lorem ipsem', 'lorem ipsem'),
(71, 31, 3, 'lorem ipsem', 'lorem ipsem'),
(72, 31, 2, 'lorem ipsem', 'lorem ipsem'),
(73, 31, 1, 'lorem ipsem', 'lorem ipsem'),
(74, 33, 2, 'lorem ipsem', 'lorem ipsem'),
(75, 34, 1, 'lorem ipsem', 'lorem ipsem'),
(76, 34, 2, 'lorem ipsem', 'lorem ipsem'),
(77, 35, 3, 'lorem ipsem', 'lorem ipsem'),
(78, 35, 2, 'lorem ipsem', 'lorem ipsem'),
(79, 35, 1, 'lorem ipsem', 'lorem ipsem'),
(80, 36, 3, 'lorem ipsem', 'lorem ipsem'),
(81, 36, 1, 'lorem ipsem', 'lorem ipsem'),
(82, 36, 2, 'lorem ipsem', 'lorem ipsem'),
(83, 36, 3, 'lorem ipsem', 'lorem ipsem'),
(84, 37, 1, 'lorem ipsem', 'lorem ipsem'),
(85, 37, 3, 'lorem ipsem', 'lorem ipsem'),
(86, 37, 2, 'lorem ipsem', 'lorem ipsem'),
(87, 37, 2, 'lorem ipsem', 'lorem ipsem'),
(88, 37, 3, 'lorem ipsem', 'lorem ipsem'),
(89, 39, 3, 'lorem ipsem', 'lorem ipsem'),
(90, 40, 2, 'lorem ipsem', 'lorem ipsem'),
(91, 41, 3, 'lorem ipsem', 'lorem ipsem'),
(92, 41, 2, 'lorem ipsem', 'lorem ipsem'),
(93, 41, 3, 'lorem ipsem', 'lorem ipsem'),
(94, 41, 3, 'lorem ipsem', 'lorem ipsem'),
(95, 42, 1, 'lorem ipsem', 'lorem ipsem'),
(96, 42, 1, 'lorem ipsem', 'lorem ipsem'),
(97, 42, 1, 'lorem ipsem', 'lorem ipsem'),
(98, 42, 1, 'lorem ipsem', 'lorem ipsem'),
(99, 43, 1, 'lorem ipsem', 'lorem ipsem'),
(100, 43, 1, 'lorem ipsem', 'lorem ipsem'),
(101, 43, 2, 'lorem ipsem', 'lorem ipsem'),
(102, 43, 2, 'lorem ipsem', 'lorem ipsem'),
(103, 44, 3, 'lorem ipsem', 'lorem ipsem'),
(104, 44, 2, 'lorem ipsem', 'lorem ipsem'),
(105, 44, 3, 'lorem ipsem', 'lorem ipsem'),
(106, 44, 2, 'lorem ipsem', 'lorem ipsem'),
(107, 44, 1, 'lorem ipsem', 'lorem ipsem'),
(108, 45, 1, 'lorem ipsem', 'lorem ipsem'),
(109, 45, 1, 'lorem ipsem', 'lorem ipsem'),
(110, 45, 1, 'lorem ipsem', 'lorem ipsem'),
(111, 48, 1, 'lorem ipsem', 'lorem ipsem'),
(112, 50, 3, 'lorem ipsem', 'lorem ipsem'),
(113, 51, 2, 'lorem ipsem', 'lorem ipsem'),
(114, 51, 3, 'lorem ipsem', 'lorem ipsem'),
(115, 51, 2, 'lorem ipsem', 'lorem ipsem'),
(116, 52, 2, 'lorem ipsem', 'lorem ipsem'),
(117, 52, 2, 'lorem ipsem', 'lorem ipsem'),
(118, 52, 2, 'lorem ipsem', 'lorem ipsem'),
(119, 53, 3, 'lorem ipsem', 'lorem ipsem'),
(120, 54, 1, 'lorem ipsem', 'lorem ipsem'),
(121, 54, 1, 'lorem ipsem', 'lorem ipsem'),
(122, 54, 2, 'lorem ipsem', 'lorem ipsem'),
(123, 54, 3, 'lorem ipsem', 'lorem ipsem'),
(124, 54, 2, 'lorem ipsem', 'lorem ipsem'),
(125, 55, 3, 'lorem ipsem', 'lorem ipsem'),
(126, 55, 1, 'lorem ipsem', 'lorem ipsem'),
(127, 55, 1, 'lorem ipsem', 'lorem ipsem'),
(128, 55, 2, 'lorem ipsem', 'lorem ipsem'),
(129, 55, 3, 'lorem ipsem', 'lorem ipsem'),
(130, 56, 2, 'lorem ipsem', 'lorem ipsem'),
(131, 56, 1, 'lorem ipsem', 'lorem ipsem'),
(132, 56, 2, 'lorem ipsem', 'lorem ipsem'),
(133, 57, 3, 'lorem ipsem', 'lorem ipsem'),
(134, 57, 2, 'lorem ipsem', 'lorem ipsem'),
(135, 59, 3, 'lorem ipsem', 'lorem ipsem'),
(136, 59, 1, 'lorem ipsem', 'lorem ipsem'),
(137, 60, 3, 'lorem ipsem', 'lorem ipsem'),
(138, 62, 3, 'lorem ipsem', 'lorem ipsem'),
(139, 62, 1, 'lorem ipsem', 'lorem ipsem'),
(140, 62, 2, 'lorem ipsem', 'lorem ipsem'),
(141, 62, 3, 'lorem ipsem', 'lorem ipsem'),
(142, 63, 2, 'lorem ipsem', 'lorem ipsem'),
(143, 63, 2, 'lorem ipsem', 'lorem ipsem'),
(144, 63, 3, 'lorem ipsem', 'lorem ipsem'),
(145, 63, 3, 'lorem ipsem', 'lorem ipsem'),
(146, 63, 2, 'lorem ipsem', 'lorem ipsem'),
(147, 64, 1, 'lorem ipsem', 'lorem ipsem'),
(148, 64, 2, 'lorem ipsem', 'lorem ipsem'),
(149, 64, 1, 'lorem ipsem', 'lorem ipsem'),
(150, 64, 2, 'lorem ipsem', 'lorem ipsem'),
(151, 65, 1, 'lorem ipsem', 'lorem ipsem'),
(152, 65, 1, 'lorem ipsem', 'lorem ipsem'),
(153, 65, 1, 'lorem ipsem', 'lorem ipsem'),
(154, 65, 2, 'lorem ipsem', 'lorem ipsem'),
(155, 66, 1, 'lorem ipsem', 'lorem ipsem'),
(156, 66, 2, 'lorem ipsem', 'lorem ipsem'),
(157, 66, 2, 'lorem ipsem', 'lorem ipsem'),
(158, 66, 2, 'lorem ipsem', 'lorem ipsem'),
(159, 67, 2, 'lorem ipsem', 'lorem ipsem'),
(160, 67, 3, 'lorem ipsem', 'lorem ipsem'),
(161, 67, 2, 'lorem ipsem', 'lorem ipsem'),
(162, 67, 3, 'lorem ipsem', 'lorem ipsem'),
(163, 67, 3, 'lorem ipsem', 'lorem ipsem'),
(164, 68, 3, 'lorem ipsem', 'lorem ipsem'),
(165, 68, 2, 'lorem ipsem', 'lorem ipsem'),
(166, 69, 1, 'lorem ipsem', 'lorem ipsem'),
(167, 69, 3, 'lorem ipsem', 'lorem ipsem'),
(168, 69, 2, 'lorem ipsem', 'lorem ipsem'),
(169, 70, 1, 'lorem ipsem', 'lorem ipsem'),
(170, 70, 1, 'lorem ipsem', 'lorem ipsem'),
(171, 70, 1, 'lorem ipsem', 'lorem ipsem'),
(172, 71, 3, 'lorem ipsem', 'lorem ipsem'),
(173, 71, 1, 'lorem ipsem', 'lorem ipsem'),
(174, 72, 1, 'lorem ipsem', 'lorem ipsem'),
(175, 72, 3, 'lorem ipsem', 'lorem ipsem'),
(176, 73, 3, 'lorem ipsem', 'lorem ipsem'),
(177, 73, 2, 'lorem ipsem', 'lorem ipsem'),
(178, 73, 1, 'lorem ipsem', 'lorem ipsem'),
(179, 74, 1, 'lorem ipsem', 'lorem ipsem'),
(180, 75, 1, 'lorem ipsem', 'lorem ipsem'),
(181, 75, 2, 'lorem ipsem', 'lorem ipsem'),
(182, 75, 2, 'lorem ipsem', 'lorem ipsem'),
(183, 77, 2, 'lorem ipsem', 'lorem ipsem'),
(184, 79, 3, 'lorem ipsem', 'lorem ipsem'),
(185, 79, 3, 'lorem ipsem', 'lorem ipsem'),
(186, 79, 2, 'lorem ipsem', 'lorem ipsem'),
(187, 80, 3, 'lorem ipsem', 'lorem ipsem'),
(188, 80, 1, 'lorem ipsem', 'lorem ipsem'),
(189, 80, 2, 'lorem ipsem', 'lorem ipsem'),
(190, 82, 3, 'lorem ipsem', 'lorem ipsem'),
(191, 82, 1, 'lorem ipsem', 'lorem ipsem'),
(192, 82, 2, 'lorem ipsem', 'lorem ipsem'),
(193, 83, 2, 'lorem ipsem', 'lorem ipsem'),
(194, 83, 2, 'lorem ipsem', 'lorem ipsem'),
(195, 83, 1, 'lorem ipsem', 'lorem ipsem'),
(196, 84, 3, 'lorem ipsem', 'lorem ipsem'),
(197, 85, 1, 'lorem ipsem', 'lorem ipsem'),
(198, 85, 2, 'lorem ipsem', 'lorem ipsem'),
(199, 85, 2, 'lorem ipsem', 'lorem ipsem'),
(200, 85, 1, 'lorem ipsem', 'lorem ipsem'),
(201, 86, 1, 'lorem ipsem', 'lorem ipsem'),
(202, 86, 1, 'lorem ipsem', 'lorem ipsem'),
(203, 87, 1, 'lorem ipsem', 'lorem ipsem'),
(204, 87, 1, 'lorem ipsem', 'lorem ipsem'),
(205, 87, 1, 'lorem ipsem', 'lorem ipsem'),
(206, 87, 1, 'lorem ipsem', 'lorem ipsem'),
(207, 87, 3, 'lorem ipsem', 'lorem ipsem'),
(208, 88, 2, 'lorem ipsem', 'lorem ipsem'),
(209, 88, 1, 'lorem ipsem', 'lorem ipsem'),
(210, 88, 2, 'lorem ipsem', 'lorem ipsem'),
(211, 89, 3, 'lorem ipsem', 'lorem ipsem'),
(212, 89, 1, 'lorem ipsem', 'lorem ipsem'),
(213, 89, 3, 'lorem ipsem', 'lorem ipsem'),
(214, 89, 2, 'lorem ipsem', 'lorem ipsem'),
(215, 90, 1, 'lorem ipsem', 'lorem ipsem'),
(216, 90, 2, 'lorem ipsem', 'lorem ipsem'),
(217, 90, 3, 'lorem ipsem', 'lorem ipsem'),
(218, 91, 2, 'lorem ipsem', 'lorem ipsem'),
(219, 91, 3, 'lorem ipsem', 'lorem ipsem'),
(220, 91, 3, 'lorem ipsem', 'lorem ipsem'),
(221, 91, 1, 'lorem ipsem', 'lorem ipsem'),
(222, 93, 1, 'lorem ipsem', 'lorem ipsem'),
(223, 93, 1, 'lorem ipsem', 'lorem ipsem'),
(224, 93, 2, 'lorem ipsem', 'lorem ipsem'),
(225, 93, 1, 'lorem ipsem', 'lorem ipsem'),
(226, 93, 2, 'lorem ipsem', 'lorem ipsem'),
(227, 94, 2, 'lorem ipsem', 'lorem ipsem'),
(228, 94, 1, 'lorem ipsem', 'lorem ipsem'),
(229, 94, 2, 'lorem ipsem', 'lorem ipsem'),
(230, 94, 2, 'lorem ipsem', 'lorem ipsem'),
(231, 94, 3, 'lorem ipsem', 'lorem ipsem'),
(232, 95, 1, 'lorem ipsem', 'lorem ipsem'),
(233, 95, 1, 'lorem ipsem', 'lorem ipsem'),
(234, 96, 3, 'lorem ipsem', 'lorem ipsem'),
(235, 96, 2, 'lorem ipsem', 'lorem ipsem'),
(236, 96, 3, 'lorem ipsem', 'lorem ipsem'),
(237, 96, 3, 'lorem ipsem', 'lorem ipsem'),
(238, 97, 3, 'lorem ipsem', 'lorem ipsem'),
(239, 97, 1, 'lorem ipsem', 'lorem ipsem'),
(240, 97, 3, 'lorem ipsem', 'lorem ipsem'),
(241, 97, 3, 'lorem ipsem', 'lorem ipsem'),
(242, 98, 1, 'lorem ipsem', 'lorem ipsem'),
(243, 98, 2, 'lorem ipsem', 'lorem ipsem'),
(244, 99, 2, 'lorem ipsem', 'lorem ipsem'),
(245, 99, 2, 'lorem ipsem', 'lorem ipsem'),
(246, 99, 1, 'lorem ipsem', 'lorem ipsem'),
(247, 100, 2, 'lorem ipsem', 'lorem ipsem'),
(248, 101, 3, 'lorem ipsem', 'lorem ipsem'),
(249, 101, 3, 'lorem ipsem', 'lorem ipsem'),
(250, 101, 3, 'lorem ipsem', 'lorem ipsem'),
(251, 101, 3, 'lorem ipsem', 'lorem ipsem'),
(252, 101, 1, 'lorem ipsem', 'lorem ipsem'),
(253, 102, 2, 'lorem ipsem', 'lorem ipsem'),
(254, 102, 3, 'lorem ipsem', 'lorem ipsem'),
(255, 102, 3, 'lorem ipsem', 'lorem ipsem'),
(256, 102, 3, 'lorem ipsem', 'lorem ipsem'),
(257, 103, 3, 'lorem ipsem', 'lorem ipsem'),
(258, 103, 2, 'lorem ipsem', 'lorem ipsem'),
(259, 103, 1, 'lorem ipsem', 'lorem ipsem'),
(260, 103, 1, 'lorem ipsem', 'lorem ipsem'),
(261, 103, 2, 'lorem ipsem', 'lorem ipsem'),
(262, 104, 1, 'lorem ipsem', 'lorem ipsem'),
(263, 104, 2, 'lorem ipsem', 'lorem ipsem'),
(264, 105, 2, 'lorem ipsem', 'lorem ipsem'),
(265, 106, 1, 'lorem ipsem', 'lorem ipsem'),
(266, 106, 3, 'lorem ipsem', 'lorem ipsem'),
(267, 106, 1, 'lorem ipsem', 'lorem ipsem'),
(268, 108, 3, 'lorem ipsem', 'lorem ipsem'),
(269, 109, 2, 'lorem ipsem', 'lorem ipsem'),
(270, 109, 3, 'lorem ipsem', 'lorem ipsem'),
(271, 109, 1, 'lorem ipsem', 'lorem ipsem'),
(272, 109, 3, 'lorem ipsem', 'lorem ipsem'),
(273, 110, 3, 'lorem ipsem', 'lorem ipsem'),
(274, 110, 2, 'lorem ipsem', 'lorem ipsem'),
(275, 110, 3, 'lorem ipsem', 'lorem ipsem'),
(276, 110, 3, 'lorem ipsem', 'lorem ipsem'),
(277, 111, 3, 'lorem ipsem', 'lorem ipsem'),
(278, 111, 1, 'lorem ipsem', 'lorem ipsem'),
(279, 111, 2, 'lorem ipsem', 'lorem ipsem'),
(280, 111, 1, 'lorem ipsem', 'lorem ipsem'),
(281, 111, 1, 'lorem ipsem', 'lorem ipsem'),
(282, 113, 2, 'lorem ipsem', 'lorem ipsem'),
(283, 113, 3, 'lorem ipsem', 'lorem ipsem'),
(284, 113, 1, 'lorem ipsem', 'lorem ipsem'),
(285, 113, 3, 'lorem ipsem', 'lorem ipsem'),
(286, 113, 3, 'lorem ipsem', 'lorem ipsem'),
(287, 114, 3, 'lorem ipsem', 'lorem ipsem'),
(288, 114, 2, 'lorem ipsem', 'lorem ipsem'),
(289, 114, 2, 'lorem ipsem', 'lorem ipsem'),
(290, 115, 2, 'lorem ipsem', 'lorem ipsem'),
(291, 115, 2, 'lorem ipsem', 'lorem ipsem'),
(292, 115, 2, 'lorem ipsem', 'lorem ipsem'),
(293, 116, 1, 'lorem ipsem', 'lorem ipsem'),
(294, 117, 1, 'lorem ipsem', 'lorem ipsem'),
(295, 117, 1, 'lorem ipsem', 'lorem ipsem'),
(296, 117, 1, 'lorem ipsem', 'lorem ipsem'),
(297, 117, 1, 'lorem ipsem', 'lorem ipsem'),
(298, 118, 2, 'lorem ipsem', 'lorem ipsem'),
(299, 119, 3, 'lorem ipsem', 'lorem ipsem'),
(300, 119, 2, 'lorem ipsem', 'lorem ipsem'),
(301, 120, 3, 'lorem ipsem', 'lorem ipsem'),
(302, 120, 2, 'lorem ipsem', 'lorem ipsem'),
(303, 121, 2, 'lorem ipsem', 'lorem ipsem'),
(304, 121, 1, 'lorem ipsem', 'lorem ipsem'),
(305, 121, 2, 'lorem ipsem', 'lorem ipsem'),
(306, 122, 3, 'lorem ipsem', 'lorem ipsem'),
(307, 123, 3, 'lorem ipsem', 'lorem ipsem'),
(308, 123, 3, 'lorem ipsem', 'lorem ipsem'),
(309, 123, 2, 'lorem ipsem', 'lorem ipsem'),
(310, 124, 3, 'lorem ipsem', 'lorem ipsem'),
(311, 124, 2, 'lorem ipsem', 'lorem ipsem'),
(312, 124, 1, 'lorem ipsem', 'lorem ipsem'),
(313, 124, 2, 'lorem ipsem', 'lorem ipsem'),
(314, 125, 3, 'lorem ipsem', 'lorem ipsem'),
(315, 125, 3, 'lorem ipsem', 'lorem ipsem'),
(316, 126, 2, 'lorem ipsem', 'lorem ipsem'),
(317, 126, 3, 'lorem ipsem', 'lorem ipsem'),
(318, 126, 1, 'lorem ipsem', 'lorem ipsem'),
(319, 126, 3, 'lorem ipsem', 'lorem ipsem'),
(320, 126, 1, 'lorem ipsem', 'lorem ipsem'),
(321, 127, 2, 'lorem ipsem', 'lorem ipsem'),
(322, 128, 2, 'lorem ipsem', 'lorem ipsem'),
(323, 128, 2, 'lorem ipsem', 'lorem ipsem'),
(324, 128, 1, 'lorem ipsem', 'lorem ipsem'),
(325, 128, 1, 'lorem ipsem', 'lorem ipsem'),
(326, 128, 1, 'lorem ipsem', 'lorem ipsem'),
(327, 129, 1, 'lorem ipsem', 'lorem ipsem'),
(328, 129, 2, 'lorem ipsem', 'lorem ipsem'),
(329, 129, 1, 'lorem ipsem', 'lorem ipsem'),
(330, 130, 3, 'lorem ipsem', 'lorem ipsem'),
(331, 130, 3, 'lorem ipsem', 'lorem ipsem'),
(332, 131, 3, 'lorem ipsem', 'lorem ipsem'),
(333, 132, 3, 'lorem ipsem', 'lorem ipsem'),
(334, 132, 1, 'lorem ipsem', 'lorem ipsem'),
(335, 132, 1, 'lorem ipsem', 'lorem ipsem'),
(336, 133, 1, 'lorem ipsem', 'lorem ipsem'),
(337, 133, 3, 'lorem ipsem', 'lorem ipsem'),
(338, 133, 3, 'lorem ipsem', 'lorem ipsem'),
(339, 133, 3, 'lorem ipsem', 'lorem ipsem'),
(340, 133, 1, 'lorem ipsem', 'lorem ipsem'),
(341, 134, 1, 'lorem ipsem', 'lorem ipsem'),
(342, 134, 3, 'lorem ipsem', 'lorem ipsem'),
(343, 134, 3, 'lorem ipsem', 'lorem ipsem'),
(344, 135, 2, 'lorem ipsem', 'lorem ipsem'),
(345, 135, 2, 'lorem ipsem', 'lorem ipsem'),
(346, 135, 1, 'lorem ipsem', 'lorem ipsem'),
(347, 135, 1, 'lorem ipsem', 'lorem ipsem'),
(348, 135, 1, 'lorem ipsem', 'lorem ipsem'),
(349, 136, 1, 'lorem ipsem', 'lorem ipsem'),
(350, 136, 1, 'lorem ipsem', 'lorem ipsem'),
(351, 136, 1, 'lorem ipsem', 'lorem ipsem'),
(352, 136, 1, 'lorem ipsem', 'lorem ipsem'),
(353, 137, 3, 'lorem ipsem', 'lorem ipsem'),
(354, 137, 1, 'lorem ipsem', 'lorem ipsem'),
(355, 138, 1, 'lorem ipsem', 'lorem ipsem'),
(356, 138, 3, 'lorem ipsem', 'lorem ipsem'),
(357, 138, 1, 'lorem ipsem', 'lorem ipsem'),
(358, 138, 2, 'lorem ipsem', 'lorem ipsem'),
(359, 139, 3, 'lorem ipsem', 'lorem ipsem'),
(360, 139, 1, 'lorem ipsem', 'lorem ipsem'),
(361, 140, 1, 'lorem ipsem', 'lorem ipsem'),
(362, 141, 3, 'lorem ipsem', 'lorem ipsem'),
(363, 142, 1, 'lorem ipsem', 'lorem ipsem'),
(364, 142, 1, 'lorem ipsem', 'lorem ipsem'),
(365, 142, 2, 'lorem ipsem', 'lorem ipsem'),
(366, 142, 3, 'lorem ipsem', 'lorem ipsem'),
(367, 142, 2, 'lorem ipsem', 'lorem ipsem'),
(368, 143, 1, 'lorem ipsem', 'lorem ipsem'),
(369, 144, 2, 'lorem ipsem', 'lorem ipsem'),
(370, 144, 1, 'lorem ipsem', 'lorem ipsem'),
(371, 144, 1, 'lorem ipsem', 'lorem ipsem'),
(372, 146, 3, 'lorem ipsem', 'lorem ipsem'),
(373, 146, 2, 'lorem ipsem', 'lorem ipsem'),
(374, 146, 3, 'lorem ipsem', 'lorem ipsem'),
(375, 146, 3, 'lorem ipsem', 'lorem ipsem'),
(376, 146, 2, 'lorem ipsem', 'lorem ipsem'),
(377, 147, 2, 'lorem ipsem', 'lorem ipsem'),
(378, 147, 1, 'lorem ipsem', 'lorem ipsem'),
(379, 147, 3, 'lorem ipsem', 'lorem ipsem'),
(380, 148, 2, 'lorem ipsem', 'lorem ipsem'),
(381, 148, 1, 'lorem ipsem', 'lorem ipsem'),
(382, 149, 2, 'lorem ipsem', 'lorem ipsem'),
(383, 149, 2, 'lorem ipsem', 'lorem ipsem'),
(384, 149, 3, 'lorem ipsem', 'lorem ipsem'),
(385, 149, 3, 'lorem ipsem', 'lorem ipsem'),
(386, 150, 2, 'lorem ipsem', 'lorem ipsem'),
(387, 150, 3, 'lorem ipsem', 'lorem ipsem'),
(388, 150, 2, 'lorem ipsem', 'lorem ipsem'),
(389, 151, 2, 'lorem ipsem', 'lorem ipsem'),
(390, 151, 3, 'lorem ipsem', 'lorem ipsem'),
(391, 151, 3, 'lorem ipsem', 'lorem ipsem'),
(392, 151, 3, 'lorem ipsem', 'lorem ipsem'),
(393, 152, 3, 'lorem ipsem', 'lorem ipsem'),
(394, 152, 1, 'lorem ipsem', 'lorem ipsem'),
(395, 152, 3, 'lorem ipsem', 'lorem ipsem'),
(396, 152, 1, 'lorem ipsem', 'lorem ipsem'),
(397, 152, 2, 'lorem ipsem', 'lorem ipsem'),
(398, 153, 3, 'lorem ipsem', 'lorem ipsem'),
(399, 153, 3, 'lorem ipsem', 'lorem ipsem'),
(400, 154, 3, 'lorem ipsem', 'lorem ipsem'),
(401, 154, 2, 'lorem ipsem', 'lorem ipsem'),
(402, 154, 2, 'lorem ipsem', 'lorem ipsem'),
(403, 154, 2, 'lorem ipsem', 'lorem ipsem'),
(404, 154, 1, 'lorem ipsem', 'lorem ipsem'),
(405, 155, 3, 'lorem ipsem', 'lorem ipsem'),
(406, 155, 2, 'lorem ipsem', 'lorem ipsem'),
(407, 155, 2, 'lorem ipsem', 'lorem ipsem'),
(408, 155, 2, 'lorem ipsem', 'lorem ipsem'),
(409, 155, 2, 'lorem ipsem', 'lorem ipsem'),
(410, 157, 1, 'lorem ipsem', 'lorem ipsem'),
(411, 157, 1, 'lorem ipsem', 'lorem ipsem'),
(412, 158, 3, 'lorem ipsem', 'lorem ipsem'),
(413, 158, 1, 'lorem ipsem', 'lorem ipsem'),
(414, 158, 2, 'lorem ipsem', 'lorem ipsem'),
(415, 158, 1, 'lorem ipsem', 'lorem ipsem'),
(416, 158, 3, 'lorem ipsem', 'lorem ipsem'),
(417, 159, 3, 'lorem ipsem', 'lorem ipsem'),
(418, 159, 3, 'lorem ipsem', 'lorem ipsem'),
(419, 159, 3, 'lorem ipsem', 'lorem ipsem'),
(420, 159, 2, 'lorem ipsem', 'lorem ipsem'),
(421, 159, 1, 'lorem ipsem', 'lorem ipsem'),
(422, 160, 2, 'lorem ipsem', 'lorem ipsem'),
(423, 161, 2, 'lorem ipsem', 'lorem ipsem'),
(424, 161, 2, 'lorem ipsem', 'lorem ipsem'),
(425, 162, 3, 'lorem ipsem', 'lorem ipsem'),
(426, 163, 1, 'lorem ipsem', 'lorem ipsem'),
(427, 163, 1, 'lorem ipsem', 'lorem ipsem'),
(428, 163, 3, 'lorem ipsem', 'lorem ipsem'),
(429, 164, 2, 'lorem ipsem', 'lorem ipsem'),
(430, 164, 1, 'lorem ipsem', 'lorem ipsem'),
(431, 164, 1, 'lorem ipsem', 'lorem ipsem'),
(432, 164, 1, 'lorem ipsem', 'lorem ipsem'),
(433, 165, 2, 'lorem ipsem', 'lorem ipsem'),
(434, 165, 2, 'lorem ipsem', 'lorem ipsem'),
(435, 165, 1, 'lorem ipsem', 'lorem ipsem'),
(436, 165, 3, 'lorem ipsem', 'lorem ipsem'),
(437, 165, 3, 'lorem ipsem', 'lorem ipsem'),
(438, 166, 3, 'lorem ipsem', 'lorem ipsem'),
(439, 166, 3, 'lorem ipsem', 'lorem ipsem'),
(440, 166, 3, 'lorem ipsem', 'lorem ipsem'),
(441, 166, 1, 'lorem ipsem', 'lorem ipsem'),
(442, 167, 2, 'lorem ipsem', 'lorem ipsem'),
(443, 167, 2, 'lorem ipsem', 'lorem ipsem'),
(444, 167, 1, 'lorem ipsem', 'lorem ipsem'),
(445, 167, 1, 'lorem ipsem', 'lorem ipsem'),
(446, 167, 1, 'lorem ipsem', 'lorem ipsem'),
(447, 168, 1, 'lorem ipsem', 'lorem ipsem'),
(448, 169, 1, 'lorem ipsem', 'lorem ipsem'),
(449, 169, 1, 'lorem ipsem', 'lorem ipsem'),
(450, 170, 2, 'lorem ipsem', 'lorem ipsem'),
(451, 170, 1, 'lorem ipsem', 'lorem ipsem'),
(452, 171, 2, 'lorem ipsem', 'lorem ipsem'),
(453, 171, 1, 'lorem ipsem', 'lorem ipsem'),
(454, 172, 2, 'lorem ipsem', 'lorem ipsem'),
(455, 172, 3, 'lorem ipsem', 'lorem ipsem'),
(456, 173, 2, 'lorem ipsem', 'lorem ipsem'),
(457, 174, 1, 'lorem ipsem', 'lorem ipsem'),
(458, 174, 3, 'lorem ipsem', 'lorem ipsem'),
(459, 174, 3, 'lorem ipsem', 'lorem ipsem'),
(460, 174, 3, 'lorem ipsem', 'lorem ipsem'),
(461, 174, 3, 'lorem ipsem', 'lorem ipsem'),
(462, 175, 2, 'lorem ipsem', 'lorem ipsem'),
(463, 175, 2, 'lorem ipsem', 'lorem ipsem'),
(464, 175, 1, 'lorem ipsem', 'lorem ipsem'),
(465, 176, 1, 'lorem ipsem', 'lorem ipsem'),
(466, 176, 3, 'lorem ipsem', 'lorem ipsem'),
(467, 176, 1, 'lorem ipsem', 'lorem ipsem'),
(468, 177, 1, 'lorem ipsem', 'lorem ipsem'),
(469, 178, 2, 'lorem ipsem', 'lorem ipsem'),
(470, 178, 2, 'lorem ipsem', 'lorem ipsem'),
(471, 178, 1, 'lorem ipsem', 'lorem ipsem'),
(472, 179, 2, 'lorem ipsem', 'lorem ipsem'),
(473, 179, 1, 'lorem ipsem', 'lorem ipsem'),
(474, 180, 3, 'lorem ipsem', 'lorem ipsem'),
(475, 180, 3, 'lorem ipsem', 'lorem ipsem'),
(476, 180, 3, 'lorem ipsem', 'lorem ipsem'),
(477, 180, 2, 'lorem ipsem', 'lorem ipsem'),
(478, 182, 3, 'lorem ipsem', 'lorem ipsem'),
(479, 183, 2, 'lorem ipsem', 'lorem ipsem'),
(480, 184, 3, 'lorem ipsem', 'lorem ipsem'),
(481, 184, 1, 'lorem ipsem', 'lorem ipsem'),
(482, 184, 3, 'lorem ipsem', 'lorem ipsem'),
(483, 185, 2, 'lorem ipsem', 'lorem ipsem'),
(484, 186, 1, 'lorem ipsem', 'lorem ipsem'),
(485, 186, 2, 'lorem ipsem', 'lorem ipsem'),
(486, 186, 3, 'lorem ipsem', 'lorem ipsem'),
(487, 187, 3, 'lorem ipsem', 'lorem ipsem'),
(488, 188, 3, 'lorem ipsem', 'lorem ipsem'),
(489, 188, 1, 'lorem ipsem', 'lorem ipsem'),
(490, 188, 1, 'lorem ipsem', 'lorem ipsem'),
(491, 188, 2, 'lorem ipsem', 'lorem ipsem'),
(492, 188, 1, 'lorem ipsem', 'lorem ipsem'),
(493, 189, 3, 'lorem ipsem', 'lorem ipsem'),
(494, 190, 3, 'lorem ipsem', 'lorem ipsem'),
(495, 190, 1, 'lorem ipsem', 'lorem ipsem'),
(496, 190, 1, 'lorem ipsem', 'lorem ipsem'),
(497, 191, 3, 'lorem ipsem', 'lorem ipsem'),
(498, 191, 2, 'lorem ipsem', 'lorem ipsem'),
(499, 192, 2, 'lorem ipsem', 'lorem ipsem'),
(500, 192, 2, 'lorem ipsem', 'lorem ipsem'),
(501, 192, 3, 'lorem ipsem', 'lorem ipsem'),
(502, 192, 3, 'lorem ipsem', 'lorem ipsem'),
(503, 192, 1, 'lorem ipsem', 'lorem ipsem'),
(504, 193, 3, 'lorem ipsem', 'lorem ipsem'),
(505, 193, 1, 'lorem ipsem', 'lorem ipsem'),
(506, 196, 2, 'lorem ipsem', 'lorem ipsem'),
(507, 197, 1, 'lorem ipsem', 'lorem ipsem'),
(508, 197, 3, 'lorem ipsem', 'lorem ipsem'),
(509, 198, 3, 'lorem ipsem', 'lorem ipsem'),
(510, 198, 1, 'lorem ipsem', 'lorem ipsem'),
(511, 198, 2, 'lorem ipsem', 'lorem ipsem'),
(512, 198, 3, 'lorem ipsem', 'lorem ipsem'),
(513, 198, 3, 'lorem ipsem', 'lorem ipsem'),
(514, 199, 3, 'lorem ipsem', 'lorem ipsem'),
(515, 199, 3, 'lorem ipsem', 'lorem ipsem'),
(516, 199, 3, 'lorem ipsem', 'lorem ipsem'),
(517, 199, 3, 'lorem ipsem', 'lorem ipsem'),
(518, 199, 1, 'lorem ipsem', 'lorem ipsem'),
(519, 200, 3, 'lorem ipsem', 'lorem ipsem'),
(520, 200, 2, 'lorem ipsem', 'lorem ipsem'),
(521, 200, 2, 'lorem ipsem', 'lorem ipsem'),
(522, 201, 2, 'lorem ipsem', 'lorem ipsem'),
(523, 201, 1, 'lorem ipsem', 'lorem ipsem'),
(524, 201, 1, 'lorem ipsem', 'lorem ipsem'),
(525, 201, 1, 'lorem ipsem', 'lorem ipsem'),
(526, 202, 1, 'lorem ipsem', 'lorem ipsem'),
(527, 203, 3, 'lorem ipsem', 'lorem ipsem'),
(528, 203, 1, 'lorem ipsem', 'lorem ipsem'),
(529, 203, 3, 'lorem ipsem', 'lorem ipsem'),
(530, 203, 3, 'lorem ipsem', 'lorem ipsem'),
(531, 204, 2, 'lorem ipsem', 'lorem ipsem'),
(532, 204, 3, 'lorem ipsem', 'lorem ipsem'),
(533, 204, 3, 'lorem ipsem', 'lorem ipsem'),
(534, 205, 3, 'lorem ipsem', 'lorem ipsem'),
(535, 206, 3, 'lorem ipsem', 'lorem ipsem'),
(536, 206, 1, 'lorem ipsem', 'lorem ipsem'),
(537, 206, 2, 'lorem ipsem', 'lorem ipsem'),
(538, 206, 2, 'lorem ipsem', 'lorem ipsem'),
(539, 207, 2, 'lorem ipsem', 'lorem ipsem'),
(540, 207, 2, 'lorem ipsem', 'lorem ipsem'),
(541, 207, 2, 'lorem ipsem', 'lorem ipsem'),
(542, 208, 3, 'lorem ipsem', 'lorem ipsem'),
(543, 208, 2, 'lorem ipsem', 'lorem ipsem'),
(544, 209, 2, 'lorem ipsem', 'lorem ipsem'),
(545, 209, 3, 'lorem ipsem', 'lorem ipsem'),
(546, 209, 1, 'lorem ipsem', 'lorem ipsem'),
(547, 210, 2, 'lorem ipsem', 'lorem ipsem'),
(548, 210, 1, 'lorem ipsem', 'lorem ipsem'),
(549, 210, 2, 'lorem ipsem', 'lorem ipsem'),
(550, 210, 3, 'lorem ipsem', 'lorem ipsem'),
(551, 210, 1, 'lorem ipsem', 'lorem ipsem'),
(552, 211, 3, 'lorem ipsem', 'lorem ipsem'),
(553, 211, 1, 'lorem ipsem', 'lorem ipsem'),
(554, 211, 2, 'lorem ipsem', 'lorem ipsem'),
(555, 211, 2, 'lorem ipsem', 'lorem ipsem'),
(556, 211, 2, 'lorem ipsem', 'lorem ipsem'),
(557, 212, 1, 'lorem ipsem', 'lorem ipsem'),
(558, 212, 2, 'lorem ipsem', 'lorem ipsem'),
(559, 214, 3, 'lorem ipsem', 'lorem ipsem'),
(560, 214, 3, 'lorem ipsem', 'lorem ipsem'),
(561, 216, 3, 'lorem ipsem', 'lorem ipsem'),
(562, 217, 2, 'lorem ipsem', 'lorem ipsem'),
(563, 217, 3, 'lorem ipsem', 'lorem ipsem'),
(564, 217, 1, 'lorem ipsem', 'lorem ipsem'),
(565, 218, 3, 'lorem ipsem', 'lorem ipsem'),
(566, 220, 2, 'lorem ipsem', 'lorem ipsem'),
(567, 220, 1, 'lorem ipsem', 'lorem ipsem'),
(568, 223, 2, 'lorem ipsem', 'lorem ipsem'),
(569, 223, 1, 'lorem ipsem', 'lorem ipsem'),
(570, 223, 1, 'lorem ipsem', 'lorem ipsem'),
(571, 224, 2, 'lorem ipsem', 'lorem ipsem'),
(572, 224, 1, 'lorem ipsem', 'lorem ipsem'),
(573, 224, 3, 'lorem ipsem', 'lorem ipsem'),
(574, 224, 3, 'lorem ipsem', 'lorem ipsem'),
(575, 225, 1, 'lorem ipsem', 'lorem ipsem'),
(576, 226, 1, 'lorem ipsem', 'lorem ipsem'),
(577, 226, 3, 'lorem ipsem', 'lorem ipsem'),
(578, 226, 1, 'lorem ipsem', 'lorem ipsem'),
(579, 226, 3, 'lorem ipsem', 'lorem ipsem'),
(580, 226, 2, 'lorem ipsem', 'lorem ipsem'),
(581, 227, 3, 'lorem ipsem', 'lorem ipsem'),
(582, 227, 2, 'lorem ipsem', 'lorem ipsem'),
(583, 228, 2, 'lorem ipsem', 'lorem ipsem'),
(584, 228, 1, 'lorem ipsem', 'lorem ipsem'),
(585, 228, 1, 'lorem ipsem', 'lorem ipsem'),
(586, 228, 1, 'lorem ipsem', 'lorem ipsem'),
(587, 229, 1, 'lorem ipsem', 'lorem ipsem'),
(588, 229, 2, 'lorem ipsem', 'lorem ipsem'),
(589, 230, 3, 'lorem ipsem', 'lorem ipsem'),
(590, 230, 2, 'lorem ipsem', 'lorem ipsem'),
(591, 230, 1, 'lorem ipsem', 'lorem ipsem'),
(592, 231, 1, 'lorem ipsem', 'lorem ipsem'),
(593, 231, 3, 'lorem ipsem', 'lorem ipsem'),
(594, 231, 2, 'lorem ipsem', 'lorem ipsem'),
(595, 232, 2, 'lorem ipsem', 'lorem ipsem'),
(596, 232, 2, 'lorem ipsem', 'lorem ipsem'),
(597, 232, 3, 'lorem ipsem', 'lorem ipsem'),
(598, 232, 1, 'lorem ipsem', 'lorem ipsem'),
(599, 233, 1, 'lorem ipsem', 'lorem ipsem'),
(600, 233, 1, 'lorem ipsem', 'lorem ipsem'),
(601, 233, 3, 'lorem ipsem', 'lorem ipsem'),
(602, 234, 1, 'lorem ipsem', 'lorem ipsem'),
(603, 236, 3, 'lorem ipsem', 'lorem ipsem'),
(604, 237, 1, 'lorem ipsem', 'lorem ipsem'),
(605, 237, 3, 'lorem ipsem', 'lorem ipsem'),
(606, 237, 1, 'lorem ipsem', 'lorem ipsem'),
(607, 237, 2, 'lorem ipsem', 'lorem ipsem'),
(608, 237, 3, 'lorem ipsem', 'lorem ipsem'),
(609, 238, 3, 'lorem ipsem', 'lorem ipsem'),
(610, 238, 1, 'lorem ipsem', 'lorem ipsem'),
(611, 239, 2, 'lorem ipsem', 'lorem ipsem'),
(612, 239, 3, 'lorem ipsem', 'lorem ipsem'),
(613, 239, 2, 'lorem ipsem', 'lorem ipsem'),
(614, 239, 3, 'lorem ipsem', 'lorem ipsem'),
(615, 239, 3, 'lorem ipsem', 'lorem ipsem'),
(616, 240, 2, 'lorem ipsem', 'lorem ipsem'),
(617, 241, 1, 'lorem ipsem', 'lorem ipsem'),
(618, 241, 3, 'lorem ipsem', 'lorem ipsem'),
(619, 241, 3, 'lorem ipsem', 'lorem ipsem'),
(620, 241, 3, 'lorem ipsem', 'lorem ipsem'),
(621, 242, 3, 'lorem ipsem', 'lorem ipsem'),
(622, 242, 3, 'lorem ipsem', 'lorem ipsem'),
(623, 242, 2, 'lorem ipsem', 'lorem ipsem'),
(624, 242, 3, 'lorem ipsem', 'lorem ipsem'),
(625, 242, 3, 'lorem ipsem', 'lorem ipsem'),
(626, 243, 2, 'lorem ipsem', 'lorem ipsem'),
(627, 243, 3, 'lorem ipsem', 'lorem ipsem'),
(628, 243, 1, 'lorem ipsem', 'lorem ipsem'),
(629, 243, 1, 'lorem ipsem', 'lorem ipsem'),
(630, 243, 2, 'lorem ipsem', 'lorem ipsem'),
(631, 244, 2, 'lorem ipsem', 'lorem ipsem'),
(632, 244, 1, 'lorem ipsem', 'lorem ipsem'),
(633, 244, 3, 'lorem ipsem', 'lorem ipsem'),
(634, 244, 3, 'lorem ipsem', 'lorem ipsem'),
(635, 244, 3, 'lorem ipsem', 'lorem ipsem'),
(636, 245, 1, 'lorem ipsem', 'lorem ipsem'),
(637, 246, 1, 'lorem ipsem', 'lorem ipsem'),
(638, 246, 1, 'lorem ipsem', 'lorem ipsem'),
(639, 246, 1, 'lorem ipsem', 'lorem ipsem'),
(640, 247, 3, 'lorem ipsem', 'lorem ipsem'),
(641, 247, 3, 'lorem ipsem', 'lorem ipsem'),
(642, 247, 2, 'lorem ipsem', 'lorem ipsem'),
(643, 247, 1, 'lorem ipsem', 'lorem ipsem'),
(644, 248, 3, 'lorem ipsem', 'lorem ipsem'),
(645, 249, 2, 'lorem ipsem', 'lorem ipsem'),
(646, 249, 3, 'lorem ipsem', 'lorem ipsem'),
(647, 249, 1, 'lorem ipsem', 'lorem ipsem'),
(648, 249, 3, 'lorem ipsem', 'lorem ipsem'),
(649, 251, 1, 'lorem ipsem', 'lorem ipsem'),
(650, 252, 1, 'lorem ipsem', 'lorem ipsem'),
(651, 252, 1, 'lorem ipsem', 'lorem ipsem'),
(652, 253, 1, 'lorem ipsem', 'lorem ipsem'),
(653, 254, 2, 'lorem ipsem', 'lorem ipsem'),
(654, 254, 3, 'lorem ipsem', 'lorem ipsem'),
(655, 256, 1, 'lorem ipsem', 'lorem ipsem'),
(656, 256, 1, 'lorem ipsem', 'lorem ipsem'),
(657, 256, 3, 'lorem ipsem', 'lorem ipsem'),
(658, 256, 1, 'lorem ipsem', 'lorem ipsem'),
(659, 256, 2, 'lorem ipsem', 'lorem ipsem'),
(660, 257, 1, 'lorem ipsem', 'lorem ipsem'),
(661, 258, 1, 'lorem ipsem', 'lorem ipsem'),
(662, 258, 3, 'lorem ipsem', 'lorem ipsem'),
(663, 258, 3, 'lorem ipsem', 'lorem ipsem'),
(664, 258, 2, 'lorem ipsem', 'lorem ipsem'),
(665, 259, 3, 'lorem ipsem', 'lorem ipsem'),
(666, 259, 3, 'lorem ipsem', 'lorem ipsem'),
(667, 260, 3, 'lorem ipsem', 'lorem ipsem'),
(668, 261, 2, 'lorem ipsem', 'lorem ipsem'),
(669, 263, 3, 'lorem ipsem', 'lorem ipsem'),
(670, 263, 1, 'lorem ipsem', 'lorem ipsem'),
(671, 263, 2, 'lorem ipsem', 'lorem ipsem'),
(672, 263, 1, 'lorem ipsem', 'lorem ipsem'),
(673, 264, 3, 'lorem ipsem', 'lorem ipsem'),
(674, 266, 2, 'lorem ipsem', 'lorem ipsem'),
(675, 266, 1, 'lorem ipsem', 'lorem ipsem'),
(676, 266, 2, 'lorem ipsem', 'lorem ipsem'),
(677, 266, 1, 'lorem ipsem', 'lorem ipsem'),
(678, 266, 2, 'lorem ipsem', 'lorem ipsem'),
(679, 267, 3, 'lorem ipsem', 'lorem ipsem'),
(680, 267, 2, 'lorem ipsem', 'lorem ipsem'),
(681, 269, 1, 'lorem ipsem', 'lorem ipsem'),
(682, 269, 3, 'lorem ipsem', 'lorem ipsem'),
(683, 269, 3, 'lorem ipsem', 'lorem ipsem'),
(684, 270, 3, 'lorem ipsem', 'lorem ipsem'),
(685, 270, 3, 'lorem ipsem', 'lorem ipsem'),
(686, 270, 3, 'lorem ipsem', 'lorem ipsem'),
(687, 270, 2, 'lorem ipsem', 'lorem ipsem'),
(688, 271, 3, 'lorem ipsem', 'lorem ipsem'),
(689, 271, 2, 'lorem ipsem', 'lorem ipsem'),
(690, 271, 3, 'lorem ipsem', 'lorem ipsem'),
(691, 271, 3, 'lorem ipsem', 'lorem ipsem'),
(692, 272, 1, 'lorem ipsem', 'lorem ipsem'),
(693, 273, 3, 'lorem ipsem', 'lorem ipsem'),
(694, 273, 1, 'lorem ipsem', 'lorem ipsem'),
(695, 273, 1, 'lorem ipsem', 'lorem ipsem'),
(696, 273, 2, 'lorem ipsem', 'lorem ipsem'),
(697, 273, 3, 'lorem ipsem', 'lorem ipsem'),
(698, 274, 3, 'lorem ipsem', 'lorem ipsem'),
(699, 274, 3, 'lorem ipsem', 'lorem ipsem'),
(700, 274, 1, 'lorem ipsem', 'lorem ipsem'),
(701, 275, 3, 'lorem ipsem', 'lorem ipsem'),
(702, 275, 1, 'lorem ipsem', 'lorem ipsem'),
(703, 275, 3, 'lorem ipsem', 'lorem ipsem'),
(704, 276, 3, 'lorem ipsem', 'lorem ipsem'),
(705, 277, 3, 'lorem ipsem', 'lorem ipsem'),
(706, 277, 2, 'lorem ipsem', 'lorem ipsem'),
(707, 277, 3, 'lorem ipsem', 'lorem ipsem'),
(708, 277, 3, 'lorem ipsem', 'lorem ipsem'),
(709, 278, 1, 'lorem ipsem', 'lorem ipsem'),
(710, 278, 3, 'lorem ipsem', 'lorem ipsem'),
(711, 279, 3, 'lorem ipsem', 'lorem ipsem'),
(712, 279, 3, 'lorem ipsem', 'lorem ipsem'),
(713, 279, 2, 'lorem ipsem', 'lorem ipsem'),
(714, 279, 1, 'lorem ipsem', 'lorem ipsem'),
(715, 280, 3, 'lorem ipsem', 'lorem ipsem'),
(716, 280, 3, 'lorem ipsem', 'lorem ipsem'),
(717, 280, 2, 'lorem ipsem', 'lorem ipsem'),
(718, 281, 1, 'lorem ipsem', 'lorem ipsem'),
(719, 281, 3, 'lorem ipsem', 'lorem ipsem'),
(720, 281, 3, 'lorem ipsem', 'lorem ipsem'),
(721, 281, 3, 'lorem ipsem', 'lorem ipsem'),
(722, 282, 1, 'lorem ipsem', 'lorem ipsem'),
(723, 283, 1, 'lorem ipsem', 'lorem ipsem'),
(724, 283, 1, 'lorem ipsem', 'lorem ipsem'),
(725, 283, 3, 'lorem ipsem', 'lorem ipsem'),
(726, 283, 2, 'lorem ipsem', 'lorem ipsem'),
(727, 284, 2, 'lorem ipsem', 'lorem ipsem'),
(728, 284, 1, 'lorem ipsem', 'lorem ipsem'),
(729, 285, 3, 'lorem ipsem', 'lorem ipsem'),
(730, 285, 2, 'lorem ipsem', 'lorem ipsem'),
(731, 285, 1, 'lorem ipsem', 'lorem ipsem'),
(732, 286, 2, 'lorem ipsem', 'lorem ipsem'),
(733, 286, 3, 'lorem ipsem', 'lorem ipsem'),
(734, 287, 1, 'lorem ipsem', 'lorem ipsem'),
(735, 287, 1, 'lorem ipsem', 'lorem ipsem'),
(736, 287, 2, 'lorem ipsem', 'lorem ipsem'),
(737, 287, 2, 'lorem ipsem', 'lorem ipsem'),
(738, 287, 1, 'lorem ipsem', 'lorem ipsem'),
(739, 288, 3, 'lorem ipsem', 'lorem ipsem'),
(740, 288, 2, 'lorem ipsem', 'lorem ipsem'),
(741, 288, 3, 'lorem ipsem', 'lorem ipsem'),
(742, 288, 3, 'lorem ipsem', 'lorem ipsem'),
(743, 288, 1, 'lorem ipsem', 'lorem ipsem'),
(744, 290, 2, 'lorem ipsem', 'lorem ipsem'),
(745, 290, 3, 'lorem ipsem', 'lorem ipsem'),
(746, 290, 2, 'lorem ipsem', 'lorem ipsem'),
(747, 290, 1, 'lorem ipsem', 'lorem ipsem'),
(748, 291, 3, 'lorem ipsem', 'lorem ipsem'),
(749, 292, 3, 'lorem ipsem', 'lorem ipsem'),
(750, 292, 3, 'lorem ipsem', 'lorem ipsem'),
(751, 292, 2, 'lorem ipsem', 'lorem ipsem'),
(752, 293, 1, 'lorem ipsem', 'lorem ipsem'),
(753, 293, 1, 'lorem ipsem', 'lorem ipsem'),
(754, 293, 2, 'lorem ipsem', 'lorem ipsem'),
(755, 293, 3, 'lorem ipsem', 'lorem ipsem'),
(756, 293, 3, 'lorem ipsem', 'lorem ipsem'),
(757, 294, 2, 'lorem ipsem', 'lorem ipsem'),
(758, 294, 3, 'lorem ipsem', 'lorem ipsem'),
(759, 294, 1, 'lorem ipsem', 'lorem ipsem'),
(760, 294, 2, 'lorem ipsem', 'lorem ipsem'),
(761, 295, 3, 'lorem ipsem', 'lorem ipsem'),
(762, 295, 3, 'lorem ipsem', 'lorem ipsem'),
(763, 295, 1, 'lorem ipsem', 'lorem ipsem'),
(764, 295, 1, 'lorem ipsem', 'lorem ipsem'),
(765, 295, 3, 'lorem ipsem', 'lorem ipsem'),
(766, 296, 3, 'lorem ipsem', 'lorem ipsem'),
(767, 296, 3, 'lorem ipsem', 'lorem ipsem'),
(768, 296, 3, 'lorem ipsem', 'lorem ipsem'),
(769, 296, 3, 'lorem ipsem', 'lorem ipsem'),
(770, 296, 1, 'lorem ipsem', 'lorem ipsem'),
(771, 297, 2, 'lorem ipsem', 'lorem ipsem'),
(772, 298, 1, 'lorem ipsem', 'lorem ipsem'),
(773, 299, 2, 'lorem ipsem', 'lorem ipsem'),
(774, 299, 2, 'lorem ipsem', 'lorem ipsem'),
(775, 300, 2, 'lorem ipsem', 'lorem ipsem'),
(776, 300, 2, 'lorem ipsem', 'lorem ipsem'),
(777, 300, 2, 'lorem ipsem', 'lorem ipsem'),
(778, 300, 1, 'lorem ipsem', 'lorem ipsem'),
(779, 300, 1, 'lorem ipsem', 'lorem ipsem'),
(780, 301, 3, 'lorem ipsem', 'lorem ipsem'),
(781, 301, 2, 'lorem ipsem', 'lorem ipsem'),
(782, 301, 1, 'lorem ipsem', 'lorem ipsem'),
(783, 301, 1, 'lorem ipsem', 'lorem ipsem'),
(784, 301, 3, 'lorem ipsem', 'lorem ipsem'),
(785, 303, 2, 'lorem ipsem', 'lorem ipsem'),
(786, 303, 2, 'lorem ipsem', 'lorem ipsem'),
(787, 304, 3, 'lorem ipsem', 'lorem ipsem'),
(788, 305, 3, 'lorem ipsem', 'lorem ipsem'),
(789, 305, 2, 'lorem ipsem', 'lorem ipsem'),
(790, 305, 2, 'lorem ipsem', 'lorem ipsem'),
(791, 305, 1, 'lorem ipsem', 'lorem ipsem'),
(792, 306, 1, 'lorem ipsem', 'lorem ipsem'),
(793, 307, 2, 'lorem ipsem', 'lorem ipsem'),
(794, 307, 3, 'lorem ipsem', 'lorem ipsem'),
(795, 307, 1, 'lorem ipsem', 'lorem ipsem'),
(796, 307, 1, 'lorem ipsem', 'lorem ipsem'),
(797, 307, 3, 'lorem ipsem', 'lorem ipsem'),
(798, 309, 1, 'lorem ipsem', 'lorem ipsem'),
(799, 310, 3, 'lorem ipsem', 'lorem ipsem'),
(800, 310, 1, 'lorem ipsem', 'lorem ipsem'),
(801, 310, 1, 'lorem ipsem', 'lorem ipsem'),
(802, 312, 1, 'lorem ipsem', 'lorem ipsem'),
(803, 312, 3, 'lorem ipsem', 'lorem ipsem'),
(804, 312, 2, 'lorem ipsem', 'lorem ipsem'),
(805, 312, 2, 'lorem ipsem', 'lorem ipsem'),
(806, 313, 2, 'lorem ipsem', 'lorem ipsem'),
(807, 313, 3, 'lorem ipsem', 'lorem ipsem'),
(808, 313, 2, 'lorem ipsem', 'lorem ipsem'),
(809, 313, 1, 'lorem ipsem', 'lorem ipsem'),
(810, 313, 2, 'lorem ipsem', 'lorem ipsem'),
(811, 314, 3, 'lorem ipsem', 'lorem ipsem'),
(812, 314, 3, 'lorem ipsem', 'lorem ipsem'),
(813, 314, 2, 'lorem ipsem', 'lorem ipsem'),
(814, 314, 2, 'lorem ipsem', 'lorem ipsem'),
(815, 314, 2, 'lorem ipsem', 'lorem ipsem'),
(816, 315, 1, 'lorem ipsem', 'lorem ipsem'),
(817, 315, 3, 'lorem ipsem', 'lorem ipsem'),
(818, 315, 3, 'lorem ipsem', 'lorem ipsem'),
(819, 315, 3, 'lorem ipsem', 'lorem ipsem'),
(820, 316, 2, 'lorem ipsem', 'lorem ipsem'),
(821, 316, 2, 'lorem ipsem', 'lorem ipsem'),
(822, 316, 1, 'lorem ipsem', 'lorem ipsem'),
(823, 316, 3, 'lorem ipsem', 'lorem ipsem'),
(824, 316, 1, 'lorem ipsem', 'lorem ipsem'),
(825, 317, 3, 'lorem ipsem', 'lorem ipsem'),
(826, 317, 3, 'lorem ipsem', 'lorem ipsem'),
(827, 319, 2, 'lorem ipsem', 'lorem ipsem'),
(828, 321, 3, 'lorem ipsem', 'lorem ipsem'),
(829, 321, 1, 'lorem ipsem', 'lorem ipsem'),
(830, 321, 1, 'lorem ipsem', 'lorem ipsem'),
(831, 321, 3, 'lorem ipsem', 'lorem ipsem'),
(832, 321, 3, 'lorem ipsem', 'lorem ipsem'),
(833, 323, 3, 'lorem ipsem', 'lorem ipsem'),
(834, 323, 2, 'lorem ipsem', 'lorem ipsem'),
(835, 323, 2, 'lorem ipsem', 'lorem ipsem'),
(836, 323, 1, 'lorem ipsem', 'lorem ipsem'),
(837, 324, 1, 'lorem ipsem', 'lorem ipsem'),
(838, 326, 3, 'lorem ipsem', 'lorem ipsem'),
(839, 326, 2, 'lorem ipsem', 'lorem ipsem'),
(840, 326, 3, 'lorem ipsem', 'lorem ipsem'),
(841, 327, 3, 'lorem ipsem', 'lorem ipsem'),
(842, 328, 2, 'lorem ipsem', 'lorem ipsem'),
(843, 330, 2, 'lorem ipsem', 'lorem ipsem'),
(844, 330, 1, 'lorem ipsem', 'lorem ipsem'),
(845, 331, 2, 'lorem ipsem', 'lorem ipsem'),
(846, 331, 1, 'lorem ipsem', 'lorem ipsem'),
(847, 331, 2, 'lorem ipsem', 'lorem ipsem'),
(848, 333, 1, 'lorem ipsem', 'lorem ipsem'),
(849, 333, 3, 'lorem ipsem', 'lorem ipsem'),
(850, 334, 3, 'lorem ipsem', 'lorem ipsem'),
(851, 334, 3, 'lorem ipsem', 'lorem ipsem'),
(852, 334, 3, 'lorem ipsem', 'lorem ipsem'),
(853, 334, 2, 'lorem ipsem', 'lorem ipsem'),
(854, 334, 2, 'lorem ipsem', 'lorem ipsem'),
(855, 338, 2, 'lorem ipsem', 'lorem ipsem'),
(856, 338, 1, 'lorem ipsem', 'lorem ipsem'),
(857, 338, 1, 'lorem ipsem', 'lorem ipsem'),
(858, 338, 3, 'lorem ipsem', 'lorem ipsem'),
(859, 339, 2, 'lorem ipsem', 'lorem ipsem'),
(860, 339, 1, 'lorem ipsem', 'lorem ipsem'),
(861, 340, 2, 'lorem ipsem', 'lorem ipsem'),
(862, 340, 1, 'lorem ipsem', 'lorem ipsem'),
(863, 340, 3, 'lorem ipsem', 'lorem ipsem'),
(864, 341, 3, 'lorem ipsem', 'lorem ipsem'),
(865, 342, 3, 'lorem ipsem', 'lorem ipsem'),
(866, 342, 2, 'lorem ipsem', 'lorem ipsem'),
(867, 342, 3, 'lorem ipsem', 'lorem ipsem'),
(868, 342, 3, 'lorem ipsem', 'lorem ipsem'),
(869, 343, 2, 'lorem ipsem', 'lorem ipsem'),
(870, 344, 2, 'lorem ipsem', 'lorem ipsem'),
(871, 345, 1, 'lorem ipsem', 'lorem ipsem'),
(872, 346, 1, 'lorem ipsem', 'lorem ipsem'),
(873, 346, 2, 'lorem ipsem', 'lorem ipsem'),
(874, 346, 2, 'lorem ipsem', 'lorem ipsem'),
(875, 348, 1, 'lorem ipsem', 'lorem ipsem'),
(876, 348, 3, 'lorem ipsem', 'lorem ipsem'),
(877, 348, 2, 'lorem ipsem', 'lorem ipsem'),
(878, 348, 3, 'lorem ipsem', 'lorem ipsem'),
(879, 348, 1, 'lorem ipsem', 'lorem ipsem'),
(880, 350, 2, 'lorem ipsem', 'lorem ipsem'),
(881, 351, 3, 'lorem ipsem', 'lorem ipsem'),
(882, 351, 2, 'lorem ipsem', 'lorem ipsem'),
(883, 352, 3, 'lorem ipsem', 'lorem ipsem'),
(884, 353, 3, 'lorem ipsem', 'lorem ipsem'),
(885, 353, 1, 'lorem ipsem', 'lorem ipsem'),
(886, 353, 3, 'lorem ipsem', 'lorem ipsem'),
(887, 353, 2, 'lorem ipsem', 'lorem ipsem'),
(888, 354, 3, 'lorem ipsem', 'lorem ipsem'),
(889, 354, 1, 'lorem ipsem', 'lorem ipsem'),
(890, 354, 3, 'lorem ipsem', 'lorem ipsem'),
(891, 354, 1, 'lorem ipsem', 'lorem ipsem'),
(892, 354, 1, 'lorem ipsem', 'lorem ipsem'),
(893, 355, 2, 'lorem ipsem', 'lorem ipsem'),
(894, 356, 2, 'lorem ipsem', 'lorem ipsem'),
(895, 357, 2, 'lorem ipsem', 'lorem ipsem'),
(896, 357, 1, 'lorem ipsem', 'lorem ipsem'),
(897, 358, 1, 'lorem ipsem', 'lorem ipsem'),
(898, 358, 1, 'lorem ipsem', 'lorem ipsem'),
(899, 358, 3, 'lorem ipsem', 'lorem ipsem'),
(900, 358, 3, 'lorem ipsem', 'lorem ipsem'),
(901, 360, 2, 'lorem ipsem', 'lorem ipsem'),
(902, 361, 2, 'lorem ipsem', 'lorem ipsem'),
(903, 364, 1, 'lorem ipsem', 'lorem ipsem'),
(904, 364, 2, 'lorem ipsem', 'lorem ipsem'),
(905, 364, 2, 'lorem ipsem', 'lorem ipsem'),
(906, 365, 3, 'lorem ipsem', 'lorem ipsem'),
(907, 365, 1, 'lorem ipsem', 'lorem ipsem'),
(908, 365, 1, 'lorem ipsem', 'lorem ipsem'),
(909, 365, 3, 'lorem ipsem', 'lorem ipsem'),
(910, 366, 1, 'lorem ipsem', 'lorem ipsem'),
(911, 367, 3, 'lorem ipsem', 'lorem ipsem'),
(912, 367, 3, 'lorem ipsem', 'lorem ipsem'),
(913, 367, 1, 'lorem ipsem', 'lorem ipsem'),
(914, 368, 2, 'lorem ipsem', 'lorem ipsem'),
(915, 368, 3, 'lorem ipsem', 'lorem ipsem'),
(916, 370, 2, 'lorem ipsem', 'lorem ipsem'),
(917, 372, 1, 'lorem ipsem', 'lorem ipsem'),
(918, 372, 1, 'lorem ipsem', 'lorem ipsem'),
(919, 373, 2, 'lorem ipsem', 'lorem ipsem'),
(920, 373, 2, 'lorem ipsem', 'lorem ipsem'),
(921, 373, 2, 'lorem ipsem', 'lorem ipsem'),
(922, 373, 1, 'lorem ipsem', 'lorem ipsem'),
(923, 374, 2, 'lorem ipsem', 'lorem ipsem'),
(924, 374, 2, 'lorem ipsem', 'lorem ipsem'),
(925, 375, 2, 'lorem ipsem', 'lorem ipsem'),
(926, 376, 2, 'lorem ipsem', 'lorem ipsem'),
(927, 376, 3, 'lorem ipsem', 'lorem ipsem'),
(928, 376, 3, 'lorem ipsem', 'lorem ipsem'),
(929, 376, 2, 'lorem ipsem', 'lorem ipsem'),
(930, 377, 1, 'lorem ipsem', 'lorem ipsem'),
(931, 377, 1, 'lorem ipsem', 'lorem ipsem'),
(932, 377, 1, 'lorem ipsem', 'lorem ipsem'),
(933, 377, 2, 'lorem ipsem', 'lorem ipsem'),
(934, 377, 2, 'lorem ipsem', 'lorem ipsem'),
(935, 379, 2, 'lorem ipsem', 'lorem ipsem'),
(936, 380, 1, 'lorem ipsem', 'lorem ipsem'),
(937, 380, 2, 'lorem ipsem', 'lorem ipsem'),
(938, 381, 2, 'lorem ipsem', 'lorem ipsem'),
(939, 381, 2, 'lorem ipsem', 'lorem ipsem'),
(940, 381, 3, 'lorem ipsem', 'lorem ipsem'),
(941, 381, 1, 'lorem ipsem', 'lorem ipsem'),
(942, 381, 1, 'lorem ipsem', 'lorem ipsem'),
(943, 382, 1, 'lorem ipsem', 'lorem ipsem'),
(944, 382, 3, 'lorem ipsem', 'lorem ipsem'),
(945, 383, 1, 'lorem ipsem', 'lorem ipsem'),
(946, 384, 1, 'lorem ipsem', 'lorem ipsem'),
(947, 384, 2, 'lorem ipsem', 'lorem ipsem'),
(948, 384, 3, 'lorem ipsem', 'lorem ipsem'),
(949, 384, 3, 'lorem ipsem', 'lorem ipsem'),
(950, 384, 2, 'lorem ipsem', 'lorem ipsem'),
(951, 385, 3, 'lorem ipsem', 'lorem ipsem'),
(952, 386, 3, 'lorem ipsem', 'lorem ipsem'),
(953, 386, 1, 'lorem ipsem', 'lorem ipsem'),
(954, 386, 3, 'lorem ipsem', 'lorem ipsem'),
(955, 386, 3, 'lorem ipsem', 'lorem ipsem'),
(956, 386, 2, 'lorem ipsem', 'lorem ipsem'),
(957, 389, 3, 'lorem ipsem', 'lorem ipsem'),
(958, 390, 1, 'lorem ipsem', 'lorem ipsem'),
(959, 390, 1, 'lorem ipsem', 'lorem ipsem'),
(960, 391, 2, 'lorem ipsem', 'lorem ipsem'),
(961, 391, 2, 'lorem ipsem', 'lorem ipsem'),
(962, 391, 2, 'lorem ipsem', 'lorem ipsem'),
(963, 391, 3, 'lorem ipsem', 'lorem ipsem'),
(964, 392, 2, 'lorem ipsem', 'lorem ipsem'),
(965, 392, 1, 'lorem ipsem', 'lorem ipsem'),
(966, 394, 3, 'lorem ipsem', 'lorem ipsem'),
(967, 394, 3, 'lorem ipsem', 'lorem ipsem'),
(968, 394, 1, 'lorem ipsem', 'lorem ipsem'),
(969, 394, 3, 'lorem ipsem', 'lorem ipsem'),
(970, 394, 1, 'lorem ipsem', 'lorem ipsem'),
(971, 395, 2, 'lorem ipsem', 'lorem ipsem'),
(972, 396, 2, 'lorem ipsem', 'lorem ipsem'),
(973, 396, 1, 'lorem ipsem', 'lorem ipsem'),
(974, 396, 2, 'lorem ipsem', 'lorem ipsem'),
(975, 396, 2, 'lorem ipsem', 'lorem ipsem'),
(976, 397, 1, 'lorem ipsem', 'lorem ipsem'),
(977, 397, 1, 'lorem ipsem', 'lorem ipsem'),
(978, 397, 3, 'lorem ipsem', 'lorem ipsem'),
(979, 397, 3, 'lorem ipsem', 'lorem ipsem'),
(980, 397, 3, 'lorem ipsem', 'lorem ipsem'),
(981, 398, 3, 'lorem ipsem', 'lorem ipsem'),
(982, 398, 1, 'lorem ipsem', 'lorem ipsem'),
(983, 398, 3, 'lorem ipsem', 'lorem ipsem'),
(984, 398, 3, 'lorem ipsem', 'lorem ipsem'),
(985, 399, 3, 'lorem ipsem', 'lorem ipsem'),
(986, 400, 3, 'lorem ipsem', 'lorem ipsem'),
(987, 400, 2, 'lorem ipsem', 'lorem ipsem'),
(988, 401, 2, 'lorem ipsem', 'lorem ipsem'),
(989, 401, 3, 'lorem ipsem', 'lorem ipsem'),
(990, 402, 2, 'lorem ipsem', 'lorem ipsem'),
(991, 402, 3, 'lorem ipsem', 'lorem ipsem'),
(992, 402, 1, 'lorem ipsem', 'lorem ipsem'),
(993, 403, 3, 'lorem ipsem', 'lorem ipsem'),
(994, 403, 1, 'lorem ipsem', 'lorem ipsem'),
(995, 403, 3, 'lorem ipsem', 'lorem ipsem'),
(996, 404, 1, 'lorem ipsem', 'lorem ipsem'),
(997, 405, 2, 'lorem ipsem', 'lorem ipsem'),
(998, 407, 1, 'lorem ipsem', 'lorem ipsem'),
(999, 407, 1, 'lorem ipsem', 'lorem ipsem'),
(1000, 407, 3, 'lorem ipsem', 'lorem ipsem'),
(1001, 407, 1, 'lorem ipsem', 'lorem ipsem'),
(1002, 407, 2, 'lorem ipsem', 'lorem ipsem'),
(1003, 409, 3, 'lorem ipsem', 'lorem ipsem'),
(1004, 410, 3, 'lorem ipsem', 'lorem ipsem'),
(1005, 410, 1, 'lorem ipsem', 'lorem ipsem'),
(1006, 410, 3, 'lorem ipsem', 'lorem ipsem'),
(1007, 411, 3, 'lorem ipsem', 'lorem ipsem'),
(1008, 411, 2, 'lorem ipsem', 'lorem ipsem'),
(1009, 411, 2, 'lorem ipsem', 'lorem ipsem'),
(1010, 412, 3, 'lorem ipsem', 'lorem ipsem'),
(1011, 413, 1, 'lorem ipsem', 'lorem ipsem'),
(1012, 416, 3, 'lorem ipsem', 'lorem ipsem'),
(1013, 417, 3, 'lorem ipsem', 'lorem ipsem'),
(1014, 417, 2, 'lorem ipsem', 'lorem ipsem'),
(1015, 417, 2, 'lorem ipsem', 'lorem ipsem'),
(1016, 417, 1, 'lorem ipsem', 'lorem ipsem'),
(1017, 418, 2, 'lorem ipsem', 'lorem ipsem'),
(1018, 419, 1, 'lorem ipsem', 'lorem ipsem'),
(1019, 419, 3, 'lorem ipsem', 'lorem ipsem'),
(1020, 419, 3, 'lorem ipsem', 'lorem ipsem'),
(1021, 419, 2, 'lorem ipsem', 'lorem ipsem'),
(1022, 420, 2, 'lorem ipsem', 'lorem ipsem'),
(1023, 420, 1, 'lorem ipsem', 'lorem ipsem'),
(1024, 420, 3, 'lorem ipsem', 'lorem ipsem'),
(1025, 420, 3, 'lorem ipsem', 'lorem ipsem'),
(1026, 420, 2, 'lorem ipsem', 'lorem ipsem'),
(1027, 421, 2, 'lorem ipsem', 'lorem ipsem'),
(1028, 421, 3, 'lorem ipsem', 'lorem ipsem'),
(1029, 421, 2, 'lorem ipsem', 'lorem ipsem'),
(1030, 422, 1, 'lorem ipsem', 'lorem ipsem'),
(1031, 422, 3, 'lorem ipsem', 'lorem ipsem'),
(1032, 422, 3, 'lorem ipsem', 'lorem ipsem'),
(1033, 422, 3, 'lorem ipsem', 'lorem ipsem'),
(1034, 422, 2, 'lorem ipsem', 'lorem ipsem'),
(1035, 423, 3, 'lorem ipsem', 'lorem ipsem'),
(1036, 424, 1, 'lorem ipsem', 'lorem ipsem'),
(1037, 424, 3, 'lorem ipsem', 'lorem ipsem'),
(1038, 424, 2, 'lorem ipsem', 'lorem ipsem'),
(1039, 424, 2, 'lorem ipsem', 'lorem ipsem'),
(1040, 424, 1, 'lorem ipsem', 'lorem ipsem'),
(1041, 425, 2, 'lorem ipsem', 'lorem ipsem'),
(1042, 426, 2, 'lorem ipsem', 'lorem ipsem'),
(1043, 426, 2, 'lorem ipsem', 'lorem ipsem'),
(1044, 426, 3, 'lorem ipsem', 'lorem ipsem'),
(1045, 426, 2, 'lorem ipsem', 'lorem ipsem'),
(1046, 426, 3, 'lorem ipsem', 'lorem ipsem'),
(1047, 427, 2, 'lorem ipsem', 'lorem ipsem'),
(1048, 427, 3, 'lorem ipsem', 'lorem ipsem'),
(1049, 427, 3, 'lorem ipsem', 'lorem ipsem'),
(1050, 427, 3, 'lorem ipsem', 'lorem ipsem'),
(1051, 429, 3, 'lorem ipsem', 'lorem ipsem'),
(1052, 430, 1, 'lorem ipsem', 'lorem ipsem'),
(1053, 430, 1, 'lorem ipsem', 'lorem ipsem'),
(1054, 430, 3, 'lorem ipsem', 'lorem ipsem'),
(1055, 430, 2, 'lorem ipsem', 'lorem ipsem'),
(1056, 430, 3, 'lorem ipsem', 'lorem ipsem'),
(1057, 431, 2, 'lorem ipsem', 'lorem ipsem'),
(1058, 431, 2, 'lorem ipsem', 'lorem ipsem'),
(1059, 432, 1, 'lorem ipsem', 'lorem ipsem'),
(1060, 433, 3, 'lorem ipsem', 'lorem ipsem'),
(1061, 433, 1, 'lorem ipsem', 'lorem ipsem'),
(1062, 434, 1, 'lorem ipsem', 'lorem ipsem'),
(1063, 434, 2, 'lorem ipsem', 'lorem ipsem'),
(1064, 434, 2, 'lorem ipsem', 'lorem ipsem'),
(1065, 435, 1, 'lorem ipsem', 'lorem ipsem'),
(1066, 435, 3, 'lorem ipsem', 'lorem ipsem'),
(1067, 435, 3, 'lorem ipsem', 'lorem ipsem'),
(1068, 436, 2, 'lorem ipsem', 'lorem ipsem'),
(1069, 436, 1, 'lorem ipsem', 'lorem ipsem'),
(1070, 436, 1, 'lorem ipsem', 'lorem ipsem'),
(1071, 436, 1, 'lorem ipsem', 'lorem ipsem'),
(1072, 437, 3, 'lorem ipsem', 'lorem ipsem'),
(1073, 437, 2, 'lorem ipsem', 'lorem ipsem'),
(1074, 438, 1, 'lorem ipsem', 'lorem ipsem'),
(1075, 438, 3, 'lorem ipsem', 'lorem ipsem'),
(1076, 438, 3, 'lorem ipsem', 'lorem ipsem'),
(1077, 438, 2, 'lorem ipsem', 'lorem ipsem'),
(1078, 439, 2, 'lorem ipsem', 'lorem ipsem'),
(1079, 439, 3, 'lorem ipsem', 'lorem ipsem'),
(1080, 439, 1, 'lorem ipsem', 'lorem ipsem'),
(1081, 440, 2, 'lorem ipsem', 'lorem ipsem'),
(1082, 440, 1, 'lorem ipsem', 'lorem ipsem'),
(1083, 442, 3, 'lorem ipsem', 'lorem ipsem'),
(1084, 442, 2, 'lorem ipsem', 'lorem ipsem'),
(1085, 442, 2, 'lorem ipsem', 'lorem ipsem'),
(1086, 442, 2, 'lorem ipsem', 'lorem ipsem'),
(1087, 442, 3, 'lorem ipsem', 'lorem ipsem'),
(1088, 443, 2, 'lorem ipsem', 'lorem ipsem'),
(1089, 443, 3, 'lorem ipsem', 'lorem ipsem'),
(1090, 443, 2, 'lorem ipsem', 'lorem ipsem'),
(1091, 444, 1, 'lorem ipsem', 'lorem ipsem'),
(1092, 444, 1, 'lorem ipsem', 'lorem ipsem'),
(1093, 445, 1, 'lorem ipsem', 'lorem ipsem'),
(1094, 445, 2, 'lorem ipsem', 'lorem ipsem'),
(1095, 445, 3, 'lorem ipsem', 'lorem ipsem'),
(1096, 446, 3, 'lorem ipsem', 'lorem ipsem'),
(1097, 447, 3, 'lorem ipsem', 'lorem ipsem'),
(1098, 447, 3, 'lorem ipsem', 'lorem ipsem'),
(1099, 448, 2, 'lorem ipsem', 'lorem ipsem'),
(1100, 448, 1, 'lorem ipsem', 'lorem ipsem'),
(1101, 448, 3, 'lorem ipsem', 'lorem ipsem'),
(1102, 449, 1, 'lorem ipsem', 'lorem ipsem'),
(1103, 449, 3, 'lorem ipsem', 'lorem ipsem'),
(1104, 449, 2, 'lorem ipsem', 'lorem ipsem'),
(1105, 450, 3, 'lorem ipsem', 'lorem ipsem'),
(1106, 450, 3, 'lorem ipsem', 'lorem ipsem'),
(1107, 453, 1, 'lorem ipsem', 'lorem ipsem'),
(1108, 453, 3, 'lorem ipsem', 'lorem ipsem'),
(1109, 454, 1, 'lorem ipsem', 'lorem ipsem'),
(1110, 454, 1, 'lorem ipsem', 'lorem ipsem'),
(1111, 455, 2, 'lorem ipsem', 'lorem ipsem'),
(1112, 455, 3, 'lorem ipsem', 'lorem ipsem'),
(1113, 456, 2, 'lorem ipsem', 'lorem ipsem'),
(1114, 457, 1, 'lorem ipsem', 'lorem ipsem'),
(1115, 457, 3, 'lorem ipsem', 'lorem ipsem'),
(1116, 457, 2, 'lorem ipsem', 'lorem ipsem'),
(1117, 457, 1, 'lorem ipsem', 'lorem ipsem'),
(1118, 458, 2, 'lorem ipsem', 'lorem ipsem'),
(1119, 458, 3, 'lorem ipsem', 'lorem ipsem'),
(1120, 462, 1, 'lorem ipsem', 'lorem ipsem'),
(1121, 462, 1, 'lorem ipsem', 'lorem ipsem'),
(1122, 462, 3, 'lorem ipsem', 'lorem ipsem'),
(1123, 462, 3, 'lorem ipsem', 'lorem ipsem'),
(1124, 463, 1, 'lorem ipsem', 'lorem ipsem'),
(1125, 464, 2, 'lorem ipsem', 'lorem ipsem'),
(1126, 464, 2, 'lorem ipsem', 'lorem ipsem'),
(1127, 464, 2, 'lorem ipsem', 'lorem ipsem'),
(1128, 466, 1, 'lorem ipsem', 'lorem ipsem'),
(1129, 467, 1, 'lorem ipsem', 'lorem ipsem'),
(1130, 467, 2, 'lorem ipsem', 'lorem ipsem'),
(1131, 467, 1, 'lorem ipsem', 'lorem ipsem'),
(1132, 467, 3, 'lorem ipsem', 'lorem ipsem'),
(1133, 467, 3, 'lorem ipsem', 'lorem ipsem'),
(1134, 468, 3, 'lorem ipsem', 'lorem ipsem'),
(1135, 468, 3, 'lorem ipsem', 'lorem ipsem'),
(1136, 468, 1, 'lorem ipsem', 'lorem ipsem'),
(1137, 469, 3, 'lorem ipsem', 'lorem ipsem'),
(1138, 469, 1, 'lorem ipsem', 'lorem ipsem'),
(1139, 469, 3, 'lorem ipsem', 'lorem ipsem'),
(1140, 470, 2, 'lorem ipsem', 'lorem ipsem'),
(1141, 471, 1, 'lorem ipsem', 'lorem ipsem'),
(1142, 472, 2, 'lorem ipsem', 'lorem ipsem'),
(1143, 472, 1, 'lorem ipsem', 'lorem ipsem'),
(1144, 472, 3, 'lorem ipsem', 'lorem ipsem'),
(1145, 472, 1, 'lorem ipsem', 'lorem ipsem'),
(1146, 472, 3, 'lorem ipsem', 'lorem ipsem'),
(1147, 476, 2, 'lorem ipsem', 'lorem ipsem'),
(1148, 476, 2, 'lorem ipsem', 'lorem ipsem'),
(1149, 477, 2, 'lorem ipsem', 'lorem ipsem'),
(1150, 477, 3, 'lorem ipsem', 'lorem ipsem'),
(1151, 477, 2, 'lorem ipsem', 'lorem ipsem'),
(1152, 477, 3, 'lorem ipsem', 'lorem ipsem'),
(1153, 477, 2, 'lorem ipsem', 'lorem ipsem'),
(1154, 478, 3, 'lorem ipsem', 'lorem ipsem'),
(1155, 478, 2, 'lorem ipsem', 'lorem ipsem'),
(1156, 478, 2, 'lorem ipsem', 'lorem ipsem'),
(1157, 478, 2, 'lorem ipsem', 'lorem ipsem'),
(1158, 478, 1, 'lorem ipsem', 'lorem ipsem'),
(1159, 479, 1, 'lorem ipsem', 'lorem ipsem'),
(1160, 479, 1, 'lorem ipsem', 'lorem ipsem'),
(1161, 479, 1, 'lorem ipsem', 'lorem ipsem'),
(1162, 479, 2, 'lorem ipsem', 'lorem ipsem'),
(1163, 479, 1, 'lorem ipsem', 'lorem ipsem'),
(1164, 480, 1, 'lorem ipsem', 'lorem ipsem'),
(1165, 481, 2, 'lorem ipsem', 'lorem ipsem'),
(1166, 481, 3, 'lorem ipsem', 'lorem ipsem'),
(1167, 482, 2, 'lorem ipsem', 'lorem ipsem'),
(1168, 482, 3, 'lorem ipsem', 'lorem ipsem'),
(1169, 482, 3, 'lorem ipsem', 'lorem ipsem'),
(1170, 482, 3, 'lorem ipsem', 'lorem ipsem'),
(1171, 484, 1, 'lorem ipsem', 'lorem ipsem'),
(1172, 484, 2, 'lorem ipsem', 'lorem ipsem'),
(1173, 485, 2, 'lorem ipsem', 'lorem ipsem'),
(1174, 485, 1, 'lorem ipsem', 'lorem ipsem'),
(1175, 485, 2, 'lorem ipsem', 'lorem ipsem'),
(1176, 485, 3, 'lorem ipsem', 'lorem ipsem'),
(1177, 486, 1, 'lorem ipsem', 'lorem ipsem'),
(1178, 486, 2, 'lorem ipsem', 'lorem ipsem'),
(1179, 486, 3, 'lorem ipsem', 'lorem ipsem'),
(1180, 487, 2, 'lorem ipsem', 'lorem ipsem'),
(1181, 487, 1, 'lorem ipsem', 'lorem ipsem'),
(1182, 487, 3, 'lorem ipsem', 'lorem ipsem'),
(1183, 493, 2, 'lorem ipsem', 'lorem ipsem'),
(1184, 493, 1, 'lorem ipsem', 'lorem ipsem'),
(1185, 493, 3, 'lorem ipsem', 'lorem ipsem'),
(1186, 494, 3, 'lorem ipsem', 'lorem ipsem'),
(1187, 494, 1, 'lorem ipsem', 'lorem ipsem'),
(1188, 494, 2, 'lorem ipsem', 'lorem ipsem'),
(1189, 494, 2, 'lorem ipsem', 'lorem ipsem'),
(1190, 494, 1, 'lorem ipsem', 'lorem ipsem'),
(1191, 495, 2, 'lorem ipsem', 'lorem ipsem'),
(1192, 495, 2, 'lorem ipsem', 'lorem ipsem'),
(1193, 495, 3, 'lorem ipsem', 'lorem ipsem'),
(1194, 496, 3, 'lorem ipsem', 'lorem ipsem'),
(1195, 496, 2, 'lorem ipsem', 'lorem ipsem'),
(1196, 496, 1, 'lorem ipsem', 'lorem ipsem'),
(1197, 497, 3, 'lorem ipsem', 'lorem ipsem'),
(1198, 497, 2, 'lorem ipsem', 'lorem ipsem'),
(1199, 497, 2, 'lorem ipsem', 'lorem ipsem'),
(1200, 498, 3, 'lorem ipsem', 'lorem ipsem'),
(1201, 498, 3, 'lorem ipsem', 'lorem ipsem'),
(1202, 498, 2, 'lorem ipsem', 'lorem ipsem'),
(1203, 498, 3, 'lorem ipsem', 'lorem ipsem'),
(1204, 498, 3, 'lorem ipsem', 'lorem ipsem'),
(1205, 499, 1, 'lorem ipsem', 'lorem ipsem'),
(1206, 500, 1, 'lorem ipsem', 'lorem ipsem'),
(1207, 500, 3, 'lorem ipsem', 'lorem ipsem'),
(1208, 500, 2, 'lorem ipsem', 'lorem ipsem'),
(1209, 500, 3, 'lorem ipsem', 'lorem ipsem'),
(1210, 501, 3, 'lorem ipsem', 'lorem ipsem'),
(1211, 501, 2, 'lorem ipsem', 'lorem ipsem'),
(1212, 501, 3, 'lorem ipsem', 'lorem ipsem'),
(1213, 501, 3, 'lorem ipsem', 'lorem ipsem'),
(1214, 501, 2, 'lorem ipsem', 'lorem ipsem'),
(1215, 502, 3, 'lorem ipsem', 'lorem ipsem'),
(1216, 502, 2, 'lorem ipsem', 'lorem ipsem'),
(1217, 502, 1, 'lorem ipsem', 'lorem ipsem'),
(1218, 502, 1, 'lorem ipsem', 'lorem ipsem'),
(1219, 502, 2, 'lorem ipsem', 'lorem ipsem'),
(1220, 503, 2, 'lorem ipsem', 'lorem ipsem'),
(1221, 503, 3, 'lorem ipsem', 'lorem ipsem'),
(1222, 504, 1, 'lorem ipsem', 'lorem ipsem'),
(1223, 505, 1, 'lorem ipsem', 'lorem ipsem'),
(1224, 505, 2, 'lorem ipsem', 'lorem ipsem'),
(1225, 505, 3, 'lorem ipsem', 'lorem ipsem'),
(1226, 505, 2, 'lorem ipsem', 'lorem ipsem'),
(1227, 505, 1, 'lorem ipsem', 'lorem ipsem'),
(1228, 506, 2, 'lorem ipsem', 'lorem ipsem'),
(1229, 506, 2, 'lorem ipsem', 'lorem ipsem'),
(1230, 506, 2, 'lorem ipsem', 'lorem ipsem'),
(1231, 507, 3, 'lorem ipsem', 'lorem ipsem'),
(1232, 507, 1, 'lorem ipsem', 'lorem ipsem'),
(1233, 507, 2, 'lorem ipsem', 'lorem ipsem'),
(1234, 507, 1, 'lorem ipsem', 'lorem ipsem'),
(1235, 507, 1, 'lorem ipsem', 'lorem ipsem'),
(1236, 508, 1, 'lorem ipsem', 'lorem ipsem'),
(1237, 509, 2, 'lorem ipsem', 'lorem ipsem'),
(1238, 509, 1, 'lorem ipsem', 'lorem ipsem'),
(1239, 509, 1, 'lorem ipsem', 'lorem ipsem'),
(1240, 509, 2, 'lorem ipsem', 'lorem ipsem'),
(1241, 509, 3, 'lorem ipsem', 'lorem ipsem'),
(1242, 510, 1, 'lorem ipsem', 'lorem ipsem'),
(1243, 510, 1, 'lorem ipsem', 'lorem ipsem'),
(1244, 510, 1, 'lorem ipsem', 'lorem ipsem'),
(1245, 510, 1, 'lorem ipsem', 'lorem ipsem'),
(1246, 510, 2, 'lorem ipsem', 'lorem ipsem'),
(1247, 511, 1, 'lorem ipsem', 'lorem ipsem'),
(1248, 511, 3, 'lorem ipsem', 'lorem ipsem'),
(1249, 511, 3, 'lorem ipsem', 'lorem ipsem'),
(1250, 511, 2, 'lorem ipsem', 'lorem ipsem'),
(1251, 512, 3, 'lorem ipsem', 'lorem ipsem'),
(1252, 513, 2, 'lorem ipsem', 'lorem ipsem'),
(1253, 513, 3, 'lorem ipsem', 'lorem ipsem'),
(1254, 513, 3, 'lorem ipsem', 'lorem ipsem'),
(1255, 514, 2, 'lorem ipsem', 'lorem ipsem'),
(1256, 514, 2, 'lorem ipsem', 'lorem ipsem'),
(1257, 515, 3, 'lorem ipsem', 'lorem ipsem'),
(1258, 515, 1, 'lorem ipsem', 'lorem ipsem'),
(1259, 515, 1, 'lorem ipsem', 'lorem ipsem'),
(1260, 515, 1, 'lorem ipsem', 'lorem ipsem'),
(1261, 516, 1, 'lorem ipsem', 'lorem ipsem'),
(1262, 516, 2, 'lorem ipsem', 'lorem ipsem'),
(1263, 516, 2, 'lorem ipsem', 'lorem ipsem'),
(1264, 516, 2, 'lorem ipsem', 'lorem ipsem'),
(1265, 516, 1, 'lorem ipsem', 'lorem ipsem'),
(1266, 518, 2, 'lorem ipsem', 'lorem ipsem'),
(1267, 518, 3, 'lorem ipsem', 'lorem ipsem'),
(1268, 519, 3, 'lorem ipsem', 'lorem ipsem'),
(1269, 519, 1, 'lorem ipsem', 'lorem ipsem'),
(1270, 520, 2, 'lorem ipsem', 'lorem ipsem'),
(1271, 520, 3, 'lorem ipsem', 'lorem ipsem'),
(1272, 520, 1, 'lorem ipsem', 'lorem ipsem'),
(1273, 520, 1, 'lorem ipsem', 'lorem ipsem'),
(1274, 520, 3, 'lorem ipsem', 'lorem ipsem'),
(1275, 522, 2, 'lorem ipsem', 'lorem ipsem'),
(1276, 522, 2, 'lorem ipsem', 'lorem ipsem'),
(1277, 522, 3, 'lorem ipsem', 'lorem ipsem'),
(1278, 522, 1, 'lorem ipsem', 'lorem ipsem'),
(1279, 523, 1, 'lorem ipsem', 'lorem ipsem'),
(1280, 523, 1, 'lorem ipsem', 'lorem ipsem'),
(1281, 524, 3, 'lorem ipsem', 'lorem ipsem'),
(1282, 524, 2, 'lorem ipsem', 'lorem ipsem'),
(1283, 524, 2, 'lorem ipsem', 'lorem ipsem'),
(1284, 526, 1, 'lorem ipsem', 'lorem ipsem'),
(1285, 526, 1, 'lorem ipsem', 'lorem ipsem'),
(1286, 526, 1, 'lorem ipsem', 'lorem ipsem'),
(1287, 526, 1, 'lorem ipsem', 'lorem ipsem'),
(1288, 526, 2, 'lorem ipsem', 'lorem ipsem'),
(1289, 527, 3, 'lorem ipsem', 'lorem ipsem'),
(1290, 527, 3, 'lorem ipsem', 'lorem ipsem'),
(1291, 527, 1, 'lorem ipsem', 'lorem ipsem'),
(1292, 527, 1, 'lorem ipsem', 'lorem ipsem'),
(1293, 527, 1, 'lorem ipsem', 'lorem ipsem'),
(1294, 528, 3, 'lorem ipsem', 'lorem ipsem'),
(1295, 528, 3, 'lorem ipsem', 'lorem ipsem'),
(1296, 528, 1, 'lorem ipsem', 'lorem ipsem'),
(1297, 530, 1, 'lorem ipsem', 'lorem ipsem'),
(1298, 531, 3, 'lorem ipsem', 'lorem ipsem'),
(1299, 531, 1, 'lorem ipsem', 'lorem ipsem'),
(1300, 531, 3, 'lorem ipsem', 'lorem ipsem'),
(1301, 531, 1, 'lorem ipsem', 'lorem ipsem'),
(1302, 531, 1, 'lorem ipsem', 'lorem ipsem'),
(1303, 532, 1, 'lorem ipsem', 'lorem ipsem'),
(1304, 532, 2, 'lorem ipsem', 'lorem ipsem'),
(1305, 533, 2, 'lorem ipsem', 'lorem ipsem'),
(1306, 533, 1, 'lorem ipsem', 'lorem ipsem'),
(1307, 533, 2, 'lorem ipsem', 'lorem ipsem'),
(1308, 534, 1, 'lorem ipsem', 'lorem ipsem'),
(1309, 534, 2, 'lorem ipsem', 'lorem ipsem'),
(1310, 534, 3, 'lorem ipsem', 'lorem ipsem'),
(1311, 534, 3, 'lorem ipsem', 'lorem ipsem'),
(1312, 535, 2, 'lorem ipsem', 'lorem ipsem'),
(1313, 536, 3, 'lorem ipsem', 'lorem ipsem'),
(1314, 536, 1, 'lorem ipsem', 'lorem ipsem'),
(1315, 536, 1, 'lorem ipsem', 'lorem ipsem'),
(1316, 536, 2, 'lorem ipsem', 'lorem ipsem'),
(1317, 537, 2, 'lorem ipsem', 'lorem ipsem'),
(1318, 537, 2, 'lorem ipsem', 'lorem ipsem'),
(1319, 537, 2, 'lorem ipsem', 'lorem ipsem'),
(1320, 538, 1, 'lorem ipsem', 'lorem ipsem'),
(1321, 538, 3, 'lorem ipsem', 'lorem ipsem'),
(1322, 538, 2, 'lorem ipsem', 'lorem ipsem'),
(1323, 538, 1, 'lorem ipsem', 'lorem ipsem'),
(1324, 538, 2, 'lorem ipsem', 'lorem ipsem'),
(1325, 539, 3, 'lorem ipsem', 'lorem ipsem'),
(1326, 539, 2, 'lorem ipsem', 'lorem ipsem'),
(1327, 540, 2, 'lorem ipsem', 'lorem ipsem'),
(1328, 541, 3, 'lorem ipsem', 'lorem ipsem'),
(1329, 541, 2, 'lorem ipsem', 'lorem ipsem'),
(1330, 541, 2, 'lorem ipsem', 'lorem ipsem'),
(1331, 541, 1, 'lorem ipsem', 'lorem ipsem'),
(1332, 543, 3, 'lorem ipsem', 'lorem ipsem'),
(1333, 544, 3, 'lorem ipsem', 'lorem ipsem'),
(1334, 544, 3, 'lorem ipsem', 'lorem ipsem'),
(1335, 544, 2, 'lorem ipsem', 'lorem ipsem'),
(1336, 546, 2, 'lorem ipsem', 'lorem ipsem'),
(1337, 546, 2, 'lorem ipsem', 'lorem ipsem'),
(1338, 546, 2, 'lorem ipsem', 'lorem ipsem'),
(1339, 546, 2, 'lorem ipsem', 'lorem ipsem'),
(1340, 546, 2, 'lorem ipsem', 'lorem ipsem'),
(1341, 547, 3, 'lorem ipsem', 'lorem ipsem'),
(1342, 548, 2, 'lorem ipsem', 'lorem ipsem'),
(1343, 548, 2, 'lorem ipsem', 'lorem ipsem'),
(1344, 550, 2, 'lorem ipsem', 'lorem ipsem'),
(1345, 550, 2, 'lorem ipsem', 'lorem ipsem'),
(1346, 552, 2, 'lorem ipsem', 'lorem ipsem'),
(1347, 552, 3, 'lorem ipsem', 'lorem ipsem'),
(1348, 552, 1, 'lorem ipsem', 'lorem ipsem'),
(1349, 552, 3, 'lorem ipsem', 'lorem ipsem'),
(1350, 554, 3, 'lorem ipsem', 'lorem ipsem'),
(1351, 554, 2, 'lorem ipsem', 'lorem ipsem'),
(1352, 554, 3, 'lorem ipsem', 'lorem ipsem'),
(1353, 554, 2, 'lorem ipsem', 'lorem ipsem'),
(1354, 555, 1, 'lorem ipsem', 'lorem ipsem'),
(1355, 555, 3, 'lorem ipsem', 'lorem ipsem'),
(1356, 555, 3, 'lorem ipsem', 'lorem ipsem'),
(1357, 555, 1, 'lorem ipsem', 'lorem ipsem'),
(1358, 557, 3, 'lorem ipsem', 'lorem ipsem'),
(1359, 557, 3, 'lorem ipsem', 'lorem ipsem'),
(1360, 557, 1, 'lorem ipsem', 'lorem ipsem'),
(1361, 557, 3, 'lorem ipsem', 'lorem ipsem'),
(1362, 557, 2, 'lorem ipsem', 'lorem ipsem'),
(1363, 558, 2, 'lorem ipsem', 'lorem ipsem'),
(1364, 558, 3, 'lorem ipsem', 'lorem ipsem'),
(1365, 558, 1, 'lorem ipsem', 'lorem ipsem'),
(1366, 558, 3, 'lorem ipsem', 'lorem ipsem'),
(1367, 558, 2, 'lorem ipsem', 'lorem ipsem'),
(1368, 560, 3, 'lorem ipsem', 'lorem ipsem'),
(1369, 560, 3, 'lorem ipsem', 'lorem ipsem'),
(1370, 561, 2, 'lorem ipsem', 'lorem ipsem'),
(1371, 562, 2, 'lorem ipsem', 'lorem ipsem'),
(1372, 562, 1, 'lorem ipsem', 'lorem ipsem'),
(1373, 562, 2, 'lorem ipsem', 'lorem ipsem'),
(1374, 563, 3, 'lorem ipsem', 'lorem ipsem'),
(1375, 563, 2, 'lorem ipsem', 'lorem ipsem'),
(1376, 563, 2, 'lorem ipsem', 'lorem ipsem'),
(1377, 563, 3, 'lorem ipsem', 'lorem ipsem'),
(1378, 564, 1, 'lorem ipsem', 'lorem ipsem'),
(1379, 564, 2, 'lorem ipsem', 'lorem ipsem'),
(1380, 564, 2, 'lorem ipsem', 'lorem ipsem'),
(1381, 564, 3, 'lorem ipsem', 'lorem ipsem'),
(1382, 565, 1, 'lorem ipsem', 'lorem ipsem'),
(1383, 566, 3, 'lorem ipsem', 'lorem ipsem'),
(1384, 566, 2, 'lorem ipsem', 'lorem ipsem'),
(1385, 567, 2, 'lorem ipsem', 'lorem ipsem'),
(1386, 568, 3, 'lorem ipsem', 'lorem ipsem'),
(1387, 568, 3, 'lorem ipsem', 'lorem ipsem'),
(1388, 568, 3, 'lorem ipsem', 'lorem ipsem'),
(1389, 569, 3, 'lorem ipsem', 'lorem ipsem'),
(1390, 569, 2, 'lorem ipsem', 'lorem ipsem'),
(1391, 569, 1, 'lorem ipsem', 'lorem ipsem'),
(1392, 569, 3, 'lorem ipsem', 'lorem ipsem'),
(1393, 570, 1, 'lorem ipsem', 'lorem ipsem'),
(1394, 570, 2, 'lorem ipsem', 'lorem ipsem'),
(1395, 570, 1, 'lorem ipsem', 'lorem ipsem'),
(1396, 571, 3, 'lorem ipsem', 'lorem ipsem'),
(1397, 571, 3, 'lorem ipsem', 'lorem ipsem'),
(1398, 571, 2, 'lorem ipsem', 'lorem ipsem'),
(1399, 571, 1, 'lorem ipsem', 'lorem ipsem'),
(1400, 572, 1, 'lorem ipsem', 'lorem ipsem'),
(1401, 572, 1, 'lorem ipsem', 'lorem ipsem'),
(1402, 572, 2, 'lorem ipsem', 'lorem ipsem'),
(1403, 573, 2, 'lorem ipsem', 'lorem ipsem'),
(1404, 573, 2, 'lorem ipsem', 'lorem ipsem'),
(1405, 573, 2, 'lorem ipsem', 'lorem ipsem'),
(1406, 573, 3, 'lorem ipsem', 'lorem ipsem'),
(1407, 575, 3, 'lorem ipsem', 'lorem ipsem'),
(1408, 575, 2, 'lorem ipsem', 'lorem ipsem'),
(1409, 575, 2, 'lorem ipsem', 'lorem ipsem'),
(1410, 575, 1, 'lorem ipsem', 'lorem ipsem'),
(1411, 575, 3, 'lorem ipsem', 'lorem ipsem'),
(1412, 576, 3, 'lorem ipsem', 'lorem ipsem'),
(1413, 577, 2, 'lorem ipsem', 'lorem ipsem'),
(1414, 577, 1, 'lorem ipsem', 'lorem ipsem'),
(1415, 577, 2, 'lorem ipsem', 'lorem ipsem'),
(1416, 577, 1, 'lorem ipsem', 'lorem ipsem'),
(1417, 578, 3, 'lorem ipsem', 'lorem ipsem'),
(1418, 578, 2, 'lorem ipsem', 'lorem ipsem'),
(1419, 578, 1, 'lorem ipsem', 'lorem ipsem'),
(1420, 578, 1, 'lorem ipsem', 'lorem ipsem'),
(1421, 579, 2, 'lorem ipsem', 'lorem ipsem'),
(1422, 579, 3, 'lorem ipsem', 'lorem ipsem'),
(1423, 580, 1, 'lorem ipsem', 'lorem ipsem'),
(1424, 580, 1, 'lorem ipsem', 'lorem ipsem'),
(1425, 580, 2, 'lorem ipsem', 'lorem ipsem'),
(1426, 580, 3, 'lorem ipsem', 'lorem ipsem'),
(1427, 580, 2, 'lorem ipsem', 'lorem ipsem'),
(1428, 581, 3, 'lorem ipsem', 'lorem ipsem'),
(1429, 581, 2, 'lorem ipsem', 'lorem ipsem'),
(1430, 581, 2, 'lorem ipsem', 'lorem ipsem'),
(1431, 581, 3, 'lorem ipsem', 'lorem ipsem'),
(1432, 582, 1, 'lorem ipsem', 'lorem ipsem'),
(1433, 582, 1, 'lorem ipsem', 'lorem ipsem'),
(1434, 582, 2, 'lorem ipsem', 'lorem ipsem'),
(1435, 582, 1, 'lorem ipsem', 'lorem ipsem'),
(1436, 583, 2, 'lorem ipsem', 'lorem ipsem'),
(1437, 583, 3, 'lorem ipsem', 'lorem ipsem'),
(1438, 583, 2, 'lorem ipsem', 'lorem ipsem'),
(1439, 584, 3, 'lorem ipsem', 'lorem ipsem'),
(1440, 584, 3, 'lorem ipsem', 'lorem ipsem'),
(1441, 584, 2, 'lorem ipsem', 'lorem ipsem'),
(1442, 586, 1, 'lorem ipsem', 'lorem ipsem'),
(1443, 586, 1, 'lorem ipsem', 'lorem ipsem'),
(1444, 586, 1, 'lorem ipsem', 'lorem ipsem'),
(1445, 586, 3, 'lorem ipsem', 'lorem ipsem'),
(1446, 587, 1, 'lorem ipsem', 'lorem ipsem'),
(1447, 587, 1, 'lorem ipsem', 'lorem ipsem'),
(1448, 587, 1, 'lorem ipsem', 'lorem ipsem'),
(1449, 587, 1, 'lorem ipsem', 'lorem ipsem'),
(1450, 588, 3, 'lorem ipsem', 'lorem ipsem'),
(1451, 588, 2, 'lorem ipsem', 'lorem ipsem'),
(1452, 588, 1, 'lorem ipsem', 'lorem ipsem'),
(1453, 588, 1, 'lorem ipsem', 'lorem ipsem'),
(1454, 591, 2, 'lorem ipsem', 'lorem ipsem'),
(1455, 591, 2, 'lorem ipsem', 'lorem ipsem'),
(1456, 591, 3, 'lorem ipsem', 'lorem ipsem'),
(1457, 592, 2, 'lorem ipsem', 'lorem ipsem'),
(1458, 592, 1, 'lorem ipsem', 'lorem ipsem'),
(1459, 593, 3, 'lorem ipsem', 'lorem ipsem'),
(1460, 593, 1, 'lorem ipsem', 'lorem ipsem'),
(1461, 594, 3, 'lorem ipsem', 'lorem ipsem'),
(1462, 594, 2, 'lorem ipsem', 'lorem ipsem'),
(1463, 595, 2, 'lorem ipsem', 'lorem ipsem'),
(1464, 595, 2, 'lorem ipsem', 'lorem ipsem'),
(1465, 595, 1, 'lorem ipsem', 'lorem ipsem'),
(1466, 595, 1, 'lorem ipsem', 'lorem ipsem'),
(1467, 595, 1, 'lorem ipsem', 'lorem ipsem'),
(1468, 596, 3, 'lorem ipsem', 'lorem ipsem'),
(1469, 596, 3, 'lorem ipsem', 'lorem ipsem'),
(1470, 596, 2, 'lorem ipsem', 'lorem ipsem'),
(1471, 597, 2, 'lorem ipsem', 'lorem ipsem'),
(1472, 597, 1, 'lorem ipsem', 'lorem ipsem'),
(1473, 597, 2, 'lorem ipsem', 'lorem ipsem'),
(1474, 598, 3, 'lorem ipsem', 'lorem ipsem'),
(1475, 599, 2, 'lorem ipsem', 'lorem ipsem'),
(1476, 601, 1, 'lorem ipsem', 'lorem ipsem'),
(1477, 602, 1, 'lorem ipsem', 'lorem ipsem'),
(1478, 603, 2, 'lorem ipsem', 'lorem ipsem'),
(1479, 603, 1, 'lorem ipsem', 'lorem ipsem'),
(1480, 603, 3, 'lorem ipsem', 'lorem ipsem'),
(1481, 603, 1, 'lorem ipsem', 'lorem ipsem'),
(1482, 603, 3, 'lorem ipsem', 'lorem ipsem'),
(1483, 604, 1, 'lorem ipsem', 'lorem ipsem'),
(1484, 604, 1, 'lorem ipsem', 'lorem ipsem'),
(1485, 604, 1, 'lorem ipsem', 'lorem ipsem'),
(1486, 604, 1, 'lorem ipsem', 'lorem ipsem'),
(1487, 604, 1, 'lorem ipsem', 'lorem ipsem'),
(1488, 606, 3, 'lorem ipsem', 'lorem ipsem'),
(1489, 606, 3, 'lorem ipsem', 'lorem ipsem'),
(1490, 606, 2, 'lorem ipsem', 'lorem ipsem'),
(1491, 606, 2, 'lorem ipsem', 'lorem ipsem'),
(1492, 607, 3, 'lorem ipsem', 'lorem ipsem'),
(1493, 607, 3, 'lorem ipsem', 'lorem ipsem'),
(1494, 607, 3, 'lorem ipsem', 'lorem ipsem'),
(1495, 607, 3, 'lorem ipsem', 'lorem ipsem'),
(1496, 608, 1, 'lorem ipsem', 'lorem ipsem'),
(1497, 608, 1, 'lorem ipsem', 'lorem ipsem'),
(1498, 609, 3, 'lorem ipsem', 'lorem ipsem'),
(1499, 610, 2, 'lorem ipsem', 'lorem ipsem'),
(1500, 610, 2, 'lorem ipsem', 'lorem ipsem'),
(1501, 610, 3, 'lorem ipsem', 'lorem ipsem'),
(1502, 610, 3, 'lorem ipsem', 'lorem ipsem'),
(1503, 610, 2, 'lorem ipsem', 'lorem ipsem'),
(1504, 611, 3, 'lorem ipsem', 'lorem ipsem'),
(1505, 611, 2, 'lorem ipsem', 'lorem ipsem'),
(1506, 611, 3, 'lorem ipsem', 'lorem ipsem'),
(1507, 611, 1, 'lorem ipsem', 'lorem ipsem'),
(1508, 612, 2, 'lorem ipsem', 'lorem ipsem'),
(1509, 612, 1, 'lorem ipsem', 'lorem ipsem'),
(1510, 612, 2, 'lorem ipsem', 'lorem ipsem'),
(1511, 612, 2, 'lorem ipsem', 'lorem ipsem'),
(1512, 613, 2, 'lorem ipsem', 'lorem ipsem'),
(1513, 613, 3, 'lorem ipsem', 'lorem ipsem'),
(1514, 614, 3, 'lorem ipsem', 'lorem ipsem'),
(1515, 614, 2, 'lorem ipsem', 'lorem ipsem'),
(1516, 614, 1, 'lorem ipsem', 'lorem ipsem'),
(1517, 614, 2, 'lorem ipsem', 'lorem ipsem'),
(1518, 614, 1, 'lorem ipsem', 'lorem ipsem'),
(1519, 615, 3, 'lorem ipsem', 'lorem ipsem'),
(1520, 616, 1, 'lorem ipsem', 'lorem ipsem'),
(1521, 616, 3, 'lorem ipsem', 'lorem ipsem'),
(1522, 616, 2, 'lorem ipsem', 'lorem ipsem'),
(1523, 616, 3, 'lorem ipsem', 'lorem ipsem'),
(1524, 616, 3, 'lorem ipsem', 'lorem ipsem'),
(1525, 617, 3, 'lorem ipsem', 'lorem ipsem'),
(1526, 617, 2, 'lorem ipsem', 'lorem ipsem'),
(1527, 617, 2, 'lorem ipsem', 'lorem ipsem'),
(1528, 618, 1, 'lorem ipsem', 'lorem ipsem'),
(1529, 619, 3, 'lorem ipsem', 'lorem ipsem'),
(1530, 619, 3, 'lorem ipsem', 'lorem ipsem'),
(1531, 619, 3, 'lorem ipsem', 'lorem ipsem'),
(1532, 619, 1, 'lorem ipsem', 'lorem ipsem'),
(1533, 620, 1, 'lorem ipsem', 'lorem ipsem'),
(1534, 620, 3, 'lorem ipsem', 'lorem ipsem'),
(1535, 620, 3, 'lorem ipsem', 'lorem ipsem'),
(1536, 620, 2, 'lorem ipsem', 'lorem ipsem'),
(1537, 620, 1, 'lorem ipsem', 'lorem ipsem'),
(1538, 621, 2, 'lorem ipsem', 'lorem ipsem'),
(1539, 621, 2, 'lorem ipsem', 'lorem ipsem'),
(1540, 621, 2, 'lorem ipsem', 'lorem ipsem'),
(1541, 622, 1, 'lorem ipsem', 'lorem ipsem'),
(1542, 622, 1, 'lorem ipsem', 'lorem ipsem'),
(1543, 622, 2, 'lorem ipsem', 'lorem ipsem'),
(1544, 622, 3, 'lorem ipsem', 'lorem ipsem'),
(1545, 624, 3, 'lorem ipsem', 'lorem ipsem'),
(1546, 625, 2, 'lorem ipsem', 'lorem ipsem'),
(1547, 625, 1, 'lorem ipsem', 'lorem ipsem'),
(1548, 625, 2, 'lorem ipsem', 'lorem ipsem'),
(1549, 625, 2, 'lorem ipsem', 'lorem ipsem'),
(1550, 626, 2, 'lorem ipsem', 'lorem ipsem'),
(1551, 626, 1, 'lorem ipsem', 'lorem ipsem'),
(1552, 626, 1, 'lorem ipsem', 'lorem ipsem'),
(1553, 627, 2, 'lorem ipsem', 'lorem ipsem'),
(1554, 627, 3, 'lorem ipsem', 'lorem ipsem'),
(1555, 627, 3, 'lorem ipsem', 'lorem ipsem'),
(1556, 629, 1, 'lorem ipsem', 'lorem ipsem'),
(1557, 629, 3, 'lorem ipsem', 'lorem ipsem'),
(1558, 629, 1, 'lorem ipsem', 'lorem ipsem'),
(1559, 629, 3, 'lorem ipsem', 'lorem ipsem'),
(1560, 631, 1, 'lorem ipsem', 'lorem ipsem'),
(1561, 631, 2, 'lorem ipsem', 'lorem ipsem'),
(1562, 631, 3, 'lorem ipsem', 'lorem ipsem'),
(1563, 636, 1, 'lorem ipsem', 'lorem ipsem'),
(1564, 637, 3, 'lorem ipsem', 'lorem ipsem'),
(1565, 637, 2, 'lorem ipsem', 'lorem ipsem'),
(1566, 638, 3, 'lorem ipsem', 'lorem ipsem'),
(1567, 639, 3, 'lorem ipsem', 'lorem ipsem'),
(1568, 640, 2, 'lorem ipsem', 'lorem ipsem'),
(1569, 640, 1, 'lorem ipsem', 'lorem ipsem'),
(1570, 640, 2, 'lorem ipsem', 'lorem ipsem'),
(1571, 640, 1, 'lorem ipsem', 'lorem ipsem'),
(1572, 640, 3, 'lorem ipsem', 'lorem ipsem'),
(1573, 641, 1, 'lorem ipsem', 'lorem ipsem'),
(1574, 642, 2, 'lorem ipsem', 'lorem ipsem'),
(1575, 642, 1, 'lorem ipsem', 'lorem ipsem'),
(1576, 642, 1, 'lorem ipsem', 'lorem ipsem'),
(1577, 642, 3, 'lorem ipsem', 'lorem ipsem'),
(1578, 642, 1, 'lorem ipsem', 'lorem ipsem'),
(1579, 643, 2, 'lorem ipsem', 'lorem ipsem'),
(1580, 643, 2, 'lorem ipsem', 'lorem ipsem'),
(1581, 643, 2, 'lorem ipsem', 'lorem ipsem'),
(1582, 643, 3, 'lorem ipsem', 'lorem ipsem'),
(1583, 643, 3, 'lorem ipsem', 'lorem ipsem'),
(1584, 644, 1, 'lorem ipsem', 'lorem ipsem'),
(1585, 644, 1, 'lorem ipsem', 'lorem ipsem'),
(1586, 645, 1, 'lorem ipsem', 'lorem ipsem'),
(1587, 645, 1, 'lorem ipsem', 'lorem ipsem'),
(1588, 645, 3, 'lorem ipsem', 'lorem ipsem'),
(1589, 646, 1, 'lorem ipsem', 'lorem ipsem'),
(1590, 647, 2, 'lorem ipsem', 'lorem ipsem'),
(1591, 647, 3, 'lorem ipsem', 'lorem ipsem'),
(1592, 648, 2, 'lorem ipsem', 'lorem ipsem'),
(1593, 648, 1, 'lorem ipsem', 'lorem ipsem'),
(1594, 648, 2, 'lorem ipsem', 'lorem ipsem'),
(1595, 649, 2, 'lorem ipsem', 'lorem ipsem'),
(1596, 649, 2, 'lorem ipsem', 'lorem ipsem'),
(1597, 650, 2, 'lorem ipsem', 'lorem ipsem'),
(1598, 650, 1, 'lorem ipsem', 'lorem ipsem'),
(1599, 650, 2, 'lorem ipsem', 'lorem ipsem'),
(1600, 650, 2, 'lorem ipsem', 'lorem ipsem'),
(1601, 650, 3, 'lorem ipsem', 'lorem ipsem'),
(1602, 651, 1, 'lorem ipsem', 'lorem ipsem'),
(1603, 651, 3, 'lorem ipsem', 'lorem ipsem'),
(1604, 651, 2, 'lorem ipsem', 'lorem ipsem'),
(1605, 651, 2, 'lorem ipsem', 'lorem ipsem'),
(1606, 652, 2, 'lorem ipsem', 'lorem ipsem'),
(1607, 652, 1, 'lorem ipsem', 'lorem ipsem'),
(1608, 653, 3, 'lorem ipsem', 'lorem ipsem'),
(1609, 653, 3, 'lorem ipsem', 'lorem ipsem'),
(1610, 653, 2, 'lorem ipsem', 'lorem ipsem'),
(1611, 653, 2, 'lorem ipsem', 'lorem ipsem'),
(1612, 653, 3, 'lorem ipsem', 'lorem ipsem'),
(1613, 654, 1, 'lorem ipsem', 'lorem ipsem'),
(1614, 655, 3, 'lorem ipsem', 'lorem ipsem'),
(1615, 655, 2, 'lorem ipsem', 'lorem ipsem'),
(1616, 656, 2, 'lorem ipsem', 'lorem ipsem'),
(1617, 656, 2, 'lorem ipsem', 'lorem ipsem'),
(1618, 657, 3, 'lorem ipsem', 'lorem ipsem'),
(1619, 657, 3, 'lorem ipsem', 'lorem ipsem'),
(1620, 657, 2, 'lorem ipsem', 'lorem ipsem'),
(1621, 659, 1, 'lorem ipsem', 'lorem ipsem'),
(1622, 659, 2, 'lorem ipsem', 'lorem ipsem'),
(1623, 659, 3, 'lorem ipsem', 'lorem ipsem'),
(1624, 659, 3, 'lorem ipsem', 'lorem ipsem'),
(1625, 659, 3, 'lorem ipsem', 'lorem ipsem'),
(1626, 660, 1, 'lorem ipsem', 'lorem ipsem'),
(1627, 660, 3, 'lorem ipsem', 'lorem ipsem'),
(1628, 660, 1, 'lorem ipsem', 'lorem ipsem'),
(1629, 661, 1, 'lorem ipsem', 'lorem ipsem'),
(1630, 661, 2, 'lorem ipsem', 'lorem ipsem'),
(1631, 661, 2, 'lorem ipsem', 'lorem ipsem'),
(1632, 661, 1, 'lorem ipsem', 'lorem ipsem'),
(1633, 662, 1, 'lorem ipsem', 'lorem ipsem'),
(1634, 662, 3, 'lorem ipsem', 'lorem ipsem'),
(1635, 662, 2, 'lorem ipsem', 'lorem ipsem'),
(1636, 662, 3, 'lorem ipsem', 'lorem ipsem'),
(1637, 663, 2, 'lorem ipsem', 'lorem ipsem'),
(1638, 664, 2, 'lorem ipsem', 'lorem ipsem'),
(1639, 664, 1, 'lorem ipsem', 'lorem ipsem'),
(1640, 664, 3, 'lorem ipsem', 'lorem ipsem'),
(1641, 665, 3, 'lorem ipsem', 'lorem ipsem'),
(1642, 666, 2, 'lorem ipsem', 'lorem ipsem'),
(1643, 667, 1, 'lorem ipsem', 'lorem ipsem'),
(1644, 667, 1, 'lorem ipsem', 'lorem ipsem'),
(1645, 667, 3, 'lorem ipsem', 'lorem ipsem'),
(1646, 667, 1, 'lorem ipsem', 'lorem ipsem'),
(1647, 667, 1, 'lorem ipsem', 'lorem ipsem'),
(1648, 668, 1, 'lorem ipsem', 'lorem ipsem'),
(1649, 668, 2, 'lorem ipsem', 'lorem ipsem'),
(1650, 668, 1, 'lorem ipsem', 'lorem ipsem'),
(1651, 668, 3, 'lorem ipsem', 'lorem ipsem'),
(1652, 668, 2, 'lorem ipsem', 'lorem ipsem'),
(1653, 669, 3, 'lorem ipsem', 'lorem ipsem'),
(1654, 669, 1, 'lorem ipsem', 'lorem ipsem'),
(1655, 669, 3, 'lorem ipsem', 'lorem ipsem'),
(1656, 669, 1, 'lorem ipsem', 'lorem ipsem'),
(1657, 670, 3, 'lorem ipsem', 'lorem ipsem'),
(1658, 670, 2, 'lorem ipsem', 'lorem ipsem'),
(1659, 670, 1, 'lorem ipsem', 'lorem ipsem'),
(1660, 670, 1, 'lorem ipsem', 'lorem ipsem'),
(1661, 670, 2, 'lorem ipsem', 'lorem ipsem'),
(1662, 671, 1, 'lorem ipsem', 'lorem ipsem'),
(1663, 671, 3, 'lorem ipsem', 'lorem ipsem'),
(1664, 671, 3, 'lorem ipsem', 'lorem ipsem'),
(1665, 672, 3, 'lorem ipsem', 'lorem ipsem'),
(1666, 672, 2, 'lorem ipsem', 'lorem ipsem'),
(1667, 672, 3, 'lorem ipsem', 'lorem ipsem'),
(1668, 672, 3, 'lorem ipsem', 'lorem ipsem'),
(1669, 672, 3, 'lorem ipsem', 'lorem ipsem'),
(1670, 673, 2, 'lorem ipsem', 'lorem ipsem'),
(1671, 674, 3, 'lorem ipsem', 'lorem ipsem'),
(1672, 674, 3, 'lorem ipsem', 'lorem ipsem'),
(1673, 674, 1, 'lorem ipsem', 'lorem ipsem'),
(1674, 675, 3, 'lorem ipsem', 'lorem ipsem'),
(1675, 675, 2, 'lorem ipsem', 'lorem ipsem'),
(1676, 675, 3, 'lorem ipsem', 'lorem ipsem'),
(1677, 675, 3, 'lorem ipsem', 'lorem ipsem'),
(1678, 676, 1, 'lorem ipsem', 'lorem ipsem'),
(1679, 676, 3, 'lorem ipsem', 'lorem ipsem'),
(1680, 676, 3, 'lorem ipsem', 'lorem ipsem'),
(1681, 676, 1, 'lorem ipsem', 'lorem ipsem'),
(1682, 676, 1, 'lorem ipsem', 'lorem ipsem'),
(1683, 677, 3, 'lorem ipsem', 'lorem ipsem'),
(1684, 677, 3, 'lorem ipsem', 'lorem ipsem'),
(1685, 677, 2, 'lorem ipsem', 'lorem ipsem'),
(1686, 677, 1, 'lorem ipsem', 'lorem ipsem'),
(1687, 677, 3, 'lorem ipsem', 'lorem ipsem'),
(1688, 678, 1, 'lorem ipsem', 'lorem ipsem'),
(1689, 678, 1, 'lorem ipsem', 'lorem ipsem'),
(1690, 678, 1, 'lorem ipsem', 'lorem ipsem'),
(1691, 678, 3, 'lorem ipsem', 'lorem ipsem'),
(1692, 678, 3, 'lorem ipsem', 'lorem ipsem'),
(1693, 679, 3, 'lorem ipsem', 'lorem ipsem'),
(1694, 679, 2, 'lorem ipsem', 'lorem ipsem'),
(1695, 679, 3, 'lorem ipsem', 'lorem ipsem'),
(1696, 680, 3, 'lorem ipsem', 'lorem ipsem'),
(1697, 680, 1, 'lorem ipsem', 'lorem ipsem'),
(1698, 680, 3, 'lorem ipsem', 'lorem ipsem'),
(1699, 680, 3, 'lorem ipsem', 'lorem ipsem'),
(1700, 681, 2, 'lorem ipsem', 'lorem ipsem'),
(1701, 682, 2, 'lorem ipsem', 'lorem ipsem'),
(1702, 683, 1, 'lorem ipsem', 'lorem ipsem'),
(1703, 683, 2, 'lorem ipsem', 'lorem ipsem'),
(1704, 683, 3, 'lorem ipsem', 'lorem ipsem'),
(1705, 683, 1, 'lorem ipsem', 'lorem ipsem'),
(1706, 683, 2, 'lorem ipsem', 'lorem ipsem'),
(1707, 684, 2, 'lorem ipsem', 'lorem ipsem'),
(1708, 684, 2, 'lorem ipsem', 'lorem ipsem'),
(1709, 685, 1, 'lorem ipsem', 'lorem ipsem'),
(1710, 686, 1, 'lorem ipsem', 'lorem ipsem'),
(1711, 687, 2, 'lorem ipsem', 'lorem ipsem'),
(1712, 687, 1, 'lorem ipsem', 'lorem ipsem'),
(1713, 687, 1, 'lorem ipsem', 'lorem ipsem'),
(1714, 687, 1, 'lorem ipsem', 'lorem ipsem'),
(1715, 688, 1, 'lorem ipsem', 'lorem ipsem'),
(1716, 688, 1, 'lorem ipsem', 'lorem ipsem'),
(1717, 688, 3, 'lorem ipsem', 'lorem ipsem'),
(1718, 688, 1, 'lorem ipsem', 'lorem ipsem'),
(1719, 688, 2, 'lorem ipsem', 'lorem ipsem'),
(1720, 689, 1, 'lorem ipsem', 'lorem ipsem'),
(1721, 690, 2, 'lorem ipsem', 'lorem ipsem'),
(1722, 690, 2, 'lorem ipsem', 'lorem ipsem'),
(1723, 690, 2, 'lorem ipsem', 'lorem ipsem'),
(1724, 690, 3, 'lorem ipsem', 'lorem ipsem'),
(1725, 691, 2, 'lorem ipsem', 'lorem ipsem'),
(1726, 691, 1, 'lorem ipsem', 'lorem ipsem'),
(1727, 692, 1, 'lorem ipsem', 'lorem ipsem'),
(1728, 692, 3, 'lorem ipsem', 'lorem ipsem'),
(1729, 692, 2, 'lorem ipsem', 'lorem ipsem'),
(1730, 692, 3, 'lorem ipsem', 'lorem ipsem'),
(1731, 693, 1, 'lorem ipsem', 'lorem ipsem'),
(1732, 693, 3, 'lorem ipsem', 'lorem ipsem'),
(1733, 694, 1, 'lorem ipsem', 'lorem ipsem'),
(1734, 694, 3, 'lorem ipsem', 'lorem ipsem'),
(1735, 694, 3, 'lorem ipsem', 'lorem ipsem'),
(1736, 694, 3, 'lorem ipsem', 'lorem ipsem'),
(1737, 694, 3, 'lorem ipsem', 'lorem ipsem'),
(1738, 695, 3, 'lorem ipsem', 'lorem ipsem'),
(1739, 695, 2, 'lorem ipsem', 'lorem ipsem'),
(1740, 695, 3, 'lorem ipsem', 'lorem ipsem'),
(1741, 695, 2, 'lorem ipsem', 'lorem ipsem'),
(1742, 696, 2, 'lorem ipsem', 'lorem ipsem'),
(1743, 697, 3, 'lorem ipsem', 'lorem ipsem'),
(1744, 698, 2, 'lorem ipsem', 'lorem ipsem'),
(1745, 698, 1, 'lorem ipsem', 'lorem ipsem'),
(1746, 698, 1, 'lorem ipsem', 'lorem ipsem'),
(1747, 698, 1, 'lorem ipsem', 'lorem ipsem'),
(1748, 698, 1, 'lorem ipsem', 'lorem ipsem'),
(1749, 699, 1, 'lorem ipsem', 'lorem ipsem'),
(1750, 699, 1, 'lorem ipsem', 'lorem ipsem'),
(1751, 699, 2, 'lorem ipsem', 'lorem ipsem'),
(1752, 700, 1, 'lorem ipsem', 'lorem ipsem'),
(1753, 700, 3, 'lorem ipsem', 'lorem ipsem'),
(1754, 700, 2, 'lorem ipsem', 'lorem ipsem'),
(1755, 700, 3, 'lorem ipsem', 'lorem ipsem'),
(1756, 700, 2, 'lorem ipsem', 'lorem ipsem'),
(1757, 701, 1, 'lorem ipsem', 'lorem ipsem'),
(1758, 701, 1, 'lorem ipsem', 'lorem ipsem'),
(1759, 701, 1, 'lorem ipsem', 'lorem ipsem'),
(1760, 701, 3, 'lorem ipsem', 'lorem ipsem'),
(1761, 701, 2, 'lorem ipsem', 'lorem ipsem'),
(1762, 702, 2, 'lorem ipsem', 'lorem ipsem'),
(1763, 702, 2, 'lorem ipsem', 'lorem ipsem'),
(1764, 702, 3, 'lorem ipsem', 'lorem ipsem'),
(1765, 702, 1, 'lorem ipsem', 'lorem ipsem'),
(1766, 704, 1, 'lorem ipsem', 'lorem ipsem'),
(1767, 704, 2, 'lorem ipsem', 'lorem ipsem'),
(1768, 704, 2, 'lorem ipsem', 'lorem ipsem'),
(1769, 705, 1, 'lorem ipsem', 'lorem ipsem'),
(1770, 705, 3, 'lorem ipsem', 'lorem ipsem'),
(1771, 705, 2, 'lorem ipsem', 'lorem ipsem'),
(1772, 705, 1, 'lorem ipsem', 'lorem ipsem'),
(1773, 706, 3, 'lorem ipsem', 'lorem ipsem'),
(1774, 706, 3, 'lorem ipsem', 'lorem ipsem'),
(1775, 706, 1, 'lorem ipsem', 'lorem ipsem'),
(1776, 706, 2, 'lorem ipsem', 'lorem ipsem'),
(1777, 706, 1, 'lorem ipsem', 'lorem ipsem'),
(1778, 707, 3, 'lorem ipsem', 'lorem ipsem'),
(1779, 707, 3, 'lorem ipsem', 'lorem ipsem'),
(1780, 707, 3, 'lorem ipsem', 'lorem ipsem'),
(1781, 709, 2, 'lorem ipsem', 'lorem ipsem'),
(1782, 709, 3, 'lorem ipsem', 'lorem ipsem'),
(1783, 709, 3, 'lorem ipsem', 'lorem ipsem'),
(1784, 710, 1, 'lorem ipsem', 'lorem ipsem'),
(1785, 710, 2, 'lorem ipsem', 'lorem ipsem'),
(1786, 710, 2, 'lorem ipsem', 'lorem ipsem'),
(1787, 710, 3, 'lorem ipsem', 'lorem ipsem'),
(1788, 710, 1, 'lorem ipsem', 'lorem ipsem'),
(1789, 711, 2, 'lorem ipsem', 'lorem ipsem'),
(1790, 711, 3, 'lorem ipsem', 'lorem ipsem'),
(1791, 711, 3, 'lorem ipsem', 'lorem ipsem'),
(1792, 711, 1, 'lorem ipsem', 'lorem ipsem'),
(1793, 711, 1, 'lorem ipsem', 'lorem ipsem'),
(1794, 712, 3, 'lorem ipsem', 'lorem ipsem'),
(1795, 712, 1, 'lorem ipsem', 'lorem ipsem'),
(1796, 712, 2, 'lorem ipsem', 'lorem ipsem'),
(1797, 715, 1, 'lorem ipsem', 'lorem ipsem'),
(1798, 716, 1, 'lorem ipsem', 'lorem ipsem'),
(1799, 716, 3, 'lorem ipsem', 'lorem ipsem'),
(1800, 716, 3, 'lorem ipsem', 'lorem ipsem'),
(1801, 716, 3, 'lorem ipsem', 'lorem ipsem'),
(1802, 716, 2, 'lorem ipsem', 'lorem ipsem'),
(1803, 717, 1, 'lorem ipsem', 'lorem ipsem'),
(1804, 718, 2, 'lorem ipsem', 'lorem ipsem'),
(1805, 718, 2, 'lorem ipsem', 'lorem ipsem'),
(1806, 718, 2, 'lorem ipsem', 'lorem ipsem'),
(1807, 719, 1, 'lorem ipsem', 'lorem ipsem'),
(1808, 719, 3, 'lorem ipsem', 'lorem ipsem'),
(1809, 719, 2, 'lorem ipsem', 'lorem ipsem'),
(1810, 719, 1, 'lorem ipsem', 'lorem ipsem'),
(1811, 719, 3, 'lorem ipsem', 'lorem ipsem'),
(1812, 720, 2, 'lorem ipsem', 'lorem ipsem'),
(1813, 720, 2, 'lorem ipsem', 'lorem ipsem'),
(1814, 720, 2, 'lorem ipsem', 'lorem ipsem'),
(1815, 721, 2, 'lorem ipsem', 'lorem ipsem'),
(1816, 721, 2, 'lorem ipsem', 'lorem ipsem'),
(1817, 721, 1, 'lorem ipsem', 'lorem ipsem'),
(1818, 722, 2, 'lorem ipsem', 'lorem ipsem'),
(1819, 722, 2, 'lorem ipsem', 'lorem ipsem'),
(1820, 722, 2, 'lorem ipsem', 'lorem ipsem'),
(1821, 723, 2, 'lorem ipsem', 'lorem ipsem'),
(1822, 723, 2, 'lorem ipsem', 'lorem ipsem'),
(1823, 723, 2, 'lorem ipsem', 'lorem ipsem'),
(1824, 725, 2, 'lorem ipsem', 'lorem ipsem'),
(1825, 725, 2, 'lorem ipsem', 'lorem ipsem'),
(1826, 725, 3, 'lorem ipsem', 'lorem ipsem'),
(1827, 725, 2, 'lorem ipsem', 'lorem ipsem'),
(1828, 726, 3, 'lorem ipsem', 'lorem ipsem'),
(1829, 726, 1, 'lorem ipsem', 'lorem ipsem'),
(1830, 727, 2, 'lorem ipsem', 'lorem ipsem'),
(1831, 728, 2, 'lorem ipsem', 'lorem ipsem'),
(1832, 728, 1, 'lorem ipsem', 'lorem ipsem'),
(1833, 728, 1, 'lorem ipsem', 'lorem ipsem'),
(1834, 728, 1, 'lorem ipsem', 'lorem ipsem'),
(1835, 729, 1, 'lorem ipsem', 'lorem ipsem'),
(1836, 729, 2, 'lorem ipsem', 'lorem ipsem'),
(1837, 729, 2, 'lorem ipsem', 'lorem ipsem'),
(1838, 729, 1, 'lorem ipsem', 'lorem ipsem'),
(1839, 729, 3, 'lorem ipsem', 'lorem ipsem'),
(1840, 730, 3, 'lorem ipsem', 'lorem ipsem'),
(1841, 730, 2, 'lorem ipsem', 'lorem ipsem'),
(1842, 732, 2, 'lorem ipsem', 'lorem ipsem'),
(1843, 732, 3, 'lorem ipsem', 'lorem ipsem'),
(1844, 732, 2, 'lorem ipsem', 'lorem ipsem'),
(1845, 733, 3, 'lorem ipsem', 'lorem ipsem'),
(1846, 733, 2, 'lorem ipsem', 'lorem ipsem'),
(1847, 733, 2, 'lorem ipsem', 'lorem ipsem'),
(1848, 733, 3, 'lorem ipsem', 'lorem ipsem'),
(1849, 733, 3, 'lorem ipsem', 'lorem ipsem'),
(1850, 734, 1, 'lorem ipsem', 'lorem ipsem'),
(1851, 734, 1, 'lorem ipsem', 'lorem ipsem'),
(1852, 736, 1, 'lorem ipsem', 'lorem ipsem'),
(1853, 736, 3, 'lorem ipsem', 'lorem ipsem'),
(1854, 736, 3, 'lorem ipsem', 'lorem ipsem'),
(1855, 736, 1, 'lorem ipsem', 'lorem ipsem'),
(1856, 737, 1, 'lorem ipsem', 'lorem ipsem'),
(1857, 739, 1, 'lorem ipsem', 'lorem ipsem'),
(1858, 740, 1, 'lorem ipsem', 'lorem ipsem'),
(1859, 740, 2, 'lorem ipsem', 'lorem ipsem'),
(1860, 741, 1, 'lorem ipsem', 'lorem ipsem'),
(1861, 741, 2, 'lorem ipsem', 'lorem ipsem'),
(1862, 741, 2, 'lorem ipsem', 'lorem ipsem'),
(1863, 741, 3, 'lorem ipsem', 'lorem ipsem'),
(1864, 741, 3, 'lorem ipsem', 'lorem ipsem'),
(1865, 742, 2, 'lorem ipsem', 'lorem ipsem'),
(1866, 742, 1, 'lorem ipsem', 'lorem ipsem'),
(1867, 742, 3, 'lorem ipsem', 'lorem ipsem'),
(1868, 742, 2, 'lorem ipsem', 'lorem ipsem'),
(1869, 743, 3, 'lorem ipsem', 'lorem ipsem'),
(1870, 743, 3, 'lorem ipsem', 'lorem ipsem'),
(1871, 743, 2, 'lorem ipsem', 'lorem ipsem'),
(1872, 743, 3, 'lorem ipsem', 'lorem ipsem'),
(1873, 743, 2, 'lorem ipsem', 'lorem ipsem'),
(1874, 744, 2, 'lorem ipsem', 'lorem ipsem'),
(1875, 744, 1, 'lorem ipsem', 'lorem ipsem'),
(1876, 744, 3, 'lorem ipsem', 'lorem ipsem'),
(1877, 745, 1, 'lorem ipsem', 'lorem ipsem'),
(1878, 746, 3, 'lorem ipsem', 'lorem ipsem'),
(1879, 747, 1, 'lorem ipsem', 'lorem ipsem'),
(1880, 747, 1, 'lorem ipsem', 'lorem ipsem'),
(1881, 747, 3, 'lorem ipsem', 'lorem ipsem'),
(1882, 747, 3, 'lorem ipsem', 'lorem ipsem'),
(1883, 748, 2, 'lorem ipsem', 'lorem ipsem'),
(1884, 749, 2, 'lorem ipsem', 'lorem ipsem'),
(1885, 749, 1, 'lorem ipsem', 'lorem ipsem'),
(1886, 749, 2, 'lorem ipsem', 'lorem ipsem'),
(1887, 750, 2, 'lorem ipsem', 'lorem ipsem'),
(1888, 750, 3, 'lorem ipsem', 'lorem ipsem'),
(1889, 751, 1, 'lorem ipsem', 'lorem ipsem'),
(1890, 751, 1, 'lorem ipsem', 'lorem ipsem'),
(1891, 754, 3, 'lorem ipsem', 'lorem ipsem'),
(1892, 754, 3, 'lorem ipsem', 'lorem ipsem'),
(1893, 754, 2, 'lorem ipsem', 'lorem ipsem'),
(1894, 754, 3, 'lorem ipsem', 'lorem ipsem'),
(1895, 755, 1, 'lorem ipsem', 'lorem ipsem'),
(1896, 755, 2, 'lorem ipsem', 'lorem ipsem'),
(1897, 755, 2, 'lorem ipsem', 'lorem ipsem'),
(1898, 755, 2, 'lorem ipsem', 'lorem ipsem'),
(1899, 756, 2, 'lorem ipsem', 'lorem ipsem'),
(1900, 756, 2, 'lorem ipsem', 'lorem ipsem'),
(1901, 756, 2, 'lorem ipsem', 'lorem ipsem'),
(1902, 756, 2, 'lorem ipsem', 'lorem ipsem'),
(1903, 756, 3, 'lorem ipsem', 'lorem ipsem'),
(1904, 757, 3, 'lorem ipsem', 'lorem ipsem'),
(1905, 757, 3, 'lorem ipsem', 'lorem ipsem'),
(1906, 757, 3, 'lorem ipsem', 'lorem ipsem'),
(1907, 757, 2, 'lorem ipsem', 'lorem ipsem'),
(1908, 757, 2, 'lorem ipsem', 'lorem ipsem'),
(1909, 758, 3, 'lorem ipsem', 'lorem ipsem'),
(1910, 758, 2, 'lorem ipsem', 'lorem ipsem'),
(1911, 758, 3, 'lorem ipsem', 'lorem ipsem'),
(1912, 759, 3, 'lorem ipsem', 'lorem ipsem'),
(1913, 759, 3, 'lorem ipsem', 'lorem ipsem'),
(1914, 759, 2, 'lorem ipsem', 'lorem ipsem'),
(1915, 759, 1, 'lorem ipsem', 'lorem ipsem'),
(1916, 759, 1, 'lorem ipsem', 'lorem ipsem'),
(1917, 760, 3, 'lorem ipsem', 'lorem ipsem'),
(1918, 761, 3, 'lorem ipsem', 'lorem ipsem'),
(1919, 761, 1, 'lorem ipsem', 'lorem ipsem'),
(1920, 763, 2, 'lorem ipsem', 'lorem ipsem'),
(1921, 764, 1, 'lorem ipsem', 'lorem ipsem'),
(1922, 764, 2, 'lorem ipsem', 'lorem ipsem'),
(1923, 764, 1, 'lorem ipsem', 'lorem ipsem'),
(1924, 764, 1, 'lorem ipsem', 'lorem ipsem'),
(1925, 764, 3, 'lorem ipsem', 'lorem ipsem'),
(1926, 765, 2, 'lorem ipsem', 'lorem ipsem'),
(1927, 765, 2, 'lorem ipsem', 'lorem ipsem'),
(1928, 765, 2, 'lorem ipsem', 'lorem ipsem'),
(1929, 765, 1, 'lorem ipsem', 'lorem ipsem'),
(1930, 767, 1, 'lorem ipsem', 'lorem ipsem'),
(1931, 767, 2, 'lorem ipsem', 'lorem ipsem'),
(1932, 767, 3, 'lorem ipsem', 'lorem ipsem'),
(1933, 767, 1, 'lorem ipsem', 'lorem ipsem'),
(1934, 767, 3, 'lorem ipsem', 'lorem ipsem'),
(1935, 768, 3, 'lorem ipsem', 'lorem ipsem'),
(1936, 768, 3, 'lorem ipsem', 'lorem ipsem'),
(1937, 769, 3, 'lorem ipsem', 'lorem ipsem'),
(1938, 770, 3, 'lorem ipsem', 'lorem ipsem'),
(1939, 770, 3, 'lorem ipsem', 'lorem ipsem'),
(1940, 770, 1, 'lorem ipsem', 'lorem ipsem'),
(1941, 770, 3, 'lorem ipsem', 'lorem ipsem'),
(1942, 771, 1, 'lorem ipsem', 'lorem ipsem'),
(1943, 772, 1, 'lorem ipsem', 'lorem ipsem'),
(1944, 772, 3, 'lorem ipsem', 'lorem ipsem'),
(1945, 772, 2, 'lorem ipsem', 'lorem ipsem'),
(1946, 772, 2, 'lorem ipsem', 'lorem ipsem'),
(1947, 772, 2, 'lorem ipsem', 'lorem ipsem'),
(1948, 773, 2, 'lorem ipsem', 'lorem ipsem'),
(1949, 773, 2, 'lorem ipsem', 'lorem ipsem'),
(1950, 773, 1, 'lorem ipsem', 'lorem ipsem'),
(1951, 773, 3, 'lorem ipsem', 'lorem ipsem'),
(1952, 773, 2, 'lorem ipsem', 'lorem ipsem'),
(1953, 774, 3, 'lorem ipsem', 'lorem ipsem'),
(1954, 775, 2, 'lorem ipsem', 'lorem ipsem'),
(1955, 775, 1, 'lorem ipsem', 'lorem ipsem'),
(1956, 775, 1, 'lorem ipsem', 'lorem ipsem'),
(1957, 775, 1, 'lorem ipsem', 'lorem ipsem'),
(1958, 776, 1, 'lorem ipsem', 'lorem ipsem'),
(1959, 776, 1, 'lorem ipsem', 'lorem ipsem'),
(1960, 777, 1, 'lorem ipsem', 'lorem ipsem'),
(1961, 777, 1, 'lorem ipsem', 'lorem ipsem'),
(1962, 777, 2, 'lorem ipsem', 'lorem ipsem'),
(1963, 777, 2, 'lorem ipsem', 'lorem ipsem'),
(1964, 777, 2, 'lorem ipsem', 'lorem ipsem'),
(1965, 778, 1, 'lorem ipsem', 'lorem ipsem'),
(1966, 778, 1, 'lorem ipsem', 'lorem ipsem'),
(1967, 778, 1, 'lorem ipsem', 'lorem ipsem'),
(1968, 778, 3, 'lorem ipsem', 'lorem ipsem'),
(1969, 779, 1, 'lorem ipsem', 'lorem ipsem'),
(1970, 780, 1, 'lorem ipsem', 'lorem ipsem'),
(1971, 781, 1, 'lorem ipsem', 'lorem ipsem'),
(1972, 781, 2, 'lorem ipsem', 'lorem ipsem'),
(1973, 781, 1, 'lorem ipsem', 'lorem ipsem'),
(1974, 782, 3, 'lorem ipsem', 'lorem ipsem'),
(1975, 782, 1, 'lorem ipsem', 'lorem ipsem'),
(1976, 783, 1, 'lorem ipsem', 'lorem ipsem'),
(1977, 784, 2, 'lorem ipsem', 'lorem ipsem'),
(1978, 785, 2, 'lorem ipsem', 'lorem ipsem'),
(1979, 785, 3, 'lorem ipsem', 'lorem ipsem'),
(1980, 785, 1, 'lorem ipsem', 'lorem ipsem'),
(1981, 785, 2, 'lorem ipsem', 'lorem ipsem'),
(1982, 785, 2, 'lorem ipsem', 'lorem ipsem'),
(1983, 786, 1, 'lorem ipsem', 'lorem ipsem'),
(1984, 786, 3, 'lorem ipsem', 'lorem ipsem'),
(1985, 786, 3, 'lorem ipsem', 'lorem ipsem'),
(1986, 787, 2, 'lorem ipsem', 'lorem ipsem'),
(1987, 787, 1, 'lorem ipsem', 'lorem ipsem'),
(1988, 787, 1, 'lorem ipsem', 'lorem ipsem'),
(1989, 789, 3, 'lorem ipsem', 'lorem ipsem'),
(1990, 789, 2, 'lorem ipsem', 'lorem ipsem'),
(1991, 789, 1, 'lorem ipsem', 'lorem ipsem'),
(1992, 790, 3, 'lorem ipsem', 'lorem ipsem'),
(1993, 790, 1, 'lorem ipsem', 'lorem ipsem'),
(1994, 790, 3, 'lorem ipsem', 'lorem ipsem'),
(1995, 790, 3, 'lorem ipsem', 'lorem ipsem'),
(1996, 790, 1, 'lorem ipsem', 'lorem ipsem'),
(1997, 791, 1, 'lorem ipsem', 'lorem ipsem'),
(1998, 792, 1, 'lorem ipsem', 'lorem ipsem'),
(1999, 792, 2, 'lorem ipsem', 'lorem ipsem'),
(2000, 792, 2, 'lorem ipsem', 'lorem ipsem'),
(2001, 792, 3, 'lorem ipsem', 'lorem ipsem'),
(2002, 793, 2, 'lorem ipsem', 'lorem ipsem'),
(2003, 793, 3, 'lorem ipsem', 'lorem ipsem'),
(2004, 796, 3, 'lorem ipsem', 'lorem ipsem'),
(2005, 796, 1, 'lorem ipsem', 'lorem ipsem'),
(2006, 797, 3, 'lorem ipsem', 'lorem ipsem'),
(2007, 797, 2, 'lorem ipsem', 'lorem ipsem'),
(2008, 797, 3, 'lorem ipsem', 'lorem ipsem'),
(2009, 800, 2, 'lorem ipsem', 'lorem ipsem'),
(2010, 800, 2, 'lorem ipsem', 'lorem ipsem'),
(2011, 800, 1, 'lorem ipsem', 'lorem ipsem'),
(2012, 800, 2, 'lorem ipsem', 'lorem ipsem'),
(2013, 800, 2, 'lorem ipsem', 'lorem ipsem'),
(2014, 801, 3, 'lorem ipsem', 'lorem ipsem'),
(2015, 801, 1, 'lorem ipsem', 'lorem ipsem'),
(2016, 803, 2, 'lorem ipsem', 'lorem ipsem'),
(2017, 803, 3, 'lorem ipsem', 'lorem ipsem'),
(2018, 803, 2, 'lorem ipsem', 'lorem ipsem'),
(2019, 803, 3, 'lorem ipsem', 'lorem ipsem'),
(2020, 804, 2, 'lorem ipsem', 'lorem ipsem'),
(2021, 804, 2, 'lorem ipsem', 'lorem ipsem'),
(2022, 804, 3, 'lorem ipsem', 'lorem ipsem'),
(2023, 804, 1, 'lorem ipsem', 'lorem ipsem'),
(2024, 804, 1, 'lorem ipsem', 'lorem ipsem'),
(2025, 805, 1, 'lorem ipsem', 'lorem ipsem'),
(2026, 805, 2, 'lorem ipsem', 'lorem ipsem'),
(2027, 806, 3, 'lorem ipsem', 'lorem ipsem'),
(2028, 806, 3, 'lorem ipsem', 'lorem ipsem'),
(2029, 806, 3, 'lorem ipsem', 'lorem ipsem'),
(2030, 806, 2, 'lorem ipsem', 'lorem ipsem'),
(2031, 807, 2, 'lorem ipsem', 'lorem ipsem'),
(2032, 807, 1, 'lorem ipsem', 'lorem ipsem'),
(2033, 807, 3, 'lorem ipsem', 'lorem ipsem'),
(2034, 808, 2, 'lorem ipsem', 'lorem ipsem'),
(2035, 808, 2, 'lorem ipsem', 'lorem ipsem'),
(2036, 808, 1, 'lorem ipsem', 'lorem ipsem'),
(2037, 808, 3, 'lorem ipsem', 'lorem ipsem'),
(2038, 809, 1, 'lorem ipsem', 'lorem ipsem'),
(2039, 809, 1, 'lorem ipsem', 'lorem ipsem'),
(2040, 809, 1, 'lorem ipsem', 'lorem ipsem'),
(2041, 809, 3, 'lorem ipsem', 'lorem ipsem'),
(2042, 810, 2, 'lorem ipsem', 'lorem ipsem'),
(2043, 810, 2, 'lorem ipsem', 'lorem ipsem'),
(2044, 813, 2, 'lorem ipsem', 'lorem ipsem'),
(2045, 813, 3, 'lorem ipsem', 'lorem ipsem'),
(2046, 813, 3, 'lorem ipsem', 'lorem ipsem'),
(2047, 813, 2, 'lorem ipsem', 'lorem ipsem'),
(2048, 814, 2, 'lorem ipsem', 'lorem ipsem'),
(2049, 816, 3, 'lorem ipsem', 'lorem ipsem'),
(2050, 816, 3, 'lorem ipsem', 'lorem ipsem'),
(2051, 817, 1, 'lorem ipsem', 'lorem ipsem'),
(2052, 818, 2, 'lorem ipsem', 'lorem ipsem'),
(2053, 818, 2, 'lorem ipsem', 'lorem ipsem'),
(2054, 818, 1, 'lorem ipsem', 'lorem ipsem'),
(2055, 818, 2, 'lorem ipsem', 'lorem ipsem'),
(2056, 820, 1, 'lorem ipsem', 'lorem ipsem'),
(2057, 820, 3, 'lorem ipsem', 'lorem ipsem'),
(2058, 820, 2, 'lorem ipsem', 'lorem ipsem'),
(2059, 820, 1, 'lorem ipsem', 'lorem ipsem'),
(2060, 820, 3, 'lorem ipsem', 'lorem ipsem'),
(2061, 821, 1, 'lorem ipsem', 'lorem ipsem'),
(2062, 821, 3, 'lorem ipsem', 'lorem ipsem'),
(2063, 821, 3, 'lorem ipsem', 'lorem ipsem'),
(2064, 821, 3, 'lorem ipsem', 'lorem ipsem'),
(2065, 821, 3, 'lorem ipsem', 'lorem ipsem'),
(2066, 822, 2, 'lorem ipsem', 'lorem ipsem'),
(2067, 823, 1, 'lorem ipsem', 'lorem ipsem'),
(2068, 823, 2, 'lorem ipsem', 'lorem ipsem'),
(2069, 823, 1, 'lorem ipsem', 'lorem ipsem'),
(2070, 823, 2, 'lorem ipsem', 'lorem ipsem'),
(2071, 823, 1, 'lorem ipsem', 'lorem ipsem'),
(2072, 824, 3, 'lorem ipsem', 'lorem ipsem'),
(2073, 824, 1, 'lorem ipsem', 'lorem ipsem'),
(2074, 824, 3, 'lorem ipsem', 'lorem ipsem'),
(2075, 824, 3, 'lorem ipsem', 'lorem ipsem'),
(2076, 825, 3, 'lorem ipsem', 'lorem ipsem'),
(2077, 825, 2, 'lorem ipsem', 'lorem ipsem'),
(2078, 825, 1, 'lorem ipsem', 'lorem ipsem'),
(2079, 825, 3, 'lorem ipsem', 'lorem ipsem'),
(2080, 825, 3, 'lorem ipsem', 'lorem ipsem'),
(2081, 826, 1, 'lorem ipsem', 'lorem ipsem'),
(2082, 826, 2, 'lorem ipsem', 'lorem ipsem'),
(2083, 826, 2, 'lorem ipsem', 'lorem ipsem'),
(2084, 828, 2, 'lorem ipsem', 'lorem ipsem'),
(2085, 828, 3, 'lorem ipsem', 'lorem ipsem'),
(2086, 828, 1, 'lorem ipsem', 'lorem ipsem'),
(2087, 828, 3, 'lorem ipsem', 'lorem ipsem'),
(2088, 829, 2, 'lorem ipsem', 'lorem ipsem'),
(2089, 829, 2, 'lorem ipsem', 'lorem ipsem'),
(2090, 829, 3, 'lorem ipsem', 'lorem ipsem'),
(2091, 829, 2, 'lorem ipsem', 'lorem ipsem'),
(2092, 829, 2, 'lorem ipsem', 'lorem ipsem'),
(2093, 831, 2, 'lorem ipsem', 'lorem ipsem'),
(2094, 831, 1, 'lorem ipsem', 'lorem ipsem'),
(2095, 831, 3, 'lorem ipsem', 'lorem ipsem'),
(2096, 831, 2, 'lorem ipsem', 'lorem ipsem'),
(2097, 831, 3, 'lorem ipsem', 'lorem ipsem'),
(2098, 833, 3, 'lorem ipsem', 'lorem ipsem'),
(2099, 834, 3, 'lorem ipsem', 'lorem ipsem'),
(2100, 834, 2, 'lorem ipsem', 'lorem ipsem'),
(2101, 834, 1, 'lorem ipsem', 'lorem ipsem'),
(2102, 834, 2, 'lorem ipsem', 'lorem ipsem'),
(2103, 834, 2, 'lorem ipsem', 'lorem ipsem'),
(2104, 835, 2, 'lorem ipsem', 'lorem ipsem'),
(2105, 835, 3, 'lorem ipsem', 'lorem ipsem'),
(2106, 835, 2, 'lorem ipsem', 'lorem ipsem'),
(2107, 835, 2, 'lorem ipsem', 'lorem ipsem'),
(2108, 835, 2, 'lorem ipsem', 'lorem ipsem'),
(2109, 836, 3, 'lorem ipsem', 'lorem ipsem'),
(2110, 836, 1, 'lorem ipsem', 'lorem ipsem'),
(2111, 837, 3, 'lorem ipsem', 'lorem ipsem'),
(2112, 837, 1, 'lorem ipsem', 'lorem ipsem'),
(2113, 837, 1, 'lorem ipsem', 'lorem ipsem'),
(2114, 838, 2, 'lorem ipsem', 'lorem ipsem'),
(2115, 838, 1, 'lorem ipsem', 'lorem ipsem'),
(2116, 838, 2, 'lorem ipsem', 'lorem ipsem'),
(2117, 838, 2, 'lorem ipsem', 'lorem ipsem'),
(2118, 839, 3, 'lorem ipsem', 'lorem ipsem'),
(2119, 839, 3, 'lorem ipsem', 'lorem ipsem'),
(2120, 840, 1, 'lorem ipsem', 'lorem ipsem'),
(2121, 840, 3, 'lorem ipsem', 'lorem ipsem'),
(2122, 840, 3, 'lorem ipsem', 'lorem ipsem'),
(2123, 840, 1, 'lorem ipsem', 'lorem ipsem'),
(2124, 841, 1, 'lorem ipsem', 'lorem ipsem'),
(2125, 841, 1, 'lorem ipsem', 'lorem ipsem'),
(2126, 841, 1, 'lorem ipsem', 'lorem ipsem'),
(2127, 841, 1, 'lorem ipsem', 'lorem ipsem'),
(2128, 841, 3, 'lorem ipsem', 'lorem ipsem'),
(2129, 842, 1, 'lorem ipsem', 'lorem ipsem'),
(2130, 843, 2, 'lorem ipsem', 'lorem ipsem'),
(2131, 844, 1, 'lorem ipsem', 'lorem ipsem'),
(2132, 844, 2, 'lorem ipsem', 'lorem ipsem'),
(2133, 845, 1, 'lorem ipsem', 'lorem ipsem'),
(2134, 845, 2, 'lorem ipsem', 'lorem ipsem'),
(2135, 845, 2, 'lorem ipsem', 'lorem ipsem'),
(2136, 845, 1, 'lorem ipsem', 'lorem ipsem'),
(2137, 847, 1, 'lorem ipsem', 'lorem ipsem'),
(2138, 847, 3, 'lorem ipsem', 'lorem ipsem'),
(2139, 847, 1, 'lorem ipsem', 'lorem ipsem'),
(2140, 847, 2, 'lorem ipsem', 'lorem ipsem'),
(2141, 847, 1, 'lorem ipsem', 'lorem ipsem'),
(2142, 848, 2, 'lorem ipsem', 'lorem ipsem'),
(2143, 848, 2, 'lorem ipsem', 'lorem ipsem'),
(2144, 849, 3, 'lorem ipsem', 'lorem ipsem'),
(2145, 849, 1, 'lorem ipsem', 'lorem ipsem'),
(2146, 849, 1, 'lorem ipsem', 'lorem ipsem'),
(2147, 850, 2, 'lorem ipsem', 'lorem ipsem'),
(2148, 850, 3, 'lorem ipsem', 'lorem ipsem'),
(2149, 850, 1, 'lorem ipsem', 'lorem ipsem'),
(2150, 851, 1, 'lorem ipsem', 'lorem ipsem'),
(2151, 851, 2, 'lorem ipsem', 'lorem ipsem'),
(2152, 851, 2, 'lorem ipsem', 'lorem ipsem'),
(2153, 851, 3, 'lorem ipsem', 'lorem ipsem'),
(2154, 851, 1, 'lorem ipsem', 'lorem ipsem'),
(2155, 852, 2, 'lorem ipsem', 'lorem ipsem'),
(2156, 852, 2, 'lorem ipsem', 'lorem ipsem'),
(2157, 853, 1, 'lorem ipsem', 'lorem ipsem'),
(2158, 853, 1, 'lorem ipsem', 'lorem ipsem'),
(2159, 854, 3, 'lorem ipsem', 'lorem ipsem'),
(2160, 855, 3, 'lorem ipsem', 'lorem ipsem'),
(2161, 855, 3, 'lorem ipsem', 'lorem ipsem'),
(2162, 857, 2, 'lorem ipsem', 'lorem ipsem'),
(2163, 857, 3, 'lorem ipsem', 'lorem ipsem'),
(2164, 857, 1, 'lorem ipsem', 'lorem ipsem'),
(2165, 857, 3, 'lorem ipsem', 'lorem ipsem'),
(2166, 857, 2, 'lorem ipsem', 'lorem ipsem'),
(2167, 858, 3, 'lorem ipsem', 'lorem ipsem'),
(2168, 858, 3, 'lorem ipsem', 'lorem ipsem'),
(2169, 858, 3, 'lorem ipsem', 'lorem ipsem'),
(2170, 858, 3, 'lorem ipsem', 'lorem ipsem'),
(2171, 859, 1, 'lorem ipsem', 'lorem ipsem'),
(2172, 859, 3, 'lorem ipsem', 'lorem ipsem'),
(2173, 859, 3, 'lorem ipsem', 'lorem ipsem'),
(2174, 859, 2, 'lorem ipsem', 'lorem ipsem'),
(2175, 860, 2, 'lorem ipsem', 'lorem ipsem'),
(2176, 860, 1, 'lorem ipsem', 'lorem ipsem'),
(2177, 861, 3, 'lorem ipsem', 'lorem ipsem'),
(2178, 861, 2, 'lorem ipsem', 'lorem ipsem'),
(2179, 861, 1, 'lorem ipsem', 'lorem ipsem'),
(2180, 861, 1, 'lorem ipsem', 'lorem ipsem'),
(2181, 861, 1, 'lorem ipsem', 'lorem ipsem'),
(2182, 862, 3, 'lorem ipsem', 'lorem ipsem'),
(2183, 862, 3, 'lorem ipsem', 'lorem ipsem'),
(2184, 862, 2, 'lorem ipsem', 'lorem ipsem'),
(2185, 862, 1, 'lorem ipsem', 'lorem ipsem'),
(2186, 862, 1, 'lorem ipsem', 'lorem ipsem'),
(2187, 863, 2, 'lorem ipsem', 'lorem ipsem'),
(2188, 863, 1, 'lorem ipsem', 'lorem ipsem'),
(2189, 864, 1, 'lorem ipsem', 'lorem ipsem'),
(2190, 864, 1, 'lorem ipsem', 'lorem ipsem'),
(2191, 864, 3, 'lorem ipsem', 'lorem ipsem'),
(2192, 864, 2, 'lorem ipsem', 'lorem ipsem'),
(2193, 864, 3, 'lorem ipsem', 'lorem ipsem'),
(2194, 866, 1, 'lorem ipsem', 'lorem ipsem'),
(2195, 866, 2, 'lorem ipsem', 'lorem ipsem'),
(2196, 866, 1, 'lorem ipsem', 'lorem ipsem'),
(2197, 867, 3, 'lorem ipsem', 'lorem ipsem'),
(2198, 869, 3, 'lorem ipsem', 'lorem ipsem'),
(2199, 869, 3, 'lorem ipsem', 'lorem ipsem'),
(2200, 869, 2, 'lorem ipsem', 'lorem ipsem'),
(2201, 870, 1, 'lorem ipsem', 'lorem ipsem'),
(2202, 870, 1, 'lorem ipsem', 'lorem ipsem'),
(2203, 870, 3, 'lorem ipsem', 'lorem ipsem'),
(2204, 870, 2, 'lorem ipsem', 'lorem ipsem'),
(2205, 871, 3, 'lorem ipsem', 'lorem ipsem'),
(2206, 871, 3, 'lorem ipsem', 'lorem ipsem'),
(2207, 871, 3, 'lorem ipsem', 'lorem ipsem'),
(2208, 871, 1, 'lorem ipsem', 'lorem ipsem'),
(2209, 872, 2, 'lorem ipsem', 'lorem ipsem'),
(2210, 872, 3, 'lorem ipsem', 'lorem ipsem'),
(2211, 876, 2, 'lorem ipsem', 'lorem ipsem'),
(2212, 876, 1, 'lorem ipsem', 'lorem ipsem'),
(2213, 877, 3, 'lorem ipsem', 'lorem ipsem'),
(2214, 877, 2, 'lorem ipsem', 'lorem ipsem'),
(2215, 877, 2, 'lorem ipsem', 'lorem ipsem'),
(2216, 877, 1, 'lorem ipsem', 'lorem ipsem'),
(2217, 877, 2, 'lorem ipsem', 'lorem ipsem'),
(2218, 878, 1, 'lorem ipsem', 'lorem ipsem'),
(2219, 879, 2, 'lorem ipsem', 'lorem ipsem'),
(2220, 879, 1, 'lorem ipsem', 'lorem ipsem'),
(2221, 880, 2, 'lorem ipsem', 'lorem ipsem'),
(2222, 881, 3, 'lorem ipsem', 'lorem ipsem'),
(2223, 881, 3, 'lorem ipsem', 'lorem ipsem'),
(2224, 881, 2, 'lorem ipsem', 'lorem ipsem'),
(2225, 881, 3, 'lorem ipsem', 'lorem ipsem'),
(2226, 882, 2, 'lorem ipsem', 'lorem ipsem'),
(2227, 882, 2, 'lorem ipsem', 'lorem ipsem'),
(2228, 882, 2, 'lorem ipsem', 'lorem ipsem'),
(2229, 882, 3, 'lorem ipsem', 'lorem ipsem'),
(2230, 882, 3, 'lorem ipsem', 'lorem ipsem'),
(2231, 883, 2, 'lorem ipsem', 'lorem ipsem'),
(2232, 883, 1, 'lorem ipsem', 'lorem ipsem'),
(2233, 884, 1, 'lorem ipsem', 'lorem ipsem'),
(2234, 884, 2, 'lorem ipsem', 'lorem ipsem'),
(2235, 885, 2, 'lorem ipsem', 'lorem ipsem'),
(2236, 885, 3, 'lorem ipsem', 'lorem ipsem'),
(2237, 885, 2, 'lorem ipsem', 'lorem ipsem'),
(2238, 885, 1, 'lorem ipsem', 'lorem ipsem'),
(2239, 886, 1, 'lorem ipsem', 'lorem ipsem'),
(2240, 886, 1, 'lorem ipsem', 'lorem ipsem'),
(2241, 886, 2, 'lorem ipsem', 'lorem ipsem'),
(2242, 886, 1, 'lorem ipsem', 'lorem ipsem'),
(2243, 887, 3, 'lorem ipsem', 'lorem ipsem'),
(2244, 887, 2, 'lorem ipsem', 'lorem ipsem'),
(2245, 887, 2, 'lorem ipsem', 'lorem ipsem'),
(2246, 887, 1, 'lorem ipsem', 'lorem ipsem'),
(2247, 888, 1, 'lorem ipsem', 'lorem ipsem'),
(2248, 888, 1, 'lorem ipsem', 'lorem ipsem'),
(2249, 889, 3, 'lorem ipsem', 'lorem ipsem'),
(2250, 889, 2, 'lorem ipsem', 'lorem ipsem'),
(2251, 889, 1, 'lorem ipsem', 'lorem ipsem'),
(2252, 889, 2, 'lorem ipsem', 'lorem ipsem'),
(2253, 895, 2, 'lorem ipsem', 'lorem ipsem'),
(2254, 895, 3, 'lorem ipsem', 'lorem ipsem'),
(2255, 895, 3, 'lorem ipsem', 'lorem ipsem'),
(2256, 895, 1, 'lorem ipsem', 'lorem ipsem'),
(2257, 895, 3, 'lorem ipsem', 'lorem ipsem'),
(2258, 897, 2, 'lorem ipsem', 'lorem ipsem'),
(2259, 897, 1, 'lorem ipsem', 'lorem ipsem'),
(2260, 898, 3, 'lorem ipsem', 'lorem ipsem'),
(2261, 899, 2, 'lorem ipsem', 'lorem ipsem'),
(2262, 899, 1, 'lorem ipsem', 'lorem ipsem'),
(2263, 899, 2, 'lorem ipsem', 'lorem ipsem'),
(2264, 899, 2, 'lorem ipsem', 'lorem ipsem'),
(2265, 899, 3, 'lorem ipsem', 'lorem ipsem'),
(2266, 900, 1, 'lorem ipsem', 'lorem ipsem'),
(2267, 900, 1, 'lorem ipsem', 'lorem ipsem');
INSERT INTO certificate(id, reading)
VALUES(1, 'Sunt pariatur unde.'),
(2, 'Facilis nesciunt.'),
(3, 'Blanditiis est.'),
(4, 'Eveniet aliquid.'),
(5, 'Quis rerum.'),
(6, 'Velit fugit est.'),
(7, 'Sunt at maiores.'),
(8, 'Saepe autem.'),
(9, 'Nisi nam neque ad.'),
(10, 'Repellat.');
INSERT INTO person_certificate(id, certificate_id, person_id, date_acquired)
VALUES(1, '3', '91', '2012-01-09'),
(2, '5', '92', '1979-01-19'),
(3, '6', '93', '2012-12-21');
INSERT INTO exam(id, student_id, supervisor_id, exam_type, part, qty, exam_date)
VALUES(1, 24, 100, 'انتقالي', 29, 14, '2015-08-31'),
(2, 25, 94, 'انتقالي', 21, 27, '1988-01-04'),
(3, 26, 94, ' مرحلي', 22, 19, '1972-07-13'),
(4, 27, 92, ' مرحلي', 26, 22, '1996-10-29'),
(5, 28, 97, ' مرحلي', 18, 8, '1994-07-22'),
(6, 29, 94, ' مرحلي', 26, 25, '1975-07-10'),
(7, 30, 99, ' مرحلي', 6, 30, '2004-05-27'),
(8, 31, 91, 'انتقالي', 24, 24, '2025-02-13'),
(9, 32, 92, ' مرحلي', 15, 22, '1977-11-24'),
(10, 33, 95, ' مرحلي', 22, 9, '1976-02-27'),
(11, 34, 92, ' مرحلي', 8, 8, '1988-12-15'),
(12, 35, 96, ' مرحلي', 7, 14, '2009-11-26'),
(13, 36, 95, ' مرحلي', 28, 12, '1993-01-06'),
(14, 37, 95, 'انتقالي', 7, 23, '2021-11-07'),
(15, 38, 91, 'انتقالي', 6, 14, '1996-11-30'),
(16, 39, 94, ' مرحلي', 5, 26, '1977-04-15'),
(17, 40, 97, ' مرحلي', 10, 15, '2007-01-10'),
(18, 41, 91, 'انتقالي', 16, 5, '2018-06-11'),
(19, 42, 96, ' مرحلي', 30, 16, '1984-02-13'),
(20, 43, 94, ' مرحلي', 22, 1, '1998-01-23'),
(21, 44, 93, 'انتقالي', 15, 28, '2001-09-18'),
(22, 45, 98, ' مرحلي', 12, 9, '2023-02-28'),
(23, 46, 91, ' مرحلي', 25, 5, '2008-12-06'),
(24, 47, 100, ' مرحلي', 12, 21, '1994-05-30'),
(25, 48, 92, 'انتقالي', 20, 19, '2014-05-03'),
(26, 49, 96, 'انتقالي', 17, 2, '2001-06-29'),
(27, 50, 93, 'انتقالي', 26, 16, '1985-09-23'),
(28, 51, 91, ' مرحلي', 21, 14, '2000-10-15'),
(29, 52, 95, 'انتقالي', 26, 28, '2001-08-01'),
(30, 53, 94, 'انتقالي', 19, 2, '1970-12-22'),
(31, 54, 91, 'انتقالي', 24, 28, '2005-12-20'),
(32, 55, 97, ' مرحلي', 11, 28, '1973-10-19'),
(33, 56, 91, ' مرحلي', 5, 6, '2012-02-27'),
(34, 57, 98, 'انتقالي', 5, 20, '1987-08-20'),
(35, 58, 97, ' مرحلي', 10, 27, '1974-09-15'),
(36, 59, 95, ' مرحلي', 17, 13, '2021-07-26'),
(37, 60, 97, ' مرحلي', 8, 28, '1985-11-27'),
(38, 61, 99, 'انتقالي', 29, 24, '1990-05-28'),
(39, 62, 98, ' مرحلي', 19, 19, '2001-02-07'),
(40, 63, 93, 'انتقالي', 17, 8, '1976-04-19'),
(41, 64, 96, ' مرحلي', 26, 4, '2000-10-13'),
(42, 65, 100, ' مرحلي', 27, 6, '1990-07-27'),
(43, 66, 94, 'انتقالي', 6, 28, '1980-06-07'),
(44, 67, 99, 'انتقالي', 11, 9, '1981-11-13'),
(45, 68, 92, ' مرحلي', 4, 6, '2020-03-12'),
(46, 69, 99, ' مرحلي', 19, 9, '1989-05-26'),
(47, 70, 92, 'انتقالي', 19, 4, '2020-06-16'),
(48, 71, 91, 'انتقالي', 7, 7, '2016-01-05'),
(49, 72, 92, 'انتقالي', 16, 23, '1994-04-15'),
(50, 73, 91, 'انتقالي', 16, 3, '1974-03-03'),
(51, 74, 91, ' مرحلي', 22, 24, '2017-06-30'),
(52, 75, 100, ' مرحلي', 26, 17, '1973-09-18'),
(53, 76, 99, 'انتقالي', 12, 25, '1972-11-13');
INSERT INTO exam_error(error_id, exam_id, details, error_word)
VALUES(3, 1, 'Et.', 'excepturi'),
(3, 2, 'Laboriosam.', 'harum'),
(1, 3, 'Deserunt.', 'inventore'),
(2, 4, 'Deserunt quis.', 'eligendi'),
(3, 5, 'Eveniet.', 'ducimus'),
(2, 6, 'Eum illo.', 'odit'),
(2, 7, 'Quae.', 'ut'),
(1, 8, 'Illum porro.', 'cupiditate'),
(1, 9, 'Eum.', 'cum'),
(3, 10, 'Quae consequatur.', 'facere'),
(3, 11, 'Corrupti.', 'nihil'),
(2, 12, 'Hic.', 'excepturi'),
(3, 13, 'Saepe soluta.', 'maxime'),
(3, 14, 'Earum cupiditate.', 'optio'),
(2, 15, 'Ullam.', 'deleniti'),
(2, 16, 'Esse inventore.', 'laborum'),
(3, 17, 'Eligendi tempora.', 'laboriosam'),
(1, 18, 'Voluptatum distinctio.', 'atque'),
(1, 19, 'Quasi.', 'quod'),
(1, 20, 'Nam ex.', 'quos'),
(1, 21, 'Vel.', 'accusantium'),
(2, 22, 'Odit.', 'repudiandae'),
(3, 23, 'Qui fugit.', 'ad'),
(3, 24, 'Culpa.', 'magnam'),
(1, 25, 'Fugiat.', 'vitae'),
(3, 26, 'Iusto.', 'soluta'),
(3, 27, 'Optio.', 'perspiciatis'),
(1, 28, 'Cumque reiciendis.', 'error'),
(3, 29, 'Quidem eius.', 'totam'),
(2, 30, 'Expedita.', 'tempora'),
(1, 31, 'Nulla aliquam.', 'aut'),
(3, 32, 'Rerum nulla.', 'inventore'),
(1, 33, 'Porro.', 'consequatur'),
(1, 34, 'Nostrum ducimus.', 'sint'),
(2, 35, 'Nostrum.', 'aliquam'),
(1, 36, 'Natus.', 'dignissimos'),
(2, 37, 'Temporibus.', 'magni'),
(3, 38, 'Quidem.', 'sit'),
(3, 39, 'Dicta.', 'est'),
(3, 40, 'Earum explicabo.', 'soluta'),
(2, 41, 'Ut cupiditate.', 'ducimus'),
(1, 42, 'Nemo.', 'laborum'),
(2, 43, 'Ullam.', 'numquam'),
(2, 44, 'Porro.', 'sapiente'),
(3, 45, 'Aliquid.', 'et'),
(3, 46, 'Adipisci provident.', 'alias'),
(2, 47, 'Iste.', 'necessitatibus'),
(3, 48, 'Vitae.', 'ab'),
(1, 49, 'Officia.', 'eveniet'),
(2, 50, 'Labore perferendis.', 'qui'),
(3, 51, 'Maxime pariatur.', 'dignissimos'),
(2, 52, 'Totam distinctio.', 'asperiores'),
(1, 53, 'Aliquid.', 'nobis');
INSERT INTO activity_type(id, name)
VALUES(1, 'حديث'),
(2, 'فقه'),
(3, 'عقيدة'),
(4, 'سيرة'),
(5, 'صحابة'),
(6, 'تدبّر'),
(7, 'لغتي وقرآني'),
(8, 'نظم الجزريّة'),
(9, 'تجويد'),
(10, 'أسماء الله الحسنى');
INSERT INTO activity(id, title, activity_type_id, coordinator_id, presenter_id, activity_date)
VALUES(1, 'Possimus voluptas totam.', 9, 92, 95,'2019-01-17'),
(2, 'A ullam ut esse laboriosam.', 3, 94, 97,'2003-05-03'),
(3, 'Cumque laboriosam nam.', 10, 97, 92,'1990-11-15'),
(4, 'Mollitia ab omnis ducimus rerum.', 6, 97, 94,'1991-11-10'),
(5, 'Sint in vero.', 7, 96, 95,'2022-07-15'),
(6, 'Sequi velit totam.', 10, 93, 100,'1997-01-20'),
(7, 'Animi soluta.', 6, 99, 94,'1990-01-15'),
(8, 'Incidunt odit inventore consequatur dolor.', 8, 91, 95,'1980-05-21'),
(9, 'Maxime nesciunt quis ipsum perspiciatis.', 3, 96, 93,'2022-02-03'),
(10, 'Voluptatum nulla excepturi.', 5, 96, 93,'2012-10-03'),
(11, 'Commodi excepturi quos optio.', 7, 96, 95,'1979-04-13'),
(12, 'Impedit modi.', 3, 96, 99,'2016-03-07'),
(13, 'Perferendis sit ullam voluptate.', 5, 98, 93,'1982-10-11'),
(14, 'Quaerat animi.', 9, 91, 98,'2017-06-09'),
(15, 'Repudiandae dolore molestias nihil.', 7, 93, 96,'2007-04-29'),
(16, 'Quam voluptate modi.', 4, 94, 95,'1993-03-25'),
(17, 'Illo earum.', 8, 98, 92,'1981-01-14'),
(18, 'Blanditiis iste totam nesciunt.', 10, 95, 97,'2017-08-24'),
(19, 'Earum error voluptate magnam culpa.', 7, 95, 99,'2013-12-09'),
(20, 'Officiis hic.', 3, 100, 100,'2013-10-09');
INSERT INTO activity_student(id, activity_id, student_id)
VALUES(1, '1', '68'),
(2, '14', '43'),
(3, '7', '71'),
(4, '2', '87'),
(5, '9', '44'),
(6, '13', '74'),
(7, '19', '38'),
(8, '5', '63'),
(9, '9', '60'),
(10, '17', '70'),
(11, '13', '44'),
(12, '19', '68'),
(13, '14', '20'),
(14, '11', '5'),
(15, '7', '28'),
(16, '7', '39'),
(17, '17', '4'),
(18, '13', '60'),
(19, '1', '57'),
(20, '9', '41'),
(21, '6', '23'),
(22, '18', '25'),
(23, '17', '65'),
(24, '14', '49'),
(25, '9', '24'),
(26, '4', '72'),
(27, '11', '42'),
(28, '18', '86'),
(29, '20', '31'),
(30, '20', '31'),
(31, '7', '88'),
(32, '8', '25'),
(33, '9', '50'),
(34, '12', '7'),
(35, '17', '67'),
(36, '1', '89'),
(37, '12', '72'),
(38, '14', '16'),
(39, '3', '1'),
(40, '17', '44'),
(41, '5', '27'),
(42, '1', '67'),
(43, '10', '63'),
(44, '5', '1'),
(45, '12', '90'),
(46, '16', '32'),
(47, '9', '68'),
(48, '14', '21'),
(49, '9', '65'),
(50, '1', '86'),
(51, '17', '66'),
(52, '20', '45'),
(53, '14', '2'),
(54, '6', '65'),
(55, '15', '82'),
(56, '2', '11'),
(57, '18', '78'),
(58, '16', '67'),
(59, '11', '57'),
(60, '12', '44'),
(61, '6', '54'),
(62, '20', '53'),
(63, '16', '72'),
(64, '14', '87'),
(65, '13', '64'),
(66, '3', '22'),
(67, '16', '63'),
(68, '18', '90'),
(69, '3', '86'),
(70, '5', '60'),
(71, '3', '68'),
(72, '12', '79'),
(73, '10', '33'),
(74, '3', '78'),
(75, '8', '56'),
(76, '12', '82'),
(77, '5', '52'),
(78, '5', '32'),
(79, '15', '17'),
(80, '19', '89'),
(81, '13', '86'),
(82, '16', '30'),
(83, '8', '7'),
(84, '8', '60'),
(85, '16', '26'),
(86, '6', '5'),
(87, '20', '23'),
(88, '10', '28'),
(89, '2', '80'),
(90, '8', '64'),
(91, '2', '50'),
(92, '9', '15'),
(93, '20', '74'),
(94, '18', '78'),
(95, '9', '5'),
(96, '1', '67'),
(97, '10', '75'),
(98, '19', '38'),
(99, '2', '75'),
(100, '13', '27'),
(101, '12', '19'),
(102, '17', '23'),
(103, '15', '34'),
(104, '17', '70'),
(105, '7', '69'),
(106, '14', '2'),
(107, '15', '68'),
(108, '13', '88'),
(109, '14', '12'),
(110, '16', '34'),
(111, '3', '68'),
(112, '2', '51'),
(113, '18', '30'),
(114, '19', '10'),
(115, '18', '20'),
(116, '3', '68'),
(117, '9', '43'),
(118, '16', '51'),
(119, '14', '4'),
(120, '18', '61'),
(121, '19', '23'),
(122, '19', '33'),
(123, '5', '39'),
(124, '12', '39'),
(125, '16', '47'),
(126, '10', '52'),
(127, '4', '47'),
(128, '13', '80'),
(129, '2', '61'),
(130, '17', '24'),
(131, '13', '71'),
(132, '6', '72'),
(133, '19', '56'),
(134, '11', '26'),
(135, '2', '76'),
(136, '1', '81'),
(137, '19', '56'),
(138, '14', '39'),
(139, '15', '70'),
(140, '10', '77'),
(141, '12', '31'),
(142, '5', '13'),
(143, '19', '35'),
(144, '8', '14'),
(145, '14', '54'),
(146, '12', '39'),
(147, '16', '44'),
(148, '8', '11'),
(149, '2', '48'),
(150, '14', '65'),
(151, '18', '1'),
(152, '19', '36'),
(153, '19', '19'),
(154, '17', '57'),
(155, '4', '31'),
(156, '4', '73'),
(157, '3', '71'),
(158, '5', '77'),
(159, '18', '40'),
(160, '15', '24'),
(161, '5', '49'),
(162, '12', '30'),
(163, '3', '75'),
(164, '14', '31'),
(165, '10', '33'),
(166, '17', '84'),
(167, '11', '29'),
(168, '4', '41'),
(169, '2', '84'),
(170, '16', '63'),
(171, '4', '27'),
(172, '5', '37'),
(173, '8', '2'),
(174, '10', '71'),
(175, '17', '9'),
(176, '19', '44'),
(177, '5', '27'),
(178, '8', '80'),
(179, '20', '81'),
(180, '18', '24'),
(181, '16', '51'),
(182, '2', '82'),
(183, '20', '57'),
(184, '3', '47'),
(185, '8', '2'),
(186, '14', '7'),
(187, '16', '74'),
(188, '9', '47'),
(189, '5', '51'),
(190, '19', '3'),
(191, '11', '30'),
(192, '10', '83'),
(193, '9', '70'),
(194, '12', '18'),
(195, '1', '73'),
(196, '17', '24'),
(197, '2', '17'),
(198, '5', '63'),
(199, '5', '44'),
(200, '1', '7'),
(201, '19', '50'),
(202, '6', '68'),
(203, '18', '24'),
(204, '20', '2'),
(205, '3', '66'),
(206, '20', '28'),
(207, '5', '45'),
(208, '5', '19'),
(209, '19', '42'),
(210, '8', '32'),
(211, '5', '86'),
(212, '7', '72'),
(213, '9', '35'),
(214, '7', '38'),
(215, '10', '1'),
(216, '9', '5'),
(217, '8', '31'),
(218, '12', '71'),
(219, '2', '51'),
(220, '9', '6'),
(221, '17', '61'),
(222, '4', '12'),
(223, '14', '63'),
(224, '18', '70'),
(225, '17', '41'),
(226, '19', '84'),
(227, '6', '87'),
(228, '15', '32'),
(229, '19', '17'),
(230, '17', '79'),
(231, '14', '54'),
(232, '13', '36'),
(233, '10', '18'),
(234, '12', '14'),
(235, '14', '43'),
(236, '3', '12'),
(237, '8', '55'),
(238, '20', '35'),
(239, '15', '57'),
(240, '10', '22'),
(241, '3', '75'),
(242, '20', '18'),
(243, '10', '15'),
(244, '6', '36'),
(245, '7', '86'),
(246, '13', '70'),
(247, '10', '28'),
(248, '10', '61'),
(249, '19', '4'),
(250, '2', '32'),
(251, '17', '81'),
(252, '18', '72'),
(253, '10', '68'),
(254, '11', '44'),
(255, '3', '67'),
(256, '10', '32'),
(257, '20', '30'),
(258, '6', '86'),
(259, '8', '12'),
(260, '3', '10'),
(261, '4', '8'),
(262, '1', '54'),
(263, '19', '26'),
(264, '6', '84'),
(265, '16', '55'),
(266, '10', '88'),
(267, '13', '18'),
(268, '11', '25'),
(269, '1', '56'),
(270, '17', '3'),
(271, '17', '32'),
(272, '5', '50'),
(273, '8', '87'),
(274, '15', '51'),
(275, '3', '3'),
(276, '11', '87'),
(277, '5', '1'),
(278, '4', '66'),
(279, '10', '11'),
(280, '5', '14'),
(281, '9', '18'),
(282, '7', '87'),
(283, '1', '47'),
(284, '16', '58'),
(285, '6', '59'),
(286, '20', '18'),
(287, '7', '6'),
(288, '3', '19'),
(289, '9', '42'),
(290, '2', '67'),
(291, '9', '58'),
(292, '14', '88'),
(293, '8', '36'),
(294, '15', '38'),
(295, '13', '71'),
(296, '15', '54'),
(297, '11', '35'),
(298, '3', '35'),
(299, '11', '47'),
(300, '18', '77'),
(301, '13', '36'),
(302, '8', '21'),
(303, '3', '43'),
(304, '8', '90'),
(305, '18', '56'),
(306, '6', '44'),
(307, '2', '20'),
(308, '7', '84'),
(309, '8', '57'),
(310, '18', '6'),
(311, '17', '56'),
(312, '3', '12'),
(313, '9', '20'),
(314, '7', '4'),
(315, '20', '63'),
(316, '3', '13'),
(317, '16', '51'),
(318, '7', '15'),
(319, '5', '70'),
(320, '7', '32'),
(321, '19', '57'),
(322, '5', '36'),
(323, '13', '84'),
(324, '7', '90'),
(325, '8', '78'),
(326, '1', '75'),
(327, '16', '9'),
(328, '13', '14'),
(329, '17', '80'),
(330, '20', '83'),
(331, '9', '7'),
(332, '5', '2'),
(333, '18', '32'),
(334, '12', '38'),
(335, '15', '35'),
(336, '1', '6'),
(337, '10', '80'),
(338, '12', '86'),
(339, '16', '36'),
(340, '8', '34'),
(341, '4', '66'),
(342, '4', '7'),
(343, '6', '4'),
(344, '17', '36'),
(345, '4', '63'),
(346, '19', '52'),
(347, '8', '83'),
(348, '11', '79'),
(349, '20', '11'),
(350, '17', '38'),
(351, '3', '21'),
(352, '12', '39'),
(353, '16', '86'),
(354, '6', '84'),
(355, '19', '38'),
(356, '5', '54'),
(357, '2', '69'),
(358, '3', '38'),
(359, '4', '46'),
(360, '1', '85'),
(361, '10', '77'),
(362, '9', '7'),
(363, '3', '76'),
(364, '5', '40'),
(365, '8', '19'),
(366, '12', '2'),
(367, '5', '71'),
(368, '2', '25'),
(369, '5', '40'),
(370, '19', '40'),
(371, '1', '37'),
(372, '6', '10'),
(373, '17', '8'),
(374, '15', '90'),
(375, '2', '66'),
(376, '5', '20'),
(377, '4', '27'),
(378, '13', '1'),
(379, '20', '73'),
(380, '17', '49'),
(381, '3', '37'),
(382, '12', '2'),
(383, '20', '83'),
(384, '10', '14'),
(385, '6', '16'),
(386, '7', '10'),
(387, '14', '76'),
(388, '7', '14'),
(389, '7', '24'),
(390, '20', '25'),
(391, '3', '22'),
(392, '14', '54'),
(393, '12', '66'),
(394, '6', '15'),
(395, '3', '58'),
(396, '18', '49'),
(397, '5', '56'),
(398, '6', '84'),
(399, '20', '15'),
(400, '3', '49'),
(401, '15', '73'),
(402, '9', '26'),
(403, '16', '14'),
(404, '20', '39'),
(405, '5', '25'),
(406, '17', '62'),
(407, '6', '32'),
(408, '18', '2'),
(409, '13', '78'),
(410, '12', '11'),
(411, '16', '18'),
(412, '12', '8'),
(413, '7', '69'),
(414, '15', '57'),
(415, '6', '22'),
(416, '11', '38'),
(417, '9', '52'),
(418, '7', '73'),
(419, '1', '66'),
(420, '10', '13'),
(421, '20', '13'),
(422, '9', '86'),
(423, '15', '39'),
(424, '3', '26'),
(425, '8', '84'),
(426, '2', '50'),
(427, '13', '26'),
(428, '12', '77'),
(429, '9', '4'),
(430, '1', '3'),
(431, '15', '7'),
(432, '17', '6'),
(433, '15', '45'),
(434, '14', '83'),
(435, '19', '34'),
(436, '17', '22'),
(437, '9', '11'),
(438, '14', '48'),
(439, '9', '36'),
(440, '19', '12'),
(441, '6', '62'),
(442, '16', '78'),
(443, '11', '85'),
(444, '15', '43'),
(445, '9', '10'),
(446, '17', '28'),
(447, '3', '43'),
(448, '15', '90'),
(449, '8', '10'),
(450, '11', '85'),
(451, '3', '36'),
(452, '18', '74'),
(453, '17', '32'),
(454, '15', '37'),
(455, '2', '56'),
(456, '8', '6'),
(457, '10', '81'),
(458, '14', '77'),
(459, '7', '54'),
(460, '8', '10'),
(461, '2', '79'),
(462, '16', '32'),
(463, '9', '16'),
(464, '19', '3'),
(465, '17', '40'),
(466, '15', '12'),
(467, '13', '57'),
(468, '10', '31'),
(469, '19', '48'),
(470, '13', '52'),
(471, '19', '38'),
(472, '20', '37'),
(473, '14', '51'),
(474, '17', '30'),
(475, '13', '69'),
(476, '9', '57'),
(477, '3', '31'),
(478, '5', '32'),
(479, '5', '64'),
(480, '1', '50'),
(481, '14', '32'),
(482, '12', '70'),
(483, '16', '40'),
(484, '14', '53'),
(485, '17', '14'),
(486, '11', '30'),
(487, '13', '21'),
(488, '11', '31'),
(489, '19', '20'),
(490, '7', '3'),
(491, '1', '65'),
(492, '8', '38'),
(493, '14', '35'),
(494, '19', '70'),
(495, '2', '25'),
(496, '20', '39'),
(497, '14', '67'),
(498, '6', '28'),
(499, '9', '16'),
(500, '19', '64'),
(501, '5', '29'),
(502, '3', '21'),
(503, '17', '1'),
(504, '20', '48'),
(505, '15', '44'),
(506, '14', '75'),
(507, '7', '40'),
(508, '17', '67'),
(509, '11', '83'),
(510, '17', '78'),
(511, '16', '53'),
(512, '19', '41'),
(513, '8', '79'),
(514, '17', '3'),
(515, '14', '35'),
(516, '2', '4'),
(517, '8', '56'),
(518, '14', '40'),
(519, '18', '66'),
(520, '12', '44'),
(521, '2', '23'),
(522, '4', '41'),
(523, '6', '46'),
(524, '7', '18'),
(525, '9', '79'),
(526, '1', '63'),
(527, '11', '37'),
(528, '16', '56'),
(529, '2', '62'),
(530, '18', '8'),
(531, '12', '69'),
(532, '1', '7'),
(533, '9', '66'),
(534, '12', '42'),
(535, '2', '83'),
(536, '7', '2'),
(537, '9', '1'),
(538, '20', '61'),
(539, '4', '21'),
(540, '13', '38'),
(541, '2', '36'),
(542, '5', '14'),
(543, '5', '64'),
(544, '19', '64'),
(545, '9', '28'),
(546, '17', '56'),
(547, '20', '8'),
(548, '19', '63'),
(549, '14', '29'),
(550, '12', '6'),
(551, '4', '35'),
(552, '14', '21'),
(553, '17', '44'),
(554, '8', '61'),
(555, '17', '73'),
(556, '9', '67'),
(557, '19', '31'),
(558, '20', '27'),
(559, '9', '85'),
(560, '6', '50'),
(561, '9', '78'),
(562, '5', '4'),
(563, '10', '15'),
(564, '8', '4'),
(565, '10', '53'),
(566, '14', '79'),
(567, '5', '80'),
(568, '12', '84'),
(569, '6', '43'),
(570, '8', '57'),
(571, '4', '69'),
(572, '18', '21'),
(573, '9', '56'),
(574, '5', '74'),
(575, '15', '31'),
(576, '5', '68'),
(577, '20', '55'),
(578, '3', '30'),
(579, '11', '79'),
(580, '6', '87'),
(581, '9', '83'),
(582, '8', '33'),
(583, '3', '25'),
(584, '6', '87'),
(585, '13', '3'),
(586, '15', '74'),
(587, '16', '49'),
(588, '4', '60'),
(589, '13', '64'),
(590, '4', '59'),
(591, '12', '74'),
(592, '4', '67'),
(593, '16', '64'),
(594, '17', '64'),
(595, '15', '62'),
(596, '6', '22'),
(597, '13', '40'),
(598, '14', '55'),
(599, '19', '11'),
(600, '13', '69');