INSERT INTO person (id, fname, lname, year_of_study, contact_number, join_date, email, address)
VALUES(1, 'فائق', 'آل معيض', 4, '311-748-775', '1981-08-20', 'tal-mhmd-bn-ly-bn-jmz@hotmail.com', '7715 الراشد Valleys\nSouth يحيىberg, MP 12641'),
(2, 'ترف', 'الشايع', 4, '589-497-905', '2001-03-04', 'eal-swd@hotmail.com', 'USNS آل خضير\nFPO AA 54987'),
(3, 'مخلص', 'فصيل', 5, '165-903-348', '1984-03-12', 'qnt84@gmail.com', '02948 آل سعود Rapids\nEast وصافburgh, GU 27151'),
(4, 'جهاد', 'الراشد', 4, '368-125-086', '2019-06-14', 'hsnljfly@gmail.com', '31019 بنفسج Curve\nصاحبshire, IL 13176'),
(5, 'زهرة', 'آل عواض', 1, '380-597-853', '2020-04-21', 'hnbl97@hotmail.com', '101 الحجار Falls Suite 629\nWest مصباح, UT 08470'),
(6, 'ماهر', 'الحكير', 4, '173-689-966', '1987-01-10', 'glqyl@yahoo.com', '03942 آل عايض Island\nآل صفوانview, KS 34630'),
(7, 'جهراء', 'حنبولي', 2, '121-517-267', '2018-08-19', 'al-rfylm@gmail.com', '236 زكي Summit\nآل جعفرhaven, NE 47406'),
(8, 'سمير', 'آل بن لافي', 1, '534-874-413', '2012-11-21', 'rlmgwl@yahoo.com', '226 الشايع Trace Suite 239\nآل سلطانfurt, PR 33475'),
(9, 'ثائر', 'آل صفوان', 4, '185-363-351', '1986-05-03', 'frdwsal-swd@gmail.com', 'Unit 1857 Box 8805\nDPO AE 65075'),
(10, 'شهير', 'الراشد', 3, '110-195-816', '1988-09-07', 'al-jfrtyd@gmail.com', '3091 آل العسكري Route Apt. 316\nEast أسرارborough, DC 34895'),
(11, 'شريف', 'آل الشيخ', 4, '908-679-210', '1987-01-04', 'al-mqtqsm@hotmail.com', '608 آل عواض Ford Apt. 736\nNew صدر الدّين, ND 18818'),
(12, 'رافع', 'آل بن ظافر', 1, '487-202-406', '1973-09-05', 'lmhydbshj@yahoo.com', '17361 ميمون Station\nNew أريج, AK 31092'),
(13, 'فاروق', 'آل رفيع', 4, '742-090-401', '1983-08-05', 'nwry08@yahoo.com', '8159 المهنا Brook Suite 867\nدريدbury, AS 42831'),
(14, 'نضال', 'أبا الخيل', 5, '844-575-624', '2023-02-24', 'mry83@gmail.com', '5182 آل مقطة Well\nSouth هاشم, WA 59504'),
(15, 'وفاء', 'آل بن لافي', 4, '594-042-840', '2015-11-03', 'mhrnb-lkhyl@hotmail.com', '682 ناجح Forest Apt. 521\nEast ليان, AK 07645'),
(16, 'صبيح', 'آل خضير', 5, '892-534-963', '2019-01-07', 'rwwf30@yahoo.com', '4050 ضيائي Lake\nآل جعفرchester, MI 57166'),
(17, 'وادع', 'آل خضير', 2, '146-004-521', '1994-11-30', 'mljln@yahoo.com', '48536 آل مقطة Plaza\nWest نبيه, KY 30909'),
(18, 'راغب', 'بقشان', 2, '327-121-262', '2020-07-13', 'bd-lswlmal-rfy@gmail.com', '4685 آل سعود Shoal\nNew عبد الجبّار, SD 86963'),
(19, 'ذيب', 'المهنا', 3, '456-295-075', '1981-08-05', 'wdwdlqyl@hotmail.com', '7493 مهنا Park Apt. 685\nLake نائلport, HI 72131'),
(20, 'مؤيّد', 'آل بن ظافر', 1, '034-418-270', '1996-08-17', 'rfyq58@gmail.com', '365 حجار Locks Apt. 550\nالعقيلstad, FL 66858'),
(21, 'محفوظ', 'آل سعود', 5, '286-054-009', '2003-01-02', 'rfal-sltn@yahoo.com', '45773 الحكير Valleys\nوفيقfurt, PW 99630'),
(22, 'عبد الباري', 'أبا الخيل', 1, '465-125-970', '2001-06-10', 'rjyy28@hotmail.com', '97234 ظاهر Lakes\nوجيهfurt, FM 53142'),
(23, 'نصوح', 'العليان', 2, '340-104-478', '2021-12-16', 'nshwnal-tf@gmail.com', '681 شهاب Landing\nSouth داهيhaven, MI 80029'),
(24, 'كرمة', 'آل جعفر', 1, '046-500-979', '2023-04-27', 'al-wdtyf@yahoo.com', '79699 ناصر Drive Apt. 903\nNew صابر, CA 40649'),
(25, 'ميسون', 'حجار', 3, '150-383-736', '1982-11-02', 'shkr32@yahoo.com', '0227 الراشد Falls\nالمهيدبville, UT 06009'),
(26, 'حسنين', 'مهنا', 3, '164-073-343', '2013-09-10', 'wal-hsyn@yahoo.com', 'USNS آل الشيخ\nFPO AE 26460'),
(27, 'عابد', 'المشاولة', 3, '705-507-271', '1991-09-23', 'hnfy71@gmail.com', '5932 بن لادن Keys\nقحطانtown, ND 69396'),
(28, 'سراج الدّين', 'آل العسكري', 2, '249-851-144', '1988-08-05', 'nwrlrshd@hotmail.com', '9405 الجفالي Row Apt. 086\nراميmouth, HI 21708'),
(29, 'علم الدّين', 'آل حسين', 2, '248-075-196', '1977-11-13', 'slhkyr@hotmail.com', '912 نافع Causeway\nEast سهلville, AL 78511'),
(30, 'سهل', 'مهنا', 5, '850-231-665', '2011-06-13', 'twlynal-bn-lfy@gmail.com', '28436 آل سلطان Plain\nعمروview, CA 01633'),
(31, 'راوي', 'آل سعود', 4, '181-674-090', '2012-09-13', 'hnbwlyzyd@yahoo.com', '81159 الجفالي Crossing Suite 156\nآل بن ظافرfort, NE 09876'),
(32, 'شفيع', 'آل صفوان', 5, '083-294-781', '1986-08-23', 'al-bn-lfydryd@hotmail.com', 'USCGC الجابر\nFPO AA 19062'),
(33, 'طائع', 'العجلان', 1, '816-911-795', '2024-07-24', 'zljfly@yahoo.com', '879 أبا الخيل Villages\nLake وسيل, MI 99933'),
(34, 'ليث', 'أبا الخيل', 3, '172-742-327', '2020-09-11', 'knn37@yahoo.com', '691 صخر Inlet\nWest رحيبstad, MD 12592'),
(35, 'أريج', 'آل صفوان', 4, '313-678-451', '1974-11-07', 'ual-tf@gmail.com', 'USS آل حسين\nFPO AE 79897'),
(36, 'كوثر', 'آل علي', 2, '463-911-683', '1990-03-27', 'fsyldl@gmail.com', '30768 ظاهر Run\nقحطانchester, DC 08963'),
(37, 'حبّاب', 'الخرافي', 3, '517-602-214', '1990-02-19', 'wal-sltn@gmail.com', '0727 آل مقطة Parks\nNorth صدّامtown, VT 71946'),
(38, 'جواهر', 'آل عايض', 5, '112-549-711', '1992-08-03', 'hym97@yahoo.com', '56662 آل علي Harbors Apt. 890\nLake مُعتزton, MP 17031'),
(39, 'نبهان', 'شربتلي', 4, '179-164-950', '1999-01-30', 'al-sfwnkwthr@gmail.com', '52310 عبد الحيّ Estate Apt. 141\nيسريmouth, SD 77212'),
(40, 'فيّاض', 'آل حسين', 2, '658-742-043', '1996-08-03', 'al-mhmd-bn-ly-bn-jmzmzhr@hotmail.com', '8163 آل عطفة Springs\nPort فاروق, KY 59188'),
(41, 'عبد الإله', 'الجفالي', 1, '348-635-193', '1997-04-22', 'rjh62@hotmail.com', '08377 الدباغ Ports\nNew لطفيchester, MH 01987'),
(42, 'مهدي', 'الحجار', 4, '204-365-221', '1985-07-29', 'srrknw@hotmail.com', '760 آل رفيع Islands\nLake ريف, OK 90529'),
(43, 'تاليا', 'آل الشيخ', 5, '076-546-673', '2019-09-06', 'mymwn89@yahoo.com', '7424 ماجد Island Apt. 792\nالجابرborough, MP 26414'),
(44, 'حلا', 'الخرافي', 1, '305-886-746', '1983-09-11', 'val-lshykh@hotmail.com', '67127 آل عايض Rapid Suite 660\nLake جلنارberg, AS 60138'),
(45, 'ناصر الدّين', 'الجابر', 2, '208-744-340', '2021-12-05', 'slmnfsyl@gmail.com', '830 ذكي Lodge Apt. 637\nآل بن ظافرland, SC 79466'),
(46, 'كريم', 'بن لادن', 1, '535-645-968', '1976-02-16', 'bd-lrwhym29@gmail.com', '153 ضحّاك View Suite 670\nLake لورا, MO 20572'),
(47, 'جهاد', 'آل بن لافي', 1, '423-055-022', '2005-09-10', 'hywn41@gmail.com', 'Unit 4237 Box 2804\nDPO AP 63292'),
(48, 'جهراء', 'الحكير', 4, '056-765-829', '1971-09-30', 'rwlshy@gmail.com', '03930 الجابر Estate\nشافعstad, RI 50024'),
(49, 'يحيى', 'حنبولي', 5, '088-673-731', '1990-10-22', 'sal-bn-lfy@hotmail.com', '557 ساجد Pass Apt. 876\nLake وديعtown, SD 88717'),
(50, 'جهاد', 'آل العسكري', 2, '632-026-815', '1987-07-24', 'rzyfsyl@gmail.com', '0681 آل عواض Camp Suite 577\nSouth بهية, WA 59280'),
(51, 'بلند', 'آل محمد بن علي بن جماز', 1, '336-660-879', '2009-06-04', 'slymn25@hotmail.com', '6111 أبو داوود Shoal\nWest روبا, OH 53471'),
(52, 'ساهر', 'حنبولي', 3, '641-129-681', '2023-04-12', 'al-mqthykl@hotmail.com', '76637 حنبولي Harbors\nLake عبد الجبّار, NY 32318'),
(53, 'مقداد', 'المهنا', 2, '446-812-987', '1995-05-21', 'yfal-jfr@gmail.com', '42937 آل العسكري Ranch\nNew طبّاعmouth, NY 09163'),
(54, 'ميسون', 'الجابر', 5, '910-694-975', '1982-10-25', 'ktwm60@hotmail.com', '405 آل سعود Vista\nآل الشيخbury, NY 95540'),
(55, 'جواهر', 'شربتلي', 4, '192-279-102', '1979-05-19', 'al-bn-zfrslf@hotmail.com', 'Unit 1870 Box 1407\nDPO AE 07804'),
(56, 'اعتكاف', 'آل صفوان', 4, '253-472-193', '1999-08-01', 'ual-jfr@hotmail.com', '840 قائد Shore Suite 618\nNorth كرمةberg, NJ 63162'),
(57, 'خالدي', 'المشاولة', 3, '661-986-716', '1991-09-30', 'knn65@yahoo.com', 'Unit 3527 Box 2295\nDPO AP 64213'),
(58, 'طامح', 'شربتلي', 3, '895-653-626', '1997-07-08', 'ysr02@gmail.com', '85169 ضرغام Lake\nآل عواضburgh, AR 99209'),
(59, 'زاخر', 'آل عايض', 4, '230-610-866', '1980-09-05', 'dhbal-khdyr@gmail.com', '36361 وائل Coves Apt. 263\nحجارburgh, MD 14801'),
(60, 'ألين', 'آل عواض', 5, '048-851-008', '1976-07-04', 'rshd99@gmail.com', '504 حنبولي Court Suite 177\nEast يسرىton, SD 23645'),
(61, 'دؤوب', 'المهنا', 2, '595-723-610', '2014-08-21', 'al-tfthbt@yahoo.com', '675 آل محمد بن علي بن جماز Fall Apt. 729\nآل عطفةshire, DE 44292'),
(62, 'وحيد', 'آل صفوان', 4, '112-965-162', '1980-08-28', 'slfal-swd@gmail.com', '09382 الخرافي Pine Suite 334\nPort سعدville, CT 92577'),
(63, 'نضال', 'آل بن ظافر', 1, '021-197-425', '2019-08-27', 'fdy07@yahoo.com', '449 آل عواض Points\nNorth باسمة, UT 09855'),
(64, 'سيف الدّين', 'المهنا', 4, '109-565-747', '2008-07-29', 'fal-sltn@yahoo.com', '764 مجد Cape Suite 974\nNorth ابتسامbury, SD 48077'),
(65, 'فالح', 'الراشد', 5, '547-121-469', '1974-08-25', 'al-jfrsnm@hotmail.com', '61146 معمّر Extension Apt. 838\nغزوانhaven, MD 32843'),
(66, 'سنام', 'مهنا', 3, '505-142-860', '1971-12-21', 'ylmgwl@hotmail.com', '818 طلعت Trail\nLake عثمانburgh, MD 92119'),
(67, 'خاطر', 'آل الشيخ', 4, '821-977-325', '2009-10-30', 'llynnmr@gmail.com', '721 آل عواض Terrace Suite 394\nEast مخلصberg, WY 03145'),
(68, 'محمود', 'شربتلي', 3, '411-467-989', '1988-03-18', 'flshy@yahoo.com', '182 آل سلطان Courts Apt. 378\nNew فرزدق, PA 73482'),
(69, 'مُنير', 'المهنا', 4, '487-443-923', '1993-02-19', 'al-sltnmnswr@gmail.com', '047 عبد الغفّار Lock Suite 844\nLake نظميborough, DC 06865'),
(70, 'بشرى', 'بن لادن', 3, '154-594-945', '1972-09-25', 'nsyblmhydb@gmail.com', '54952 ناصيف Center Apt. 741\nالدباغshire, MO 99314'),
(71, 'ريّان', 'الدباغ', 3, '220-565-424', '2013-08-11', 'wal-mhmd-bn-ly-bn-jmz@gmail.com', '75730 شيّق Crescent Apt. 005\nEast حيدر, IA 18085'),
(72, 'ساهد', 'آل عايض', 4, '856-049-906', '1984-12-15', 'hyl37@yahoo.com', '0235 آل مقطة Pines\nالعجلانshire, UT 96535'),
(73, 'صعب', 'أبا الخيل', 5, '512-999-533', '1970-12-02', 'lmshwlzyn@hotmail.com', '60606 الجابر Pines\nهدىbury, ND 38572'),
(74, 'خالدي', 'آل معيض', 2, '070-748-285', '2018-02-11', 'ljlnmjd@gmail.com', '961 نوال Springs\nفخريtown, MI 60022'),
(75, 'مشفق', 'المغاولة', 1, '793-491-044', '2016-07-23', 'shrbtlylwm@hotmail.com', '2764 ديمه Motorway Suite 482\nPort ظهيرmouth, AS 22529'),
(76, 'مأمون', 'الجفالي', 3, '678-178-473', '1980-11-20', 'hjral-qsyr@yahoo.com', '3486 راسم Square\nWest كنعان, WY 63071'),
(77, 'عمّار', 'أبو داوود', 1, '684-111-024', '2008-02-08', 'sal-hsyn@gmail.com', '7790 المغاولة Plains\nSouth مُنيرton, MA 56688'),
(78, 'نائل', 'آل صفوان', 3, '870-973-299', '1981-04-13', 'kllyn@hotmail.com', '0512 الشايع Corner\nEast عزّ الدّينhaven, IL 35844'),
(79, 'حازم', 'المهيدب', 3, '578-647-597', '2003-03-25', 'lmgwlnjh@yahoo.com', '80392 المشاولة Cliffs\nبقشانmouth, OK 51747'),
(80, 'لؤي', 'آل جعفر', 3, '469-676-611', '1988-04-11', 'cb-lkhyl@yahoo.com', '71231 حارث Wall\nالعجلانhaven, AS 49071'),
(81, 'مهران', 'أبا الخيل', 1, '041-073-300', '1986-05-05', 'qsmldbg@gmail.com', '256 مجاهد Trafficway\nPort رستم, MS 93131'),
(82, 'غسّان', 'آل بن لافي', 1, '619-219-659', '2020-03-06', 'lhkyrsndyd@yahoo.com', '6858 المهنا Curve Apt. 305\nEast بلندburgh, IA 34374'),
(83, 'طائع', 'المهنا', 2, '105-202-162', '1992-01-30', 'frhal-myd@yahoo.com', '43345 راسم Summit\nجهادfort, NM 50690'),
(84, 'صلاح الدّين', 'المهيدب', 3, '193-693-719', '1991-03-12', 'rlqyl@gmail.com', '790 الجابر Springs\nPort ريما, VT 18461'),
(85, 'عدلي', 'الدباغ', 5, '508-164-392', '1971-04-17', 'xljln@hotmail.com', '8349 آل مقطة Overpass\nأبا الخيلburgh, FM 36504'),
(86, 'وجدي', 'حجار', 5, '757-770-287', '1988-06-13', 'sal-mhmd-bn-ly-bn-jmz@yahoo.com', '680 المهنا Common Suite 086\nEast فلاحfurt, UT 30584'),
(87, 'حلا', 'كانو', 5, '162-940-109', '1987-03-31', 'al-qsyrrsmy@gmail.com', '389 جوانا Hill\nظاعنchester, AK 54269'),
(88, 'أحمد', 'آل عايض', 5, '059-997-361', '2001-09-20', 'lrshdkzm@gmail.com', '5507 العجلان Shoals Suite 704\nآل عطفةtown, PR 04704'),
(89, 'خالدي', 'المشاولة', 1, '825-189-395', '1990-05-07', 'lhkyrmqdd@gmail.com', '38779 الخرافي Port\nواصفshire, MD 92182'),
(90, 'علي', 'الخرافي', 5, '167-090-449', '1992-12-30', 'mmdwhal-myd@hotmail.com', '587 ممتاز Squares\nآل محمد بن علي بن جمازfort, AK 13420'),
(91, 'عزيز', 'آل خضير', 2, '085-692-994', '1984-08-16', 'eal-rfy@yahoo.com', '44097 أبو داوود Trafficway Apt. 003\nباسمةbury, IA 77834'),
(92, 'عبد الباري', 'العجلان', 4, '858-712-854', '2009-12-06', 'al-wdmnyf@hotmail.com', '77269 طموح Green\nمشاريbury, MN 84995'),
(93, 'زياد', 'الجفالي', 3, '807-193-074', '2000-02-14', 'sjy29@gmail.com', 'Unit 2968 Box 6227\nDPO AP 39076'),
(94, 'نجدت', 'آل عواض', 2, '577-610-834', '2004-01-13', 'lmhydbrym@hotmail.com', '803 آل عطفة Unions\nآل قصيرfort, NJ 50260'),
(95, 'منيف', 'بقشان', 4, '566-134-335', '1985-07-24', 'al-mqtmsrwr@yahoo.com', '329 ابتكار Forks\nNew قطب, ND 46728'),
(96, 'عبد الرّحيم', 'مهنا', 2, '153-248-736', '1980-11-10', 'shyl51@hotmail.com', 'USNS آل عطفة\nFPO AA 21698'),
(97, 'عرفه', 'آل سلطان', 1, '214-594-080', '2014-03-15', 'gllyn@yahoo.com', '227 كانو Inlet\nواثقton, NV 91377'),
(98, 'ريف', 'حجار', 2, '084-668-089', '1995-11-28', 'rwfyd82@yahoo.com', '72343 جلال Burgs Suite 706\nEast جابر, NV 88376'),
(99, 'شادي', 'آل عطفة', 4, '576-283-832', '1986-05-17', 'ljflybd-lqhwr@yahoo.com', '935 المهنا Union\nبدرالدّجىmouth, HI 27127'),
(100, 'سراج', 'بقشان', 1, '748-758-771', '2014-02-17', 'dlyl97@yahoo.com', '1504 آل الشيخ Ports\nآل بن لافيfurt, OK 07966');



INSERT INTO student(id, quranic_achievement, status)
VALUES(1, 'random stuff', 'نشط'),
(2, 'random stuff', 'نشط'),
(3, 'random stuff', 'متخرج'),
(4, 'random stuff', 'متخرج'),
(5, 'random stuff', 'متخرج'),
(6, 'random stuff', 'متخرج'),
(7, 'random stuff', 'متخرج'),
(8, 'random stuff', 'متخرج'),
(9, 'random stuff', 'منقطع'),
(10, 'random stuff', 'منقطع'),
(11, 'random stuff', 'متخرج'),
(12, 'random stuff', 'متخرج'),
(13, 'random stuff', 'منقطع'),
(14, 'random stuff', 'منقطع'),
(15, 'random stuff', 'منقطع'),
(16, 'random stuff', 'نشط'),
(17, 'random stuff', 'منقطع'),
(18, 'random stuff', 'منقطع'),
(19, 'random stuff', 'نشط'),
(20, 'random stuff', 'نشط'),
(21, 'random stuff', 'متخرج'),
(22, 'random stuff', 'متخرج'),
(23, 'random stuff', 'منقطع'),
(24, 'random stuff', 'نشط'),
(25, 'random stuff', 'منقطع'),
(26, 'random stuff', 'نشط'),
(27, 'random stuff', 'متخرج'),
(28, 'random stuff', 'منقطع'),
(29, 'random stuff', 'منقطع'),
(30, 'random stuff', 'منقطع'),
(31, 'random stuff', 'نشط'),
(32, 'random stuff', 'منقطع'),
(33, 'random stuff', 'متخرج'),
(34, 'random stuff', 'متخرج'),
(35, 'random stuff', 'متخرج'),
(36, 'random stuff', 'متخرج'),
(37, 'random stuff', 'نشط'),
(38, 'random stuff', 'نشط'),
(39, 'random stuff', 'نشط'),
(40, 'random stuff', 'نشط'),
(41, 'random stuff', 'منقطع'),
(42, 'random stuff', 'متخرج'),
(43, 'random stuff', 'نشط'),
(44, 'random stuff', 'نشط'),
(45, 'random stuff', 'متخرج'),
(46, 'random stuff', 'متخرج'),
(47, 'random stuff', 'منقطع'),
(48, 'random stuff', 'متخرج'),
(49, 'random stuff', 'نشط'),
(50, 'random stuff', 'منقطع'),
(51, 'random stuff', 'متخرج'),
(52, 'random stuff', 'منقطع'),
(53, 'random stuff', 'منقطع'),
(54, 'random stuff', 'منقطع'),
(55, 'random stuff', 'متخرج'),
(56, 'random stuff', 'متخرج'),
(57, 'random stuff', 'نشط'),
(58, 'random stuff', 'منقطع'),
(59, 'random stuff', 'نشط'),
(60, 'random stuff', 'نشط'),
(61, 'random stuff', 'متخرج'),
(62, 'random stuff', 'متخرج'),
(63, 'random stuff', 'منقطع'),
(64, 'random stuff', 'نشط'),
(65, 'random stuff', 'منقطع'),
(66, 'random stuff', 'نشط'),
(67, 'random stuff', 'منقطع'),
(68, 'random stuff', 'نشط'),
(69, 'random stuff', 'منقطع'),
(70, 'random stuff', 'نشط'),
(71, 'random stuff', 'منقطع'),
(72, 'random stuff', 'منقطع'),
(73, 'random stuff', 'منقطع'),
(74, 'random stuff', 'متخرج'),
(75, 'random stuff', 'منقطع'),
(76, 'random stuff', 'منقطع'),
(77, 'random stuff', 'نشط'),
(78, 'random stuff', 'نشط'),
(79, 'random stuff', 'منقطع'),
(80, 'random stuff', 'منقطع'),
(81, 'random stuff', 'منقطع'),
(82, 'random stuff', 'نشط'),
(83, 'random stuff', 'نشط'),
(84, 'random stuff', 'متخرج'),
(85, 'random stuff', 'منقطع'),
(86, 'random stuff', 'منقطع'),
(87, 'random stuff', 'متخرج'),
(88, 'random stuff', 'منقطع'),
(89, 'random stuff', 'نشط'),
(90, 'random stuff', 'متخرج');



INSERT INTO supervisor(id, role, became_supervisor_at, retired_at)
VALUES(91, 'مسمع', '2018-11-21', '2024-01-22'),
(92, 'مشرف', '2003-07-04', '1994-02-07'),
(93, 'مشرف', '1975-05-31', '1976-11-26'),
(94, 'مشرف', '1972-06-06', '2007-08-05'),
(95, 'مسمع', '1997-07-13', '1980-02-08'),
(96, 'مشرف', '1996-05-10', '2008-11-28'),
(97, 'مساعد', '1970-01-31', '2001-10-01'),
(98, 'مساعد', '2004-02-15', '1979-11-21'),
(99, 'مشرف', '1995-01-11', '2018-07-07'),
(100, 'مساعد', '1984-01-03', '2016-07-02');



INSERT INTO student_supervisor(id, student_id, supervisor_id, retired_at)
VALUES(1, 1, 95, '1986-09-24'),
(2, 2, 98, '1993-05-16'),
(3, 3, 97, '2013-08-12'),
(4, 4, 98, '2015-02-24'),
(5, 5, 95, '1974-07-31'),
(6, 6, 98, '1980-08-09'),
(7, 7, 100, '1993-10-24'),
(8, 8, 98, '1995-02-18'),
(9, 9, 100, '1970-07-29'),
(10, 10, 96, '1990-03-13'),
(11, 11, 95, '2011-12-31'),
(12, 12, 99, '1982-07-26'),
(13, 13, 91, '1970-03-03'),
(14, 14, 94, '1989-07-06'),
(15, 15, 94, '2013-09-20'),
(16, 16, 97, '2010-10-25'),
(17, 17, 99, '1991-11-15'),
(18, 18, 99, '2005-06-30'),
(19, 19, 92, '2022-07-04'),
(20, 20, 95, '2016-10-02'),
(21, 21, 96, '1976-04-22'),
(22, 22, 92, '1975-12-31'),
(23, 23, 92, '1973-03-09'),
(24, 24, 91, '1976-01-19'),
(25, 25, 100, '1979-01-21'),
(26, 26, 100, '1995-09-25'),
(27, 27, 96, '1997-11-16'),
(28, 28, 92, '2003-10-21'),
(29, 29, 93, '2013-07-23'),
(30, 30, 95, '2010-03-06'),
(31, 31, 96, '2002-08-14'),
(32, 32, 92, '2012-10-06'),
(33, 33, 97, '1975-11-10'),
(34, 34, 97, '1978-05-12'),
(35, 35, 100, '2017-05-09'),
(36, 36, 93, '2013-01-06'),
(37, 37, 97, '1985-03-21'),
(38, 38, 100, '1995-04-13'),
(39, 39, 100, '2008-05-08'),
(40, 40, 94, '1987-12-22'),
(41, 41, 94, '2014-06-04'),
(42, 42, 96, '1986-12-13'),
(43, 43, 93, '1999-06-09'),
(44, 44, 93, '1990-10-31'),
(45, 45, 98, '1976-09-08'),
(46, 46, 94, '1971-04-14'),
(47, 47, 99, '1982-02-04'),
(48, 48, 98, '2001-02-11'),
(49, 49, 97, '1988-03-24'),
(50, 50, 93, '1977-05-26'),
(51, 51, 98, '2008-05-21'),
(52, 52, 96, '2000-04-17'),
(53, 53, 97, '1995-05-30'),
(54, 54, 98, '1978-07-12'),
(55, 55, 100, '2018-07-28'),
(56, 56, 99, '2022-11-30'),
(57, 57, 95, '2014-10-19'),
(58, 58, 99, '1987-10-12'),
(59, 59, 94, '2013-04-19'),
(60, 60, 92, '1973-11-25'),
(61, 61, 91, '1973-08-25'),
(62, 62, 98, '2015-07-20'),
(63, 63, 98, '1998-10-09'),
(64, 64, 94, '2020-09-18'),
(65, 65, 98, '1986-08-15'),
(66, 66, 97, '1973-08-13'),
(67, 67, 91, '2006-08-21'),
(68, 68, 91, '2003-02-28'),
(69, 69, 98, '1980-09-17'),
(70, 70, 91, '2010-01-03'),
(71, 71, 97, '1995-01-31'),
(72, 72, 99, '2018-09-19'),
(73, 73, 94, '1992-06-09'),
(74, 74, 100, '2006-07-16'),
(75, 75, 97, '2021-02-09'),
(76, 76, 93, '1981-05-04'),
(77, 77, 94, '1986-08-28'),
(78, 78, 100, '1997-06-04'),
(79, 79, 94, '1997-06-10'),
(80, 80, 99, '2014-12-07'),
(81, 81, 91, '2003-07-12'),
(82, 82, 92, '2024-04-19'),
(83, 83, 100, '2007-02-16'),
(84, 84, 97, '1982-03-25'),
(85, 85, 99, '2009-04-21'),
(86, 86, 96, '2000-10-01'),
(87, 87, 99, '2005-07-02'),
(88, 88, 99, '2000-09-07'),
(89, 89, 94, '1994-05-16'),
(90, 90, 94, '1971-01-12');
            INSERT INTO level(id, name, description, plan)
            VALUES(1, 'تلاوة', 'lorem ipsem', 'lorem ipsem'),
            (2, 'غيبي', 'lorem ipsem', 'lorem ipsem'),
            (3, 'انتقالي', 'lorem ipsem', 'lorem ipsem'),
            (4, 'اجازة', 'lorem ipsem', 'lorem ipsem');
INSERT INTO student_level(id, level_id, student_id, reached_at)
VALUES(1, 2, 1, '2018-07-25'),
(2, 3, 2, '2002-05-18'),
(3, 3, 3, '1974-08-01'),
(4, 2, 4, '1989-03-20'),
(5, 1, 5, '2005-04-08'),
(6, 2, 6, '1987-01-16'),
(7, 2, 7, '2019-10-23'),
(8, 3, 8, '1997-10-10'),
(9, 1, 9, '2009-12-15'),
(10, 3, 10, '2007-09-05'),
(11, 4, 11, '2018-11-15'),
(12, 1, 12, '2021-12-04'),
(13, 3, 13, '2022-03-05'),
(14, 1, 14, '1973-04-24'),
(15, 3, 15, '2009-04-10'),
(16, 2, 16, '2018-11-23'),
(17, 4, 17, '1976-08-19'),
(18, 1, 18, '2004-07-25'),
(19, 4, 19, '1980-10-06'),
(20, 3, 20, '2016-11-15'),
(21, 2, 21, '1994-11-19'),
(22, 1, 22, '1970-09-11'),
(23, 2, 23, '2010-04-13'),
(24, 3, 24, '2018-10-07'),
(25, 3, 25, '1977-08-13'),
(26, 2, 26, '1988-08-02'),
(27, 2, 27, '1996-04-25'),
(28, 3, 28, '1974-08-10'),
(29, 1, 29, '2009-10-16'),
(30, 1, 30, '2020-04-16'),
(31, 2, 31, '1979-09-30'),
(32, 4, 32, '1984-10-01'),
(33, 2, 33, '2009-03-09'),
(34, 3, 34, '2009-06-24'),
(35, 4, 35, '2025-01-24'),
(36, 1, 36, '2007-08-09'),
(37, 1, 37, '1971-04-11'),
(38, 2, 38, '2009-04-07'),
(39, 4, 39, '1987-11-20'),
(40, 4, 40, '1978-10-14'),
(41, 2, 41, '2019-03-23'),
(42, 1, 42, '1999-01-06'),
(43, 4, 43, '1994-10-26'),
(44, 1, 44, '1979-05-12'),
(45, 4, 45, '1976-05-07'),
(46, 1, 46, '1976-10-18'),
(47, 3, 47, '1988-11-07'),
(48, 1, 48, '2016-07-08'),
(49, 3, 49, '1998-03-22'),
(50, 1, 50, '2001-04-25'),
(51, 2, 51, '2010-03-22'),
(52, 1, 52, '1985-11-25'),
(53, 1, 53, '2014-01-18'),
(54, 3, 54, '1997-09-22'),
(55, 2, 55, '2008-08-28'),
(56, 3, 56, '1990-07-21'),
(57, 3, 57, '2025-02-28'),
(58, 1, 58, '1971-09-24'),
(59, 1, 59, '1977-05-28'),
(60, 4, 60, '1990-08-07'),
(61, 3, 61, '2024-01-17'),
(62, 3, 62, '1972-08-02'),
(63, 4, 63, '1999-08-15'),
(64, 1, 64, '1996-06-02'),
(65, 4, 65, '1973-06-27'),
(66, 3, 66, '2005-08-22'),
(67, 2, 67, '2002-03-21'),
(68, 2, 68, '1982-04-25'),
(69, 3, 69, '2020-06-30'),
(70, 4, 70, '1979-08-15'),
(71, 4, 71, '1976-06-11'),
(72, 2, 72, '1995-09-09'),
(73, 3, 73, '1994-05-16'),
(74, 3, 74, '1980-09-05'),
(75, 1, 75, '2018-12-06'),
(76, 3, 76, '1981-05-13'),
(77, 2, 77, '2005-07-11'),
(78, 3, 78, '1978-07-27'),
(79, 2, 79, '1977-04-04'),
(80, 1, 80, '1999-12-23'),
(81, 1, 81, '1986-06-02'),
(82, 3, 82, '1998-12-13'),
(83, 1, 83, '1994-02-04'),
(84, 1, 84, '2010-01-17'),
(85, 3, 85, '1970-05-09'),
(86, 2, 86, '2002-08-21'),
(87, 2, 87, '1973-04-05'),
(88, 4, 88, '2000-10-30'),
(89, 1, 89, '2001-06-17'),
(90, 4, 90, '2014-01-22');
            INSERT INTO error(id, error_type, score)
            VALUES(1, 'تجويدي', -4),
            (2, 'حفظي', -3),
            (3, 'تشكيلي', -2);
INSERT INTO report(id, student_supervisor_id, start_page, qty)
VALUES(1, 1, '18', '16'),
(2, 1, '234', '14'),
(3, 1, '377', '11'),
(4, 1, '427', '12'),
(5, 1, '568', '13'),
(6, 1, '296', '14'),
(7, 1, '485', '5'),
(8, 1, '75', '20'),
(9, 1, '397', '18'),
(10, 1, '499', '12'),
(11, 2, '478', '17'),
(12, 2, '10', '11'),
(13, 2, '206', '10'),
(14, 2, '313', '18'),
(15, 2, '83', '12'),
(16, 2, '214', '7'),
(17, 2, '485', '6'),
(18, 2, '458', '16'),
(19, 2, '592', '19'),
(20, 2, '327', '12'),
(21, 3, '428', '18'),
(22, 3, '180', '20'),
(23, 3, '392', '12'),
(24, 3, '428', '20'),
(25, 3, '452', '20'),
(26, 3, '24', '6'),
(27, 3, '38', '13'),
(28, 3, '113', '14'),
(29, 3, '343', '5'),
(30, 3, '318', '9'),
(31, 4, '123', '15'),
(32, 4, '202', '8'),
(33, 4, '212', '16'),
(34, 4, '325', '16'),
(35, 4, '127', '10'),
(36, 4, '438', '6'),
(37, 4, '344', '21'),
(38, 4, '238', '21'),
(39, 4, '72', '3'),
(40, 4, '108', '19'),
(41, 5, '265', '11'),
(42, 5, '542', '9'),
(43, 5, '437', '8'),
(44, 5, '111', '11'),
(45, 5, '15', '5'),
(46, 5, '277', '15'),
(47, 5, '266', '20'),
(48, 5, '330', '8'),
(49, 5, '260', '18'),
(50, 5, '299', '11'),
(51, 6, '533', '6'),
(52, 6, '209', '19'),
(53, 6, '491', '21'),
(54, 6, '444', '17'),
(55, 6, '229', '19'),
(56, 6, '217', '20'),
(57, 6, '4', '4'),
(58, 6, '114', '8'),
(59, 6, '176', '8'),
(60, 6, '591', '5'),
(61, 7, '313', '7'),
(62, 7, '83', '8'),
(63, 7, '268', '17'),
(64, 7, '135', '8'),
(65, 7, '126', '3'),
(66, 7, '415', '14'),
(67, 7, '390', '15'),
(68, 7, '492', '9'),
(69, 7, '209', '20'),
(70, 7, '328', '8'),
(71, 8, '344', '12'),
(72, 8, '460', '18'),
(73, 8, '59', '5'),
(74, 8, '316', '5'),
(75, 8, '564', '9'),
(76, 8, '590', '14'),
(77, 8, '220', '4'),
(78, 8, '209', '11'),
(79, 8, '87', '17'),
(80, 8, '179', '12'),
(81, 9, '543', '17'),
(82, 9, '562', '13'),
(83, 9, '600', '6'),
(84, 9, '230', '6'),
(85, 9, '293', '3'),
(86, 9, '389', '10'),
(87, 9, '465', '9'),
(88, 9, '69', '8'),
(89, 9, '505', '19'),
(90, 9, '232', '18'),
(91, 10, '583', '19'),
(92, 10, '8', '3'),
(93, 10, '209', '11'),
(94, 10, '263', '9'),
(95, 10, '157', '5'),
(96, 10, '229', '4'),
(97, 10, '479', '14'),
(98, 10, '270', '8'),
(99, 10, '19', '20'),
(100, 10, '21', '12'),
(101, 11, '543', '14'),
(102, 11, '381', '13'),
(103, 11, '334', '18'),
(104, 11, '574', '18'),
(105, 11, '78', '6'),
(106, 11, '361', '5'),
(107, 11, '183', '16'),
(108, 11, '467', '12'),
(109, 11, '117', '18'),
(110, 11, '98', '20'),
(111, 12, '522', '8'),
(112, 12, '35', '20'),
(113, 12, '353', '10'),
(114, 12, '417', '11'),
(115, 12, '410', '18'),
(116, 12, '8', '15'),
(117, 12, '562', '19'),
(118, 12, '185', '6'),
(119, 12, '462', '18'),
(120, 12, '530', '3'),
(121, 13, '145', '11'),
(122, 13, '584', '19'),
(123, 13, '163', '7'),
(124, 13, '498', '17'),
(125, 13, '90', '16'),
(126, 13, '291', '12'),
(127, 13, '264', '20'),
(128, 13, '342', '7'),
(129, 13, '283', '19'),
(130, 13, '138', '9'),
(131, 14, '14', '9'),
(132, 14, '520', '7'),
(133, 14, '197', '5'),
(134, 14, '507', '11'),
(135, 14, '279', '3'),
(136, 14, '333', '11'),
(137, 14, '406', '9'),
(138, 14, '287', '11'),
(139, 14, '114', '20'),
(140, 14, '455', '12'),
(141, 15, '1', '6'),
(142, 15, '319', '11'),
(143, 15, '281', '10'),
(144, 15, '34', '17'),
(145, 15, '368', '13'),
(146, 15, '572', '11'),
(147, 15, '603', '9'),
(148, 15, '306', '18'),
(149, 15, '569', '4'),
(150, 15, '437', '21'),
(151, 16, '570', '14'),
(152, 16, '517', '15'),
(153, 16, '346', '13'),
(154, 16, '18', '18'),
(155, 16, '572', '20'),
(156, 16, '429', '11'),
(157, 16, '412', '3'),
(158, 16, '113', '12'),
(159, 16, '363', '21'),
(160, 16, '527', '7'),
(161, 17, '537', '7'),
(162, 17, '381', '8'),
(163, 17, '390', '7'),
(164, 17, '407', '13'),
(165, 17, '296', '10'),
(166, 17, '429', '9'),
(167, 17, '384', '21'),
(168, 17, '525', '19'),
(169, 17, '244', '10'),
(170, 17, '246', '11'),
(171, 18, '285', '15'),
(172, 18, '440', '19'),
(173, 18, '356', '21'),
(174, 18, '451', '6'),
(175, 18, '254', '12'),
(176, 18, '265', '3'),
(177, 18, '369', '20'),
(178, 18, '551', '9'),
(179, 18, '283', '19'),
(180, 18, '77', '21'),
(181, 19, '339', '21'),
(182, 19, '230', '10'),
(183, 19, '328', '21'),
(184, 19, '426', '4'),
(185, 19, '341', '12'),
(186, 19, '386', '8'),
(187, 19, '346', '16'),
(188, 19, '118', '16'),
(189, 19, '276', '8'),
(190, 19, '480', '7'),
(191, 20, '128', '8'),
(192, 20, '421', '11'),
(193, 20, '95', '8'),
(194, 20, '549', '7'),
(195, 20, '267', '5'),
(196, 20, '474', '19'),
(197, 20, '410', '18'),
(198, 20, '483', '16'),
(199, 20, '286', '12'),
(200, 20, '123', '18'),
(201, 21, '418', '8'),
(202, 21, '557', '3'),
(203, 21, '26', '18'),
(204, 21, '589', '10'),
(205, 21, '580', '15'),
(206, 21, '242', '20'),
(207, 21, '83', '16'),
(208, 21, '489', '7'),
(209, 21, '265', '21'),
(210, 21, '428', '5'),
(211, 22, '352', '7'),
(212, 22, '371', '21'),
(213, 22, '231', '9'),
(214, 22, '479', '15'),
(215, 22, '306', '20'),
(216, 22, '86', '17'),
(217, 22, '182', '5'),
(218, 22, '103', '4'),
(219, 22, '241', '20'),
(220, 22, '50', '9'),
(221, 23, '494', '10'),
(222, 23, '202', '6'),
(223, 23, '534', '4'),
(224, 23, '509', '18'),
(225, 23, '181', '15'),
(226, 23, '2', '19'),
(227, 23, '543', '6'),
(228, 23, '488', '9'),
(229, 23, '437', '16'),
(230, 23, '292', '9'),
(231, 24, '477', '7'),
(232, 24, '298', '4'),
(233, 24, '599', '15'),
(234, 24, '273', '12'),
(235, 24, '117', '8'),
(236, 24, '68', '13'),
(237, 24, '430', '3'),
(238, 24, '102', '5'),
(239, 24, '327', '10'),
(240, 24, '6', '13'),
(241, 25, '538', '6'),
(242, 25, '118', '15'),
(243, 25, '379', '3'),
(244, 25, '55', '9'),
(245, 25, '263', '7'),
(246, 25, '460', '19'),
(247, 25, '455', '13'),
(248, 25, '361', '6'),
(249, 25, '114', '13'),
(250, 25, '535', '8'),
(251, 26, '258', '10'),
(252, 26, '93', '5'),
(253, 26, '109', '3'),
(254, 26, '494', '11'),
(255, 26, '425', '19'),
(256, 26, '400', '11'),
(257, 26, '356', '19'),
(258, 26, '554', '3'),
(259, 26, '310', '7'),
(260, 26, '205', '19'),
(261, 27, '372', '10'),
(262, 27, '185', '12'),
(263, 27, '587', '14'),
(264, 27, '474', '6'),
(265, 27, '467', '6'),
(266, 27, '487', '15'),
(267, 27, '549', '10'),
(268, 27, '39', '9'),
(269, 27, '146', '18'),
(270, 27, '353', '19'),
(271, 28, '146', '13'),
(272, 28, '520', '4'),
(273, 28, '226', '7'),
(274, 28, '48', '19'),
(275, 28, '503', '6'),
(276, 28, '95', '15'),
(277, 28, '555', '16'),
(278, 28, '365', '13'),
(279, 28, '167', '6'),
(280, 28, '246', '13'),
(281, 29, '382', '4'),
(282, 29, '82', '6'),
(283, 29, '79', '6'),
(284, 29, '305', '4'),
(285, 29, '164', '10'),
(286, 29, '401', '20'),
(287, 29, '136', '19'),
(288, 29, '235', '4'),
(289, 29, '47', '6'),
(290, 29, '171', '10'),
(291, 30, '434', '10'),
(292, 30, '383', '18'),
(293, 30, '577', '15'),
(294, 30, '239', '21'),
(295, 30, '306', '12'),
(296, 30, '502', '10'),
(297, 30, '279', '7'),
(298, 30, '292', '18'),
(299, 30, '369', '3'),
(300, 30, '250', '19'),
(301, 31, '530', '18'),
(302, 31, '543', '3'),
(303, 31, '175', '10'),
(304, 31, '93', '7'),
(305, 31, '595', '20'),
(306, 31, '108', '7'),
(307, 31, '11', '13'),
(308, 31, '400', '5'),
(309, 31, '143', '9'),
(310, 31, '242', '15'),
(311, 32, '509', '21'),
(312, 32, '261', '20'),
(313, 32, '555', '17'),
(314, 32, '604', '13'),
(315, 32, '67', '8'),
(316, 32, '160', '16'),
(317, 32, '100', '8'),
(318, 32, '512', '12'),
(319, 32, '208', '16'),
(320, 32, '7', '11'),
(321, 33, '393', '9'),
(322, 33, '293', '14'),
(323, 33, '201', '11'),
(324, 33, '394', '21'),
(325, 33, '592', '11'),
(326, 33, '289', '15'),
(327, 33, '18', '10'),
(328, 33, '304', '15'),
(329, 33, '235', '19'),
(330, 33, '369', '17'),
(331, 34, '236', '16'),
(332, 34, '169', '9'),
(333, 34, '396', '17'),
(334, 34, '16', '14'),
(335, 34, '324', '4'),
(336, 34, '474', '6'),
(337, 34, '420', '12'),
(338, 34, '228', '3'),
(339, 34, '162', '11'),
(340, 34, '403', '21'),
(341, 35, '432', '17'),
(342, 35, '22', '11'),
(343, 35, '126', '18'),
(344, 35, '210', '18'),
(345, 35, '142', '20'),
(346, 35, '359', '17'),
(347, 35, '154', '15'),
(348, 35, '159', '14'),
(349, 35, '549', '11'),
(350, 35, '601', '14'),
(351, 36, '313', '11'),
(352, 36, '453', '17'),
(353, 36, '67', '21'),
(354, 36, '30', '4'),
(355, 36, '234', '6'),
(356, 36, '505', '17'),
(357, 36, '496', '17'),
(358, 36, '354', '5'),
(359, 36, '454', '14'),
(360, 36, '478', '18'),
(361, 37, '517', '21'),
(362, 37, '2', '17'),
(363, 37, '430', '16'),
(364, 37, '245', '3'),
(365, 37, '33', '13'),
(366, 37, '509', '3'),
(367, 37, '364', '17'),
(368, 37, '376', '3'),
(369, 37, '258', '3'),
(370, 37, '99', '8'),
(371, 38, '575', '8'),
(372, 38, '41', '7'),
(373, 38, '572', '10'),
(374, 38, '291', '3'),
(375, 38, '533', '21'),
(376, 38, '191', '11'),
(377, 38, '297', '14'),
(378, 38, '285', '12'),
(379, 38, '35', '8'),
(380, 38, '212', '8'),
(381, 39, '74', '21'),
(382, 39, '211', '18'),
(383, 39, '528', '20'),
(384, 39, '484', '20'),
(385, 39, '114', '10'),
(386, 39, '437', '9'),
(387, 39, '125', '18'),
(388, 39, '476', '16'),
(389, 39, '359', '3'),
(390, 39, '342', '15'),
(391, 40, '467', '17'),
(392, 40, '190', '21'),
(393, 40, '508', '16'),
(394, 40, '498', '15'),
(395, 40, '77', '3'),
(396, 40, '564', '17'),
(397, 40, '591', '21'),
(398, 40, '365', '18'),
(399, 40, '214', '15'),
(400, 40, '15', '5'),
(401, 41, '547', '7'),
(402, 41, '188', '14'),
(403, 41, '259', '16'),
(404, 41, '284', '18'),
(405, 41, '90', '13'),
(406, 41, '577', '20'),
(407, 41, '166', '11'),
(408, 41, '452', '9'),
(409, 41, '282', '11'),
(410, 41, '31', '18'),
(411, 42, '278', '5'),
(412, 42, '372', '7'),
(413, 42, '166', '16'),
(414, 42, '5', '13'),
(415, 42, '351', '18'),
(416, 42, '318', '11'),
(417, 42, '43', '3'),
(418, 42, '249', '7'),
(419, 42, '448', '11'),
(420, 42, '402', '6'),
(421, 43, '336', '11'),
(422, 43, '24', '8'),
(423, 43, '25', '18'),
(424, 43, '513', '12'),
(425, 43, '16', '5'),
(426, 43, '65', '10'),
(427, 43, '16', '10'),
(428, 43, '353', '13'),
(429, 43, '178', '14'),
(430, 43, '139', '4'),
(431, 44, '430', '5'),
(432, 44, '266', '14'),
(433, 44, '98', '8'),
(434, 44, '337', '10'),
(435, 44, '472', '4'),
(436, 44, '317', '21'),
(437, 44, '218', '14'),
(438, 44, '12', '14'),
(439, 44, '70', '15'),
(440, 44, '584', '12'),
(441, 45, '570', '11'),
(442, 45, '114', '13'),
(443, 45, '228', '3'),
(444, 45, '2', '3'),
(445, 45, '504', '19'),
(446, 45, '200', '4'),
(447, 45, '213', '16'),
(448, 45, '155', '18'),
(449, 45, '179', '7'),
(450, 45, '461', '5'),
(451, 46, '145', '3'),
(452, 46, '509', '12'),
(453, 46, '388', '16'),
(454, 46, '407', '20'),
(455, 46, '42', '18'),
(456, 46, '437', '6'),
(457, 46, '357', '11'),
(458, 46, '141', '14'),
(459, 46, '119', '14'),
(460, 46, '483', '8'),
(461, 47, '103', '12'),
(462, 47, '220', '14'),
(463, 47, '156', '18'),
(464, 47, '177', '7'),
(465, 47, '427', '6'),
(466, 47, '409', '19'),
(467, 47, '364', '13'),
(468, 47, '447', '15'),
(469, 47, '85', '18'),
(470, 47, '41', '18'),
(471, 48, '282', '7'),
(472, 48, '377', '21'),
(473, 48, '202', '16'),
(474, 48, '573', '11'),
(475, 48, '218', '21'),
(476, 48, '147', '15'),
(477, 48, '204', '9'),
(478, 48, '103', '13'),
(479, 48, '166', '5'),
(480, 48, '79', '16'),
(481, 49, '304', '7'),
(482, 49, '574', '19'),
(483, 49, '578', '18'),
(484, 49, '97', '9'),
(485, 49, '532', '5'),
(486, 49, '471', '16'),
(487, 49, '452', '9'),
(488, 49, '474', '19'),
(489, 49, '164', '17'),
(490, 49, '490', '8'),
(491, 50, '511', '18'),
(492, 50, '514', '12'),
(493, 50, '572', '10'),
(494, 50, '574', '17'),
(495, 50, '457', '17'),
(496, 50, '53', '18'),
(497, 50, '27', '14'),
(498, 50, '456', '5'),
(499, 50, '24', '7'),
(500, 50, '262', '15'),
(501, 51, '52', '12'),
(502, 51, '16', '7'),
(503, 51, '362', '9'),
(504, 51, '255', '17'),
(505, 51, '556', '10'),
(506, 51, '263', '15'),
(507, 51, '47', '5'),
(508, 51, '385', '7'),
(509, 51, '426', '3'),
(510, 51, '427', '3'),
(511, 52, '243', '4'),
(512, 52, '516', '21'),
(513, 52, '6', '7'),
(514, 52, '442', '10'),
(515, 52, '496', '7'),
(516, 52, '362', '16'),
(517, 52, '564', '12'),
(518, 52, '180', '11'),
(519, 52, '392', '10'),
(520, 52, '302', '17'),
(521, 53, '543', '9'),
(522, 53, '528', '8'),
(523, 53, '223', '19'),
(524, 53, '331', '10'),
(525, 53, '312', '18'),
(526, 53, '218', '7'),
(527, 53, '387', '15'),
(528, 53, '83', '13'),
(529, 53, '40', '16'),
(530, 53, '459', '9'),
(531, 54, '117', '20'),
(532, 54, '588', '7'),
(533, 54, '416', '17'),
(534, 54, '5', '5'),
(535, 54, '102', '15'),
(536, 54, '544', '13'),
(537, 54, '276', '18'),
(538, 54, '519', '20'),
(539, 54, '507', '4'),
(540, 54, '350', '8'),
(541, 55, '499', '15'),
(542, 55, '527', '10'),
(543, 55, '513', '21'),
(544, 55, '551', '17'),
(545, 55, '119', '3'),
(546, 55, '220', '20'),
(547, 55, '402', '18'),
(548, 55, '445', '5'),
(549, 55, '415', '10'),
(550, 55, '595', '16'),
(551, 56, '75', '12'),
(552, 56, '48', '18'),
(553, 56, '524', '20'),
(554, 56, '139', '14'),
(555, 56, '533', '12'),
(556, 56, '315', '11'),
(557, 56, '236', '4'),
(558, 56, '272', '6'),
(559, 56, '347', '15'),
(560, 56, '574', '4'),
(561, 57, '556', '19'),
(562, 57, '100', '21'),
(563, 57, '496', '13'),
(564, 57, '263', '6'),
(565, 57, '373', '8'),
(566, 57, '284', '19'),
(567, 57, '82', '16'),
(568, 57, '244', '16'),
(569, 57, '143', '12'),
(570, 57, '16', '11'),
(571, 58, '103', '16'),
(572, 58, '411', '6'),
(573, 58, '53', '20'),
(574, 58, '589', '8'),
(575, 58, '426', '7'),
(576, 58, '229', '19'),
(577, 58, '156', '18'),
(578, 58, '185', '3'),
(579, 58, '438', '18'),
(580, 58, '166', '14'),
(581, 59, '45', '9'),
(582, 59, '201', '10'),
(583, 59, '313', '18'),
(584, 59, '574', '17'),
(585, 59, '91', '3'),
(586, 59, '319', '11'),
(587, 59, '500', '6'),
(588, 59, '156', '12'),
(589, 59, '319', '11'),
(590, 59, '594', '14'),
(591, 60, '363', '7'),
(592, 60, '440', '10'),
(593, 60, '489', '13'),
(594, 60, '314', '19'),
(595, 60, '484', '5'),
(596, 60, '282', '7'),
(597, 60, '270', '16'),
(598, 60, '59', '11'),
(599, 60, '341', '4'),
(600, 60, '58', '16'),
(601, 61, '107', '6'),
(602, 61, '571', '12'),
(603, 61, '75', '15'),
(604, 61, '204', '6'),
(605, 61, '313', '19'),
(606, 61, '574', '18'),
(607, 61, '324', '20'),
(608, 61, '130', '17'),
(609, 61, '525', '15'),
(610, 61, '587', '8'),
(611, 62, '212', '7'),
(612, 62, '415', '4'),
(613, 62, '403', '10'),
(614, 62, '268', '5'),
(615, 62, '26', '3'),
(616, 62, '38', '17'),
(617, 62, '172', '6'),
(618, 62, '114', '9'),
(619, 62, '25', '3'),
(620, 62, '180', '11'),
(621, 63, '417', '7'),
(622, 63, '145', '10'),
(623, 63, '321', '16'),
(624, 63, '484', '21'),
(625, 63, '408', '10'),
(626, 63, '132', '6'),
(627, 63, '546', '11'),
(628, 63, '39', '17'),
(629, 63, '469', '8'),
(630, 63, '538', '10'),
(631, 64, '510', '17'),
(632, 64, '89', '11'),
(633, 64, '109', '10'),
(634, 64, '464', '11'),
(635, 64, '65', '8'),
(636, 64, '35', '9'),
(637, 64, '29', '6'),
(638, 64, '509', '6'),
(639, 64, '322', '9'),
(640, 64, '204', '14'),
(641, 65, '302', '15'),
(642, 65, '77', '5'),
(643, 65, '586', '21'),
(644, 65, '233', '10'),
(645, 65, '54', '18'),
(646, 65, '95', '7'),
(647, 65, '603', '10'),
(648, 65, '90', '17'),
(649, 65, '366', '8'),
(650, 65, '428', '13'),
(651, 66, '154', '15'),
(652, 66, '262', '19'),
(653, 66, '40', '17'),
(654, 66, '312', '8'),
(655, 66, '378', '4'),
(656, 66, '572', '16'),
(657, 66, '308', '16'),
(658, 66, '413', '6'),
(659, 66, '252', '13'),
(660, 66, '571', '12'),
(661, 67, '200', '8'),
(662, 67, '446', '18'),
(663, 67, '447', '16'),
(664, 67, '211', '21'),
(665, 67, '382', '19'),
(666, 67, '297', '8'),
(667, 67, '152', '21'),
(668, 67, '439', '15'),
(669, 67, '446', '5'),
(670, 67, '444', '7'),
(671, 68, '62', '12'),
(672, 68, '82', '9'),
(673, 68, '300', '18'),
(674, 68, '484', '21'),
(675, 68, '168', '18'),
(676, 68, '236', '6'),
(677, 68, '48', '16'),
(678, 68, '316', '16'),
(679, 68, '416', '12'),
(680, 68, '50', '3'),
(681, 69, '172', '20'),
(682, 69, '460', '20'),
(683, 69, '518', '13'),
(684, 69, '319', '9'),
(685, 69, '582', '13'),
(686, 69, '202', '16'),
(687, 69, '370', '7'),
(688, 69, '386', '5'),
(689, 69, '590', '9'),
(690, 69, '332', '18'),
(691, 70, '377', '8'),
(692, 70, '502', '3'),
(693, 70, '383', '12'),
(694, 70, '268', '4'),
(695, 70, '256', '19'),
(696, 70, '309', '17'),
(697, 70, '430', '17'),
(698, 70, '493', '10'),
(699, 70, '115', '18'),
(700, 70, '490', '6'),
(701, 71, '543', '11'),
(702, 71, '132', '14'),
(703, 71, '465', '15'),
(704, 71, '58', '4'),
(705, 71, '244', '14'),
(706, 71, '505', '14'),
(707, 71, '521', '21'),
(708, 71, '66', '16'),
(709, 71, '498', '13'),
(710, 71, '61', '13'),
(711, 72, '346', '9'),
(712, 72, '1', '11'),
(713, 72, '393', '21'),
(714, 72, '565', '11'),
(715, 72, '271', '13'),
(716, 72, '7', '15'),
(717, 72, '515', '3'),
(718, 72, '602', '6'),
(719, 72, '218', '15'),
(720, 72, '19', '10'),
(721, 73, '472', '9'),
(722, 73, '593', '19'),
(723, 73, '525', '5'),
(724, 73, '158', '7'),
(725, 73, '8', '9'),
(726, 73, '58', '10'),
(727, 73, '279', '15'),
(728, 73, '601', '16'),
(729, 73, '108', '20'),
(730, 73, '556', '19'),
(731, 74, '303', '3'),
(732, 74, '6', '19'),
(733, 74, '388', '14'),
(734, 74, '467', '8'),
(735, 74, '581', '13'),
(736, 74, '511', '11'),
(737, 74, '278', '11'),
(738, 74, '315', '21'),
(739, 74, '449', '21'),
(740, 74, '54', '19'),
(741, 75, '278', '9'),
(742, 75, '214', '20'),
(743, 75, '186', '11'),
(744, 75, '334', '3'),
(745, 75, '12', '6'),
(746, 75, '314', '11'),
(747, 75, '272', '12'),
(748, 75, '544', '19'),
(749, 75, '137', '12'),
(750, 75, '533', '10'),
(751, 76, '594', '14'),
(752, 76, '112', '5'),
(753, 76, '322', '14'),
(754, 76, '228', '8'),
(755, 76, '53', '3'),
(756, 76, '600', '20'),
(757, 76, '580', '17'),
(758, 76, '180', '14'),
(759, 76, '464', '11'),
(760, 76, '514', '7'),
(761, 77, '275', '9'),
(762, 77, '281', '18'),
(763, 77, '570', '13'),
(764, 77, '59', '7'),
(765, 77, '108', '18'),
(766, 77, '38', '17'),
(767, 77, '588', '17'),
(768, 77, '43', '11'),
(769, 77, '398', '21'),
(770, 77, '81', '20'),
(771, 78, '409', '21'),
(772, 78, '23', '16'),
(773, 78, '298', '21'),
(774, 78, '354', '18'),
(775, 78, '486', '20'),
(776, 78, '496', '19'),
(777, 78, '306', '8'),
(778, 78, '464', '13'),
(779, 78, '559', '20'),
(780, 78, '320', '8'),
(781, 79, '351', '6'),
(782, 79, '167', '10'),
(783, 79, '359', '15'),
(784, 79, '346', '16'),
(785, 79, '229', '16'),
(786, 79, '547', '13'),
(787, 79, '27', '18'),
(788, 79, '292', '4'),
(789, 79, '424', '12'),
(790, 79, '447', '7'),
(791, 80, '116', '8'),
(792, 80, '218', '17'),
(793, 80, '514', '16'),
(794, 80, '311', '8'),
(795, 80, '588', '9'),
(796, 80, '412', '10'),
(797, 80, '520', '15'),
(798, 80, '173', '8'),
(799, 80, '271', '14'),
(800, 80, '135', '19'),
(801, 81, '438', '6'),
(802, 81, '439', '12'),
(803, 81, '496', '21'),
(804, 81, '183', '3'),
(805, 81, '424', '18'),
(806, 81, '431', '17'),
(807, 81, '557', '9'),
(808, 81, '426', '21'),
(809, 81, '79', '11'),
(810, 81, '506', '6'),
(811, 82, '215', '8'),
(812, 82, '9', '18'),
(813, 82, '54', '8'),
(814, 82, '546', '7'),
(815, 82, '553', '6'),
(816, 82, '81', '10'),
(817, 82, '91', '13'),
(818, 82, '465', '16'),
(819, 82, '67', '8'),
(820, 82, '181', '10'),
(821, 83, '342', '18'),
(822, 83, '580', '7'),
(823, 83, '247', '8'),
(824, 83, '220', '20'),
(825, 83, '304', '19'),
(826, 83, '483', '4'),
(827, 83, '374', '16'),
(828, 83, '77', '20'),
(829, 83, '217', '14'),
(830, 83, '351', '20'),
(831, 84, '457', '7'),
(832, 84, '437', '17'),
(833, 84, '84', '20'),
(834, 84, '288', '6'),
(835, 84, '192', '12'),
(836, 84, '571', '18'),
(837, 84, '577', '18'),
(838, 84, '40', '20'),
(839, 84, '426', '16'),
(840, 84, '449', '13'),
(841, 85, '404', '13'),
(842, 85, '24', '4'),
(843, 85, '567', '6'),
(844, 85, '554', '16'),
(845, 85, '143', '4'),
(846, 85, '19', '17'),
(847, 85, '73', '13'),
(848, 85, '50', '21'),
(849, 85, '78', '21'),
(850, 85, '566', '10'),
(851, 86, '60', '6'),
(852, 86, '424', '11'),
(853, 86, '144', '16'),
(854, 86, '366', '21'),
(855, 86, '64', '7'),
(856, 86, '2', '8'),
(857, 86, '48', '4'),
(858, 86, '74', '6'),
(859, 86, '398', '15'),
(860, 86, '365', '10'),
(861, 87, '48', '11'),
(862, 87, '399', '16'),
(863, 87, '445', '21'),
(864, 87, '437', '17'),
(865, 87, '104', '3'),
(866, 87, '61', '16'),
(867, 87, '466', '14'),
(868, 87, '156', '8'),
(869, 87, '542', '6'),
(870, 87, '126', '20'),
(871, 88, '172', '10'),
(872, 88, '20', '20'),
(873, 88, '241', '12'),
(874, 88, '560', '17'),
(875, 88, '77', '7'),
(876, 88, '184', '21'),
(877, 88, '99', '4'),
(878, 88, '308', '14'),
(879, 88, '90', '16'),
(880, 88, '159', '19'),
(881, 89, '384', '21'),
(882, 89, '269', '14'),
(883, 89, '46', '4'),
(884, 89, '397', '6'),
(885, 89, '419', '6'),
(886, 89, '309', '16'),
(887, 89, '436', '6'),
(888, 89, '404', '19'),
(889, 89, '353', '17'),
(890, 89, '235', '11'),
(891, 90, '519', '20'),
(892, 90, '271', '12'),
(893, 90, '346', '6'),
(894, 90, '179', '21'),
(895, 90, '260', '8'),
(896, 90, '83', '11'),
(897, 90, '131', '8'),
(898, 90, '326', '12'),
(899, 90, '399', '18'),
(900, 90, '344', '9');
INSERT INTO report_error(id, report_id, error_id, details, error_word)
VALUES(1, 2, 3, 'lorem ipsem', 'lorem ipsem'),
(2, 2, 2, 'lorem ipsem', 'lorem ipsem'),
(3, 2, 1, 'lorem ipsem', 'lorem ipsem'),
(4, 2, 3, 'lorem ipsem', 'lorem ipsem'),
(5, 3, 3, 'lorem ipsem', 'lorem ipsem'),
(6, 4, 2, 'lorem ipsem', 'lorem ipsem'),
(7, 4, 3, 'lorem ipsem', 'lorem ipsem'),
(8, 4, 1, 'lorem ipsem', 'lorem ipsem'),
(9, 5, 3, 'lorem ipsem', 'lorem ipsem'),
(10, 5, 1, 'lorem ipsem', 'lorem ipsem'),
(11, 5, 2, 'lorem ipsem', 'lorem ipsem'),
(12, 5, 1, 'lorem ipsem', 'lorem ipsem'),
(13, 5, 1, 'lorem ipsem', 'lorem ipsem'),
(14, 6, 2, 'lorem ipsem', 'lorem ipsem'),
(15, 6, 1, 'lorem ipsem', 'lorem ipsem'),
(16, 6, 2, 'lorem ipsem', 'lorem ipsem'),
(17, 6, 2, 'lorem ipsem', 'lorem ipsem'),
(18, 6, 1, 'lorem ipsem', 'lorem ipsem'),
(19, 7, 2, 'lorem ipsem', 'lorem ipsem'),
(20, 7, 1, 'lorem ipsem', 'lorem ipsem'),
(21, 7, 2, 'lorem ipsem', 'lorem ipsem'),
(22, 7, 2, 'lorem ipsem', 'lorem ipsem'),
(23, 8, 3, 'lorem ipsem', 'lorem ipsem'),
(24, 8, 1, 'lorem ipsem', 'lorem ipsem'),
(25, 8, 3, 'lorem ipsem', 'lorem ipsem'),
(26, 8, 1, 'lorem ipsem', 'lorem ipsem'),
(27, 9, 3, 'lorem ipsem', 'lorem ipsem'),
(28, 11, 2, 'lorem ipsem', 'lorem ipsem'),
(29, 11, 1, 'lorem ipsem', 'lorem ipsem'),
(30, 11, 1, 'lorem ipsem', 'lorem ipsem'),
(31, 11, 2, 'lorem ipsem', 'lorem ipsem'),
(32, 11, 3, 'lorem ipsem', 'lorem ipsem'),
(33, 12, 1, 'lorem ipsem', 'lorem ipsem'),
(34, 13, 1, 'lorem ipsem', 'lorem ipsem'),
(35, 13, 2, 'lorem ipsem', 'lorem ipsem'),
(36, 13, 3, 'lorem ipsem', 'lorem ipsem'),
(37, 14, 3, 'lorem ipsem', 'lorem ipsem'),
(38, 14, 2, 'lorem ipsem', 'lorem ipsem'),
(39, 14, 1, 'lorem ipsem', 'lorem ipsem'),
(40, 15, 3, 'lorem ipsem', 'lorem ipsem'),
(41, 15, 3, 'lorem ipsem', 'lorem ipsem'),
(42, 16, 3, 'lorem ipsem', 'lorem ipsem'),
(43, 18, 2, 'lorem ipsem', 'lorem ipsem'),
(44, 18, 3, 'lorem ipsem', 'lorem ipsem'),
(45, 19, 1, 'lorem ipsem', 'lorem ipsem'),
(46, 19, 1, 'lorem ipsem', 'lorem ipsem'),
(47, 19, 2, 'lorem ipsem', 'lorem ipsem'),
(48, 19, 1, 'lorem ipsem', 'lorem ipsem'),
(49, 20, 3, 'lorem ipsem', 'lorem ipsem'),
(50, 20, 2, 'lorem ipsem', 'lorem ipsem'),
(51, 20, 2, 'lorem ipsem', 'lorem ipsem'),
(52, 21, 3, 'lorem ipsem', 'lorem ipsem'),
(53, 22, 1, 'lorem ipsem', 'lorem ipsem'),
(54, 22, 1, 'lorem ipsem', 'lorem ipsem'),
(55, 22, 2, 'lorem ipsem', 'lorem ipsem'),
(56, 22, 2, 'lorem ipsem', 'lorem ipsem'),
(57, 23, 1, 'lorem ipsem', 'lorem ipsem'),
(58, 23, 2, 'lorem ipsem', 'lorem ipsem'),
(59, 23, 1, 'lorem ipsem', 'lorem ipsem'),
(60, 24, 2, 'lorem ipsem', 'lorem ipsem'),
(61, 24, 1, 'lorem ipsem', 'lorem ipsem'),
(62, 24, 2, 'lorem ipsem', 'lorem ipsem'),
(63, 24, 3, 'lorem ipsem', 'lorem ipsem'),
(64, 24, 3, 'lorem ipsem', 'lorem ipsem'),
(65, 25, 3, 'lorem ipsem', 'lorem ipsem'),
(66, 25, 1, 'lorem ipsem', 'lorem ipsem'),
(67, 25, 1, 'lorem ipsem', 'lorem ipsem'),
(68, 25, 3, 'lorem ipsem', 'lorem ipsem'),
(69, 25, 2, 'lorem ipsem', 'lorem ipsem'),
(70, 26, 1, 'lorem ipsem', 'lorem ipsem'),
(71, 26, 1, 'lorem ipsem', 'lorem ipsem'),
(72, 27, 1, 'lorem ipsem', 'lorem ipsem'),
(73, 27, 2, 'lorem ipsem', 'lorem ipsem'),
(74, 27, 2, 'lorem ipsem', 'lorem ipsem'),
(75, 27, 2, 'lorem ipsem', 'lorem ipsem'),
(76, 28, 1, 'lorem ipsem', 'lorem ipsem'),
(77, 28, 2, 'lorem ipsem', 'lorem ipsem'),
(78, 28, 2, 'lorem ipsem', 'lorem ipsem'),
(79, 29, 3, 'lorem ipsem', 'lorem ipsem'),
(80, 29, 2, 'lorem ipsem', 'lorem ipsem'),
(81, 30, 2, 'lorem ipsem', 'lorem ipsem'),
(82, 31, 1, 'lorem ipsem', 'lorem ipsem'),
(83, 31, 3, 'lorem ipsem', 'lorem ipsem'),
(84, 31, 2, 'lorem ipsem', 'lorem ipsem'),
(85, 31, 1, 'lorem ipsem', 'lorem ipsem'),
(86, 31, 1, 'lorem ipsem', 'lorem ipsem'),
(87, 33, 1, 'lorem ipsem', 'lorem ipsem'),
(88, 33, 2, 'lorem ipsem', 'lorem ipsem'),
(89, 34, 1, 'lorem ipsem', 'lorem ipsem'),
(90, 34, 3, 'lorem ipsem', 'lorem ipsem'),
(91, 34, 2, 'lorem ipsem', 'lorem ipsem'),
(92, 34, 3, 'lorem ipsem', 'lorem ipsem'),
(93, 36, 3, 'lorem ipsem', 'lorem ipsem'),
(94, 38, 1, 'lorem ipsem', 'lorem ipsem'),
(95, 38, 1, 'lorem ipsem', 'lorem ipsem'),
(96, 38, 3, 'lorem ipsem', 'lorem ipsem'),
(97, 39, 2, 'lorem ipsem', 'lorem ipsem'),
(98, 39, 3, 'lorem ipsem', 'lorem ipsem'),
(99, 39, 3, 'lorem ipsem', 'lorem ipsem'),
(100, 39, 1, 'lorem ipsem', 'lorem ipsem'),
(101, 40, 2, 'lorem ipsem', 'lorem ipsem'),
(102, 40, 2, 'lorem ipsem', 'lorem ipsem'),
(103, 40, 3, 'lorem ipsem', 'lorem ipsem'),
(104, 40, 2, 'lorem ipsem', 'lorem ipsem'),
(105, 41, 2, 'lorem ipsem', 'lorem ipsem'),
(106, 41, 1, 'lorem ipsem', 'lorem ipsem'),
(107, 41, 2, 'lorem ipsem', 'lorem ipsem'),
(108, 41, 3, 'lorem ipsem', 'lorem ipsem'),
(109, 42, 3, 'lorem ipsem', 'lorem ipsem'),
(110, 42, 3, 'lorem ipsem', 'lorem ipsem'),
(111, 43, 2, 'lorem ipsem', 'lorem ipsem'),
(112, 43, 2, 'lorem ipsem', 'lorem ipsem'),
(113, 43, 3, 'lorem ipsem', 'lorem ipsem'),
(114, 43, 2, 'lorem ipsem', 'lorem ipsem'),
(115, 45, 2, 'lorem ipsem', 'lorem ipsem'),
(116, 45, 2, 'lorem ipsem', 'lorem ipsem'),
(117, 45, 3, 'lorem ipsem', 'lorem ipsem'),
(118, 45, 1, 'lorem ipsem', 'lorem ipsem'),
(119, 46, 2, 'lorem ipsem', 'lorem ipsem'),
(120, 46, 1, 'lorem ipsem', 'lorem ipsem'),
(121, 46, 1, 'lorem ipsem', 'lorem ipsem'),
(122, 46, 3, 'lorem ipsem', 'lorem ipsem'),
(123, 47, 3, 'lorem ipsem', 'lorem ipsem'),
(124, 47, 3, 'lorem ipsem', 'lorem ipsem'),
(125, 47, 3, 'lorem ipsem', 'lorem ipsem'),
(126, 48, 2, 'lorem ipsem', 'lorem ipsem'),
(127, 48, 3, 'lorem ipsem', 'lorem ipsem'),
(128, 48, 2, 'lorem ipsem', 'lorem ipsem'),
(129, 48, 3, 'lorem ipsem', 'lorem ipsem'),
(130, 48, 3, 'lorem ipsem', 'lorem ipsem'),
(131, 49, 3, 'lorem ipsem', 'lorem ipsem'),
(132, 50, 3, 'lorem ipsem', 'lorem ipsem'),
(133, 51, 2, 'lorem ipsem', 'lorem ipsem'),
(134, 51, 2, 'lorem ipsem', 'lorem ipsem'),
(135, 51, 1, 'lorem ipsem', 'lorem ipsem'),
(136, 51, 1, 'lorem ipsem', 'lorem ipsem'),
(137, 51, 2, 'lorem ipsem', 'lorem ipsem'),
(138, 52, 3, 'lorem ipsem', 'lorem ipsem'),
(139, 52, 3, 'lorem ipsem', 'lorem ipsem'),
(140, 54, 2, 'lorem ipsem', 'lorem ipsem'),
(141, 54, 2, 'lorem ipsem', 'lorem ipsem'),
(142, 55, 2, 'lorem ipsem', 'lorem ipsem'),
(143, 56, 2, 'lorem ipsem', 'lorem ipsem'),
(144, 56, 1, 'lorem ipsem', 'lorem ipsem'),
(145, 57, 2, 'lorem ipsem', 'lorem ipsem'),
(146, 57, 1, 'lorem ipsem', 'lorem ipsem'),
(147, 57, 3, 'lorem ipsem', 'lorem ipsem'),
(148, 57, 3, 'lorem ipsem', 'lorem ipsem'),
(149, 58, 2, 'lorem ipsem', 'lorem ipsem'),
(150, 58, 2, 'lorem ipsem', 'lorem ipsem'),
(151, 58, 3, 'lorem ipsem', 'lorem ipsem'),
(152, 58, 3, 'lorem ipsem', 'lorem ipsem'),
(153, 59, 3, 'lorem ipsem', 'lorem ipsem'),
(154, 59, 1, 'lorem ipsem', 'lorem ipsem'),
(155, 59, 2, 'lorem ipsem', 'lorem ipsem'),
(156, 60, 2, 'lorem ipsem', 'lorem ipsem'),
(157, 60, 1, 'lorem ipsem', 'lorem ipsem'),
(158, 61, 3, 'lorem ipsem', 'lorem ipsem'),
(159, 61, 2, 'lorem ipsem', 'lorem ipsem'),
(160, 61, 2, 'lorem ipsem', 'lorem ipsem'),
(161, 62, 1, 'lorem ipsem', 'lorem ipsem'),
(162, 62, 3, 'lorem ipsem', 'lorem ipsem'),
(163, 62, 3, 'lorem ipsem', 'lorem ipsem'),
(164, 62, 2, 'lorem ipsem', 'lorem ipsem'),
(165, 62, 1, 'lorem ipsem', 'lorem ipsem'),
(166, 64, 3, 'lorem ipsem', 'lorem ipsem'),
(167, 65, 2, 'lorem ipsem', 'lorem ipsem'),
(168, 65, 2, 'lorem ipsem', 'lorem ipsem'),
(169, 65, 2, 'lorem ipsem', 'lorem ipsem'),
(170, 65, 2, 'lorem ipsem', 'lorem ipsem'),
(171, 67, 2, 'lorem ipsem', 'lorem ipsem'),
(172, 68, 1, 'lorem ipsem', 'lorem ipsem'),
(173, 68, 2, 'lorem ipsem', 'lorem ipsem'),
(174, 68, 2, 'lorem ipsem', 'lorem ipsem'),
(175, 68, 3, 'lorem ipsem', 'lorem ipsem'),
(176, 69, 2, 'lorem ipsem', 'lorem ipsem'),
(177, 71, 1, 'lorem ipsem', 'lorem ipsem'),
(178, 71, 2, 'lorem ipsem', 'lorem ipsem'),
(179, 71, 2, 'lorem ipsem', 'lorem ipsem'),
(180, 71, 3, 'lorem ipsem', 'lorem ipsem'),
(181, 71, 2, 'lorem ipsem', 'lorem ipsem'),
(182, 72, 2, 'lorem ipsem', 'lorem ipsem'),
(183, 72, 2, 'lorem ipsem', 'lorem ipsem'),
(184, 73, 3, 'lorem ipsem', 'lorem ipsem'),
(185, 73, 3, 'lorem ipsem', 'lorem ipsem'),
(186, 73, 1, 'lorem ipsem', 'lorem ipsem'),
(187, 73, 2, 'lorem ipsem', 'lorem ipsem'),
(188, 74, 3, 'lorem ipsem', 'lorem ipsem'),
(189, 75, 1, 'lorem ipsem', 'lorem ipsem'),
(190, 75, 1, 'lorem ipsem', 'lorem ipsem'),
(191, 75, 3, 'lorem ipsem', 'lorem ipsem'),
(192, 75, 1, 'lorem ipsem', 'lorem ipsem'),
(193, 76, 2, 'lorem ipsem', 'lorem ipsem'),
(194, 77, 3, 'lorem ipsem', 'lorem ipsem'),
(195, 79, 2, 'lorem ipsem', 'lorem ipsem'),
(196, 80, 1, 'lorem ipsem', 'lorem ipsem'),
(197, 80, 1, 'lorem ipsem', 'lorem ipsem'),
(198, 80, 1, 'lorem ipsem', 'lorem ipsem'),
(199, 82, 2, 'lorem ipsem', 'lorem ipsem'),
(200, 82, 1, 'lorem ipsem', 'lorem ipsem'),
(201, 84, 2, 'lorem ipsem', 'lorem ipsem'),
(202, 84, 2, 'lorem ipsem', 'lorem ipsem'),
(203, 84, 2, 'lorem ipsem', 'lorem ipsem'),
(204, 84, 3, 'lorem ipsem', 'lorem ipsem'),
(205, 85, 2, 'lorem ipsem', 'lorem ipsem'),
(206, 87, 2, 'lorem ipsem', 'lorem ipsem'),
(207, 87, 2, 'lorem ipsem', 'lorem ipsem'),
(208, 87, 1, 'lorem ipsem', 'lorem ipsem'),
(209, 87, 1, 'lorem ipsem', 'lorem ipsem'),
(210, 88, 2, 'lorem ipsem', 'lorem ipsem'),
(211, 88, 2, 'lorem ipsem', 'lorem ipsem'),
(212, 89, 1, 'lorem ipsem', 'lorem ipsem'),
(213, 89, 3, 'lorem ipsem', 'lorem ipsem'),
(214, 89, 2, 'lorem ipsem', 'lorem ipsem'),
(215, 89, 3, 'lorem ipsem', 'lorem ipsem'),
(216, 89, 3, 'lorem ipsem', 'lorem ipsem'),
(217, 90, 1, 'lorem ipsem', 'lorem ipsem'),
(218, 90, 3, 'lorem ipsem', 'lorem ipsem'),
(219, 91, 3, 'lorem ipsem', 'lorem ipsem'),
(220, 91, 2, 'lorem ipsem', 'lorem ipsem'),
(221, 91, 3, 'lorem ipsem', 'lorem ipsem'),
(222, 91, 2, 'lorem ipsem', 'lorem ipsem'),
(223, 92, 3, 'lorem ipsem', 'lorem ipsem'),
(224, 92, 1, 'lorem ipsem', 'lorem ipsem'),
(225, 92, 2, 'lorem ipsem', 'lorem ipsem'),
(226, 93, 1, 'lorem ipsem', 'lorem ipsem'),
(227, 93, 2, 'lorem ipsem', 'lorem ipsem'),
(228, 93, 1, 'lorem ipsem', 'lorem ipsem'),
(229, 94, 1, 'lorem ipsem', 'lorem ipsem'),
(230, 94, 3, 'lorem ipsem', 'lorem ipsem'),
(231, 94, 3, 'lorem ipsem', 'lorem ipsem'),
(232, 94, 3, 'lorem ipsem', 'lorem ipsem'),
(233, 94, 3, 'lorem ipsem', 'lorem ipsem'),
(234, 95, 3, 'lorem ipsem', 'lorem ipsem'),
(235, 95, 1, 'lorem ipsem', 'lorem ipsem'),
(236, 95, 3, 'lorem ipsem', 'lorem ipsem'),
(237, 95, 3, 'lorem ipsem', 'lorem ipsem'),
(238, 96, 1, 'lorem ipsem', 'lorem ipsem'),
(239, 96, 2, 'lorem ipsem', 'lorem ipsem'),
(240, 96, 3, 'lorem ipsem', 'lorem ipsem'),
(241, 96, 1, 'lorem ipsem', 'lorem ipsem'),
(242, 96, 1, 'lorem ipsem', 'lorem ipsem'),
(243, 97, 1, 'lorem ipsem', 'lorem ipsem'),
(244, 97, 2, 'lorem ipsem', 'lorem ipsem'),
(245, 97, 1, 'lorem ipsem', 'lorem ipsem'),
(246, 98, 3, 'lorem ipsem', 'lorem ipsem'),
(247, 98, 3, 'lorem ipsem', 'lorem ipsem'),
(248, 98, 3, 'lorem ipsem', 'lorem ipsem'),
(249, 98, 2, 'lorem ipsem', 'lorem ipsem'),
(250, 99, 1, 'lorem ipsem', 'lorem ipsem'),
(251, 99, 2, 'lorem ipsem', 'lorem ipsem'),
(252, 99, 3, 'lorem ipsem', 'lorem ipsem'),
(253, 100, 1, 'lorem ipsem', 'lorem ipsem'),
(254, 100, 1, 'lorem ipsem', 'lorem ipsem'),
(255, 102, 2, 'lorem ipsem', 'lorem ipsem'),
(256, 103, 3, 'lorem ipsem', 'lorem ipsem'),
(257, 103, 3, 'lorem ipsem', 'lorem ipsem'),
(258, 103, 2, 'lorem ipsem', 'lorem ipsem'),
(259, 103, 1, 'lorem ipsem', 'lorem ipsem'),
(260, 103, 2, 'lorem ipsem', 'lorem ipsem'),
(261, 104, 2, 'lorem ipsem', 'lorem ipsem'),
(262, 104, 1, 'lorem ipsem', 'lorem ipsem'),
(263, 104, 3, 'lorem ipsem', 'lorem ipsem'),
(264, 104, 3, 'lorem ipsem', 'lorem ipsem'),
(265, 104, 2, 'lorem ipsem', 'lorem ipsem'),
(266, 105, 3, 'lorem ipsem', 'lorem ipsem'),
(267, 106, 3, 'lorem ipsem', 'lorem ipsem'),
(268, 106, 3, 'lorem ipsem', 'lorem ipsem'),
(269, 106, 2, 'lorem ipsem', 'lorem ipsem'),
(270, 106, 1, 'lorem ipsem', 'lorem ipsem'),
(271, 106, 2, 'lorem ipsem', 'lorem ipsem'),
(272, 107, 2, 'lorem ipsem', 'lorem ipsem'),
(273, 107, 3, 'lorem ipsem', 'lorem ipsem'),
(274, 107, 2, 'lorem ipsem', 'lorem ipsem'),
(275, 107, 3, 'lorem ipsem', 'lorem ipsem'),
(276, 108, 2, 'lorem ipsem', 'lorem ipsem'),
(277, 108, 3, 'lorem ipsem', 'lorem ipsem'),
(278, 108, 2, 'lorem ipsem', 'lorem ipsem'),
(279, 108, 3, 'lorem ipsem', 'lorem ipsem'),
(280, 108, 2, 'lorem ipsem', 'lorem ipsem'),
(281, 109, 1, 'lorem ipsem', 'lorem ipsem'),
(282, 109, 3, 'lorem ipsem', 'lorem ipsem'),
(283, 109, 3, 'lorem ipsem', 'lorem ipsem'),
(284, 109, 2, 'lorem ipsem', 'lorem ipsem'),
(285, 109, 3, 'lorem ipsem', 'lorem ipsem'),
(286, 110, 1, 'lorem ipsem', 'lorem ipsem'),
(287, 110, 1, 'lorem ipsem', 'lorem ipsem'),
(288, 111, 1, 'lorem ipsem', 'lorem ipsem'),
(289, 111, 2, 'lorem ipsem', 'lorem ipsem'),
(290, 111, 1, 'lorem ipsem', 'lorem ipsem'),
(291, 111, 1, 'lorem ipsem', 'lorem ipsem'),
(292, 111, 1, 'lorem ipsem', 'lorem ipsem'),
(293, 112, 3, 'lorem ipsem', 'lorem ipsem'),
(294, 112, 3, 'lorem ipsem', 'lorem ipsem'),
(295, 112, 2, 'lorem ipsem', 'lorem ipsem'),
(296, 113, 1, 'lorem ipsem', 'lorem ipsem'),
(297, 113, 2, 'lorem ipsem', 'lorem ipsem'),
(298, 113, 3, 'lorem ipsem', 'lorem ipsem'),
(299, 113, 3, 'lorem ipsem', 'lorem ipsem'),
(300, 113, 1, 'lorem ipsem', 'lorem ipsem'),
(301, 114, 3, 'lorem ipsem', 'lorem ipsem'),
(302, 114, 1, 'lorem ipsem', 'lorem ipsem'),
(303, 115, 1, 'lorem ipsem', 'lorem ipsem'),
(304, 115, 2, 'lorem ipsem', 'lorem ipsem'),
(305, 115, 1, 'lorem ipsem', 'lorem ipsem'),
(306, 116, 3, 'lorem ipsem', 'lorem ipsem'),
(307, 116, 2, 'lorem ipsem', 'lorem ipsem'),
(308, 117, 3, 'lorem ipsem', 'lorem ipsem'),
(309, 118, 1, 'lorem ipsem', 'lorem ipsem'),
(310, 118, 3, 'lorem ipsem', 'lorem ipsem'),
(311, 118, 3, 'lorem ipsem', 'lorem ipsem'),
(312, 120, 3, 'lorem ipsem', 'lorem ipsem'),
(313, 120, 2, 'lorem ipsem', 'lorem ipsem'),
(314, 121, 3, 'lorem ipsem', 'lorem ipsem'),
(315, 121, 1, 'lorem ipsem', 'lorem ipsem'),
(316, 121, 3, 'lorem ipsem', 'lorem ipsem'),
(317, 122, 2, 'lorem ipsem', 'lorem ipsem'),
(318, 122, 2, 'lorem ipsem', 'lorem ipsem'),
(319, 123, 2, 'lorem ipsem', 'lorem ipsem'),
(320, 124, 2, 'lorem ipsem', 'lorem ipsem'),
(321, 124, 3, 'lorem ipsem', 'lorem ipsem'),
(322, 124, 3, 'lorem ipsem', 'lorem ipsem'),
(323, 125, 3, 'lorem ipsem', 'lorem ipsem'),
(324, 125, 3, 'lorem ipsem', 'lorem ipsem'),
(325, 126, 1, 'lorem ipsem', 'lorem ipsem'),
(326, 128, 2, 'lorem ipsem', 'lorem ipsem'),
(327, 128, 1, 'lorem ipsem', 'lorem ipsem'),
(328, 128, 2, 'lorem ipsem', 'lorem ipsem'),
(329, 129, 2, 'lorem ipsem', 'lorem ipsem'),
(330, 129, 1, 'lorem ipsem', 'lorem ipsem'),
(331, 129, 2, 'lorem ipsem', 'lorem ipsem'),
(332, 131, 3, 'lorem ipsem', 'lorem ipsem'),
(333, 131, 2, 'lorem ipsem', 'lorem ipsem'),
(334, 131, 2, 'lorem ipsem', 'lorem ipsem'),
(335, 131, 1, 'lorem ipsem', 'lorem ipsem'),
(336, 132, 1, 'lorem ipsem', 'lorem ipsem'),
(337, 132, 1, 'lorem ipsem', 'lorem ipsem'),
(338, 132, 1, 'lorem ipsem', 'lorem ipsem'),
(339, 132, 2, 'lorem ipsem', 'lorem ipsem'),
(340, 133, 3, 'lorem ipsem', 'lorem ipsem'),
(341, 133, 3, 'lorem ipsem', 'lorem ipsem'),
(342, 135, 2, 'lorem ipsem', 'lorem ipsem'),
(343, 136, 1, 'lorem ipsem', 'lorem ipsem'),
(344, 137, 3, 'lorem ipsem', 'lorem ipsem'),
(345, 137, 3, 'lorem ipsem', 'lorem ipsem'),
(346, 137, 2, 'lorem ipsem', 'lorem ipsem'),
(347, 137, 2, 'lorem ipsem', 'lorem ipsem'),
(348, 138, 1, 'lorem ipsem', 'lorem ipsem'),
(349, 138, 2, 'lorem ipsem', 'lorem ipsem'),
(350, 138, 3, 'lorem ipsem', 'lorem ipsem'),
(351, 138, 1, 'lorem ipsem', 'lorem ipsem'),
(352, 139, 2, 'lorem ipsem', 'lorem ipsem'),
(353, 140, 3, 'lorem ipsem', 'lorem ipsem'),
(354, 140, 2, 'lorem ipsem', 'lorem ipsem'),
(355, 140, 1, 'lorem ipsem', 'lorem ipsem'),
(356, 142, 3, 'lorem ipsem', 'lorem ipsem'),
(357, 143, 3, 'lorem ipsem', 'lorem ipsem'),
(358, 143, 2, 'lorem ipsem', 'lorem ipsem'),
(359, 143, 1, 'lorem ipsem', 'lorem ipsem'),
(360, 143, 1, 'lorem ipsem', 'lorem ipsem'),
(361, 144, 2, 'lorem ipsem', 'lorem ipsem'),
(362, 145, 3, 'lorem ipsem', 'lorem ipsem'),
(363, 146, 1, 'lorem ipsem', 'lorem ipsem'),
(364, 146, 3, 'lorem ipsem', 'lorem ipsem'),
(365, 147, 1, 'lorem ipsem', 'lorem ipsem'),
(366, 147, 2, 'lorem ipsem', 'lorem ipsem'),
(367, 147, 1, 'lorem ipsem', 'lorem ipsem'),
(368, 147, 2, 'lorem ipsem', 'lorem ipsem'),
(369, 147, 2, 'lorem ipsem', 'lorem ipsem'),
(370, 148, 1, 'lorem ipsem', 'lorem ipsem'),
(371, 148, 3, 'lorem ipsem', 'lorem ipsem'),
(372, 150, 1, 'lorem ipsem', 'lorem ipsem'),
(373, 150, 2, 'lorem ipsem', 'lorem ipsem'),
(374, 151, 3, 'lorem ipsem', 'lorem ipsem'),
(375, 153, 2, 'lorem ipsem', 'lorem ipsem'),
(376, 154, 1, 'lorem ipsem', 'lorem ipsem'),
(377, 154, 3, 'lorem ipsem', 'lorem ipsem'),
(378, 154, 2, 'lorem ipsem', 'lorem ipsem'),
(379, 154, 3, 'lorem ipsem', 'lorem ipsem'),
(380, 154, 1, 'lorem ipsem', 'lorem ipsem'),
(381, 155, 2, 'lorem ipsem', 'lorem ipsem'),
(382, 155, 1, 'lorem ipsem', 'lorem ipsem'),
(383, 155, 2, 'lorem ipsem', 'lorem ipsem'),
(384, 156, 2, 'lorem ipsem', 'lorem ipsem'),
(385, 156, 3, 'lorem ipsem', 'lorem ipsem'),
(386, 156, 2, 'lorem ipsem', 'lorem ipsem'),
(387, 157, 3, 'lorem ipsem', 'lorem ipsem'),
(388, 157, 2, 'lorem ipsem', 'lorem ipsem'),
(389, 157, 3, 'lorem ipsem', 'lorem ipsem'),
(390, 157, 3, 'lorem ipsem', 'lorem ipsem'),
(391, 159, 1, 'lorem ipsem', 'lorem ipsem'),
(392, 159, 2, 'lorem ipsem', 'lorem ipsem'),
(393, 160, 3, 'lorem ipsem', 'lorem ipsem'),
(394, 160, 1, 'lorem ipsem', 'lorem ipsem'),
(395, 160, 1, 'lorem ipsem', 'lorem ipsem'),
(396, 160, 2, 'lorem ipsem', 'lorem ipsem'),
(397, 161, 3, 'lorem ipsem', 'lorem ipsem'),
(398, 161, 1, 'lorem ipsem', 'lorem ipsem'),
(399, 161, 1, 'lorem ipsem', 'lorem ipsem'),
(400, 161, 2, 'lorem ipsem', 'lorem ipsem'),
(401, 162, 1, 'lorem ipsem', 'lorem ipsem'),
(402, 162, 2, 'lorem ipsem', 'lorem ipsem'),
(403, 162, 2, 'lorem ipsem', 'lorem ipsem'),
(404, 162, 1, 'lorem ipsem', 'lorem ipsem'),
(405, 162, 2, 'lorem ipsem', 'lorem ipsem'),
(406, 163, 3, 'lorem ipsem', 'lorem ipsem'),
(407, 163, 2, 'lorem ipsem', 'lorem ipsem'),
(408, 164, 1, 'lorem ipsem', 'lorem ipsem'),
(409, 164, 3, 'lorem ipsem', 'lorem ipsem'),
(410, 164, 2, 'lorem ipsem', 'lorem ipsem'),
(411, 165, 2, 'lorem ipsem', 'lorem ipsem'),
(412, 166, 2, 'lorem ipsem', 'lorem ipsem'),
(413, 166, 2, 'lorem ipsem', 'lorem ipsem'),
(414, 167, 3, 'lorem ipsem', 'lorem ipsem'),
(415, 168, 3, 'lorem ipsem', 'lorem ipsem'),
(416, 168, 2, 'lorem ipsem', 'lorem ipsem'),
(417, 168, 3, 'lorem ipsem', 'lorem ipsem'),
(418, 168, 1, 'lorem ipsem', 'lorem ipsem'),
(419, 168, 2, 'lorem ipsem', 'lorem ipsem'),
(420, 169, 3, 'lorem ipsem', 'lorem ipsem'),
(421, 169, 3, 'lorem ipsem', 'lorem ipsem'),
(422, 169, 3, 'lorem ipsem', 'lorem ipsem'),
(423, 169, 3, 'lorem ipsem', 'lorem ipsem'),
(424, 170, 1, 'lorem ipsem', 'lorem ipsem'),
(425, 170, 1, 'lorem ipsem', 'lorem ipsem'),
(426, 170, 3, 'lorem ipsem', 'lorem ipsem'),
(427, 170, 3, 'lorem ipsem', 'lorem ipsem'),
(428, 172, 1, 'lorem ipsem', 'lorem ipsem'),
(429, 172, 1, 'lorem ipsem', 'lorem ipsem'),
(430, 173, 1, 'lorem ipsem', 'lorem ipsem'),
(431, 173, 2, 'lorem ipsem', 'lorem ipsem'),
(432, 173, 1, 'lorem ipsem', 'lorem ipsem'),
(433, 174, 3, 'lorem ipsem', 'lorem ipsem'),
(434, 174, 3, 'lorem ipsem', 'lorem ipsem'),
(435, 174, 2, 'lorem ipsem', 'lorem ipsem'),
(436, 174, 2, 'lorem ipsem', 'lorem ipsem'),
(437, 175, 3, 'lorem ipsem', 'lorem ipsem'),
(438, 175, 1, 'lorem ipsem', 'lorem ipsem'),
(439, 175, 3, 'lorem ipsem', 'lorem ipsem'),
(440, 176, 2, 'lorem ipsem', 'lorem ipsem'),
(441, 176, 2, 'lorem ipsem', 'lorem ipsem'),
(442, 177, 2, 'lorem ipsem', 'lorem ipsem'),
(443, 177, 1, 'lorem ipsem', 'lorem ipsem'),
(444, 179, 3, 'lorem ipsem', 'lorem ipsem'),
(445, 180, 3, 'lorem ipsem', 'lorem ipsem'),
(446, 180, 1, 'lorem ipsem', 'lorem ipsem'),
(447, 180, 3, 'lorem ipsem', 'lorem ipsem'),
(448, 180, 2, 'lorem ipsem', 'lorem ipsem'),
(449, 181, 3, 'lorem ipsem', 'lorem ipsem'),
(450, 181, 1, 'lorem ipsem', 'lorem ipsem'),
(451, 181, 1, 'lorem ipsem', 'lorem ipsem'),
(452, 181, 1, 'lorem ipsem', 'lorem ipsem'),
(453, 183, 1, 'lorem ipsem', 'lorem ipsem'),
(454, 183, 2, 'lorem ipsem', 'lorem ipsem'),
(455, 183, 3, 'lorem ipsem', 'lorem ipsem'),
(456, 183, 3, 'lorem ipsem', 'lorem ipsem'),
(457, 185, 3, 'lorem ipsem', 'lorem ipsem'),
(458, 185, 2, 'lorem ipsem', 'lorem ipsem'),
(459, 185, 3, 'lorem ipsem', 'lorem ipsem'),
(460, 186, 1, 'lorem ipsem', 'lorem ipsem'),
(461, 186, 3, 'lorem ipsem', 'lorem ipsem'),
(462, 186, 1, 'lorem ipsem', 'lorem ipsem'),
(463, 186, 1, 'lorem ipsem', 'lorem ipsem'),
(464, 187, 1, 'lorem ipsem', 'lorem ipsem'),
(465, 187, 2, 'lorem ipsem', 'lorem ipsem'),
(466, 187, 2, 'lorem ipsem', 'lorem ipsem'),
(467, 187, 3, 'lorem ipsem', 'lorem ipsem'),
(468, 187, 2, 'lorem ipsem', 'lorem ipsem'),
(469, 188, 3, 'lorem ipsem', 'lorem ipsem'),
(470, 188, 2, 'lorem ipsem', 'lorem ipsem'),
(471, 188, 2, 'lorem ipsem', 'lorem ipsem'),
(472, 189, 3, 'lorem ipsem', 'lorem ipsem'),
(473, 189, 3, 'lorem ipsem', 'lorem ipsem'),
(474, 190, 2, 'lorem ipsem', 'lorem ipsem'),
(475, 190, 3, 'lorem ipsem', 'lorem ipsem'),
(476, 191, 1, 'lorem ipsem', 'lorem ipsem'),
(477, 192, 3, 'lorem ipsem', 'lorem ipsem'),
(478, 192, 1, 'lorem ipsem', 'lorem ipsem'),
(479, 193, 3, 'lorem ipsem', 'lorem ipsem'),
(480, 194, 3, 'lorem ipsem', 'lorem ipsem'),
(481, 194, 2, 'lorem ipsem', 'lorem ipsem'),
(482, 194, 1, 'lorem ipsem', 'lorem ipsem'),
(483, 194, 2, 'lorem ipsem', 'lorem ipsem'),
(484, 197, 2, 'lorem ipsem', 'lorem ipsem'),
(485, 198, 3, 'lorem ipsem', 'lorem ipsem'),
(486, 198, 2, 'lorem ipsem', 'lorem ipsem'),
(487, 199, 1, 'lorem ipsem', 'lorem ipsem'),
(488, 199, 3, 'lorem ipsem', 'lorem ipsem'),
(489, 199, 3, 'lorem ipsem', 'lorem ipsem'),
(490, 199, 3, 'lorem ipsem', 'lorem ipsem'),
(491, 200, 2, 'lorem ipsem', 'lorem ipsem'),
(492, 200, 3, 'lorem ipsem', 'lorem ipsem'),
(493, 201, 2, 'lorem ipsem', 'lorem ipsem'),
(494, 201, 2, 'lorem ipsem', 'lorem ipsem'),
(495, 203, 2, 'lorem ipsem', 'lorem ipsem'),
(496, 203, 2, 'lorem ipsem', 'lorem ipsem'),
(497, 203, 1, 'lorem ipsem', 'lorem ipsem'),
(498, 203, 1, 'lorem ipsem', 'lorem ipsem'),
(499, 204, 2, 'lorem ipsem', 'lorem ipsem'),
(500, 206, 2, 'lorem ipsem', 'lorem ipsem'),
(501, 207, 2, 'lorem ipsem', 'lorem ipsem'),
(502, 207, 2, 'lorem ipsem', 'lorem ipsem'),
(503, 207, 1, 'lorem ipsem', 'lorem ipsem'),
(504, 207, 3, 'lorem ipsem', 'lorem ipsem'),
(505, 207, 3, 'lorem ipsem', 'lorem ipsem'),
(506, 209, 2, 'lorem ipsem', 'lorem ipsem'),
(507, 209, 2, 'lorem ipsem', 'lorem ipsem'),
(508, 209, 1, 'lorem ipsem', 'lorem ipsem'),
(509, 211, 2, 'lorem ipsem', 'lorem ipsem'),
(510, 211, 3, 'lorem ipsem', 'lorem ipsem'),
(511, 211, 1, 'lorem ipsem', 'lorem ipsem'),
(512, 211, 2, 'lorem ipsem', 'lorem ipsem'),
(513, 212, 2, 'lorem ipsem', 'lorem ipsem'),
(514, 213, 2, 'lorem ipsem', 'lorem ipsem'),
(515, 213, 1, 'lorem ipsem', 'lorem ipsem'),
(516, 213, 2, 'lorem ipsem', 'lorem ipsem'),
(517, 214, 3, 'lorem ipsem', 'lorem ipsem'),
(518, 215, 1, 'lorem ipsem', 'lorem ipsem'),
(519, 215, 3, 'lorem ipsem', 'lorem ipsem'),
(520, 215, 3, 'lorem ipsem', 'lorem ipsem'),
(521, 215, 1, 'lorem ipsem', 'lorem ipsem'),
(522, 216, 2, 'lorem ipsem', 'lorem ipsem'),
(523, 217, 3, 'lorem ipsem', 'lorem ipsem'),
(524, 219, 3, 'lorem ipsem', 'lorem ipsem'),
(525, 219, 2, 'lorem ipsem', 'lorem ipsem'),
(526, 219, 2, 'lorem ipsem', 'lorem ipsem'),
(527, 219, 3, 'lorem ipsem', 'lorem ipsem'),
(528, 219, 1, 'lorem ipsem', 'lorem ipsem'),
(529, 220, 2, 'lorem ipsem', 'lorem ipsem'),
(530, 220, 3, 'lorem ipsem', 'lorem ipsem'),
(531, 220, 2, 'lorem ipsem', 'lorem ipsem'),
(532, 220, 1, 'lorem ipsem', 'lorem ipsem'),
(533, 220, 3, 'lorem ipsem', 'lorem ipsem'),
(534, 221, 1, 'lorem ipsem', 'lorem ipsem'),
(535, 221, 3, 'lorem ipsem', 'lorem ipsem'),
(536, 221, 3, 'lorem ipsem', 'lorem ipsem'),
(537, 221, 1, 'lorem ipsem', 'lorem ipsem'),
(538, 222, 3, 'lorem ipsem', 'lorem ipsem'),
(539, 222, 1, 'lorem ipsem', 'lorem ipsem'),
(540, 222, 3, 'lorem ipsem', 'lorem ipsem'),
(541, 222, 1, 'lorem ipsem', 'lorem ipsem'),
(542, 223, 3, 'lorem ipsem', 'lorem ipsem'),
(543, 223, 3, 'lorem ipsem', 'lorem ipsem'),
(544, 223, 3, 'lorem ipsem', 'lorem ipsem'),
(545, 223, 1, 'lorem ipsem', 'lorem ipsem'),
(546, 224, 1, 'lorem ipsem', 'lorem ipsem'),
(547, 224, 1, 'lorem ipsem', 'lorem ipsem'),
(548, 226, 3, 'lorem ipsem', 'lorem ipsem'),
(549, 227, 1, 'lorem ipsem', 'lorem ipsem'),
(550, 227, 2, 'lorem ipsem', 'lorem ipsem'),
(551, 227, 2, 'lorem ipsem', 'lorem ipsem'),
(552, 227, 3, 'lorem ipsem', 'lorem ipsem'),
(553, 227, 2, 'lorem ipsem', 'lorem ipsem'),
(554, 228, 2, 'lorem ipsem', 'lorem ipsem'),
(555, 228, 3, 'lorem ipsem', 'lorem ipsem'),
(556, 230, 1, 'lorem ipsem', 'lorem ipsem'),
(557, 230, 1, 'lorem ipsem', 'lorem ipsem'),
(558, 230, 2, 'lorem ipsem', 'lorem ipsem'),
(559, 230, 3, 'lorem ipsem', 'lorem ipsem'),
(560, 230, 2, 'lorem ipsem', 'lorem ipsem'),
(561, 231, 1, 'lorem ipsem', 'lorem ipsem'),
(562, 232, 3, 'lorem ipsem', 'lorem ipsem'),
(563, 232, 1, 'lorem ipsem', 'lorem ipsem'),
(564, 232, 1, 'lorem ipsem', 'lorem ipsem'),
(565, 232, 1, 'lorem ipsem', 'lorem ipsem'),
(566, 235, 3, 'lorem ipsem', 'lorem ipsem'),
(567, 236, 3, 'lorem ipsem', 'lorem ipsem'),
(568, 237, 2, 'lorem ipsem', 'lorem ipsem'),
(569, 238, 2, 'lorem ipsem', 'lorem ipsem'),
(570, 238, 2, 'lorem ipsem', 'lorem ipsem'),
(571, 238, 2, 'lorem ipsem', 'lorem ipsem'),
(572, 238, 2, 'lorem ipsem', 'lorem ipsem'),
(573, 238, 2, 'lorem ipsem', 'lorem ipsem'),
(574, 239, 3, 'lorem ipsem', 'lorem ipsem'),
(575, 239, 3, 'lorem ipsem', 'lorem ipsem'),
(576, 239, 3, 'lorem ipsem', 'lorem ipsem'),
(577, 240, 1, 'lorem ipsem', 'lorem ipsem'),
(578, 240, 2, 'lorem ipsem', 'lorem ipsem'),
(579, 240, 1, 'lorem ipsem', 'lorem ipsem'),
(580, 240, 2, 'lorem ipsem', 'lorem ipsem'),
(581, 241, 3, 'lorem ipsem', 'lorem ipsem'),
(582, 241, 2, 'lorem ipsem', 'lorem ipsem'),
(583, 241, 1, 'lorem ipsem', 'lorem ipsem'),
(584, 241, 3, 'lorem ipsem', 'lorem ipsem'),
(585, 242, 1, 'lorem ipsem', 'lorem ipsem'),
(586, 242, 3, 'lorem ipsem', 'lorem ipsem'),
(587, 242, 1, 'lorem ipsem', 'lorem ipsem'),
(588, 242, 3, 'lorem ipsem', 'lorem ipsem'),
(589, 243, 2, 'lorem ipsem', 'lorem ipsem'),
(590, 243, 1, 'lorem ipsem', 'lorem ipsem'),
(591, 245, 1, 'lorem ipsem', 'lorem ipsem'),
(592, 245, 1, 'lorem ipsem', 'lorem ipsem'),
(593, 245, 3, 'lorem ipsem', 'lorem ipsem'),
(594, 245, 2, 'lorem ipsem', 'lorem ipsem'),
(595, 246, 2, 'lorem ipsem', 'lorem ipsem'),
(596, 246, 3, 'lorem ipsem', 'lorem ipsem'),
(597, 247, 1, 'lorem ipsem', 'lorem ipsem'),
(598, 248, 2, 'lorem ipsem', 'lorem ipsem'),
(599, 248, 2, 'lorem ipsem', 'lorem ipsem'),
(600, 248, 1, 'lorem ipsem', 'lorem ipsem'),
(601, 249, 1, 'lorem ipsem', 'lorem ipsem'),
(602, 249, 2, 'lorem ipsem', 'lorem ipsem'),
(603, 249, 2, 'lorem ipsem', 'lorem ipsem'),
(604, 249, 1, 'lorem ipsem', 'lorem ipsem'),
(605, 250, 1, 'lorem ipsem', 'lorem ipsem'),
(606, 250, 3, 'lorem ipsem', 'lorem ipsem'),
(607, 250, 1, 'lorem ipsem', 'lorem ipsem'),
(608, 250, 3, 'lorem ipsem', 'lorem ipsem'),
(609, 250, 1, 'lorem ipsem', 'lorem ipsem'),
(610, 251, 1, 'lorem ipsem', 'lorem ipsem'),
(611, 252, 3, 'lorem ipsem', 'lorem ipsem'),
(612, 253, 3, 'lorem ipsem', 'lorem ipsem'),
(613, 253, 3, 'lorem ipsem', 'lorem ipsem'),
(614, 254, 2, 'lorem ipsem', 'lorem ipsem'),
(615, 254, 1, 'lorem ipsem', 'lorem ipsem'),
(616, 254, 3, 'lorem ipsem', 'lorem ipsem'),
(617, 254, 1, 'lorem ipsem', 'lorem ipsem'),
(618, 256, 1, 'lorem ipsem', 'lorem ipsem'),
(619, 257, 3, 'lorem ipsem', 'lorem ipsem'),
(620, 257, 2, 'lorem ipsem', 'lorem ipsem'),
(621, 257, 2, 'lorem ipsem', 'lorem ipsem'),
(622, 257, 1, 'lorem ipsem', 'lorem ipsem'),
(623, 257, 1, 'lorem ipsem', 'lorem ipsem'),
(624, 259, 1, 'lorem ipsem', 'lorem ipsem'),
(625, 259, 1, 'lorem ipsem', 'lorem ipsem'),
(626, 260, 3, 'lorem ipsem', 'lorem ipsem'),
(627, 260, 2, 'lorem ipsem', 'lorem ipsem'),
(628, 260, 1, 'lorem ipsem', 'lorem ipsem'),
(629, 261, 1, 'lorem ipsem', 'lorem ipsem'),
(630, 261, 1, 'lorem ipsem', 'lorem ipsem'),
(631, 261, 1, 'lorem ipsem', 'lorem ipsem'),
(632, 261, 2, 'lorem ipsem', 'lorem ipsem'),
(633, 262, 3, 'lorem ipsem', 'lorem ipsem'),
(634, 262, 1, 'lorem ipsem', 'lorem ipsem'),
(635, 262, 2, 'lorem ipsem', 'lorem ipsem'),
(636, 262, 3, 'lorem ipsem', 'lorem ipsem'),
(637, 262, 2, 'lorem ipsem', 'lorem ipsem'),
(638, 263, 1, 'lorem ipsem', 'lorem ipsem'),
(639, 263, 2, 'lorem ipsem', 'lorem ipsem'),
(640, 263, 1, 'lorem ipsem', 'lorem ipsem'),
(641, 264, 2, 'lorem ipsem', 'lorem ipsem'),
(642, 264, 2, 'lorem ipsem', 'lorem ipsem'),
(643, 265, 3, 'lorem ipsem', 'lorem ipsem'),
(644, 265, 2, 'lorem ipsem', 'lorem ipsem'),
(645, 265, 3, 'lorem ipsem', 'lorem ipsem'),
(646, 267, 1, 'lorem ipsem', 'lorem ipsem'),
(647, 269, 1, 'lorem ipsem', 'lorem ipsem'),
(648, 270, 1, 'lorem ipsem', 'lorem ipsem'),
(649, 270, 2, 'lorem ipsem', 'lorem ipsem'),
(650, 270, 3, 'lorem ipsem', 'lorem ipsem'),
(651, 270, 1, 'lorem ipsem', 'lorem ipsem'),
(652, 270, 1, 'lorem ipsem', 'lorem ipsem'),
(653, 271, 1, 'lorem ipsem', 'lorem ipsem'),
(654, 272, 3, 'lorem ipsem', 'lorem ipsem'),
(655, 272, 1, 'lorem ipsem', 'lorem ipsem'),
(656, 273, 1, 'lorem ipsem', 'lorem ipsem'),
(657, 273, 2, 'lorem ipsem', 'lorem ipsem'),
(658, 273, 2, 'lorem ipsem', 'lorem ipsem'),
(659, 273, 3, 'lorem ipsem', 'lorem ipsem'),
(660, 273, 1, 'lorem ipsem', 'lorem ipsem'),
(661, 274, 2, 'lorem ipsem', 'lorem ipsem'),
(662, 274, 2, 'lorem ipsem', 'lorem ipsem'),
(663, 274, 3, 'lorem ipsem', 'lorem ipsem'),
(664, 274, 3, 'lorem ipsem', 'lorem ipsem'),
(665, 274, 1, 'lorem ipsem', 'lorem ipsem'),
(666, 275, 2, 'lorem ipsem', 'lorem ipsem'),
(667, 276, 3, 'lorem ipsem', 'lorem ipsem'),
(668, 276, 3, 'lorem ipsem', 'lorem ipsem'),
(669, 276, 1, 'lorem ipsem', 'lorem ipsem'),
(670, 276, 2, 'lorem ipsem', 'lorem ipsem'),
(671, 276, 3, 'lorem ipsem', 'lorem ipsem'),
(672, 277, 2, 'lorem ipsem', 'lorem ipsem'),
(673, 277, 1, 'lorem ipsem', 'lorem ipsem'),
(674, 277, 1, 'lorem ipsem', 'lorem ipsem'),
(675, 277, 3, 'lorem ipsem', 'lorem ipsem'),
(676, 278, 1, 'lorem ipsem', 'lorem ipsem'),
(677, 278, 2, 'lorem ipsem', 'lorem ipsem'),
(678, 278, 2, 'lorem ipsem', 'lorem ipsem'),
(679, 278, 1, 'lorem ipsem', 'lorem ipsem'),
(680, 280, 3, 'lorem ipsem', 'lorem ipsem'),
(681, 280, 1, 'lorem ipsem', 'lorem ipsem'),
(682, 280, 1, 'lorem ipsem', 'lorem ipsem'),
(683, 280, 3, 'lorem ipsem', 'lorem ipsem'),
(684, 281, 3, 'lorem ipsem', 'lorem ipsem'),
(685, 281, 2, 'lorem ipsem', 'lorem ipsem'),
(686, 281, 1, 'lorem ipsem', 'lorem ipsem'),
(687, 282, 2, 'lorem ipsem', 'lorem ipsem'),
(688, 282, 1, 'lorem ipsem', 'lorem ipsem'),
(689, 282, 3, 'lorem ipsem', 'lorem ipsem'),
(690, 282, 1, 'lorem ipsem', 'lorem ipsem'),
(691, 283, 2, 'lorem ipsem', 'lorem ipsem'),
(692, 283, 3, 'lorem ipsem', 'lorem ipsem'),
(693, 284, 1, 'lorem ipsem', 'lorem ipsem'),
(694, 284, 3, 'lorem ipsem', 'lorem ipsem'),
(695, 285, 2, 'lorem ipsem', 'lorem ipsem'),
(696, 285, 2, 'lorem ipsem', 'lorem ipsem'),
(697, 285, 3, 'lorem ipsem', 'lorem ipsem'),
(698, 286, 3, 'lorem ipsem', 'lorem ipsem'),
(699, 288, 1, 'lorem ipsem', 'lorem ipsem'),
(700, 288, 1, 'lorem ipsem', 'lorem ipsem'),
(701, 288, 3, 'lorem ipsem', 'lorem ipsem'),
(702, 288, 2, 'lorem ipsem', 'lorem ipsem'),
(703, 288, 1, 'lorem ipsem', 'lorem ipsem'),
(704, 289, 3, 'lorem ipsem', 'lorem ipsem'),
(705, 289, 3, 'lorem ipsem', 'lorem ipsem'),
(706, 289, 3, 'lorem ipsem', 'lorem ipsem'),
(707, 291, 1, 'lorem ipsem', 'lorem ipsem'),
(708, 291, 1, 'lorem ipsem', 'lorem ipsem'),
(709, 291, 3, 'lorem ipsem', 'lorem ipsem'),
(710, 291, 2, 'lorem ipsem', 'lorem ipsem'),
(711, 292, 2, 'lorem ipsem', 'lorem ipsem'),
(712, 292, 1, 'lorem ipsem', 'lorem ipsem'),
(713, 292, 2, 'lorem ipsem', 'lorem ipsem'),
(714, 292, 1, 'lorem ipsem', 'lorem ipsem'),
(715, 292, 1, 'lorem ipsem', 'lorem ipsem'),
(716, 294, 3, 'lorem ipsem', 'lorem ipsem'),
(717, 294, 1, 'lorem ipsem', 'lorem ipsem'),
(718, 294, 1, 'lorem ipsem', 'lorem ipsem'),
(719, 295, 3, 'lorem ipsem', 'lorem ipsem'),
(720, 295, 2, 'lorem ipsem', 'lorem ipsem'),
(721, 295, 1, 'lorem ipsem', 'lorem ipsem'),
(722, 295, 3, 'lorem ipsem', 'lorem ipsem'),
(723, 296, 1, 'lorem ipsem', 'lorem ipsem'),
(724, 297, 2, 'lorem ipsem', 'lorem ipsem'),
(725, 297, 3, 'lorem ipsem', 'lorem ipsem'),
(726, 297, 3, 'lorem ipsem', 'lorem ipsem'),
(727, 298, 1, 'lorem ipsem', 'lorem ipsem'),
(728, 298, 1, 'lorem ipsem', 'lorem ipsem'),
(729, 298, 2, 'lorem ipsem', 'lorem ipsem'),
(730, 298, 3, 'lorem ipsem', 'lorem ipsem'),
(731, 299, 2, 'lorem ipsem', 'lorem ipsem'),
(732, 299, 1, 'lorem ipsem', 'lorem ipsem'),
(733, 299, 1, 'lorem ipsem', 'lorem ipsem'),
(734, 299, 3, 'lorem ipsem', 'lorem ipsem'),
(735, 299, 1, 'lorem ipsem', 'lorem ipsem'),
(736, 300, 3, 'lorem ipsem', 'lorem ipsem'),
(737, 301, 1, 'lorem ipsem', 'lorem ipsem'),
(738, 301, 1, 'lorem ipsem', 'lorem ipsem'),
(739, 302, 3, 'lorem ipsem', 'lorem ipsem'),
(740, 302, 3, 'lorem ipsem', 'lorem ipsem'),
(741, 302, 2, 'lorem ipsem', 'lorem ipsem'),
(742, 304, 1, 'lorem ipsem', 'lorem ipsem'),
(743, 305, 3, 'lorem ipsem', 'lorem ipsem'),
(744, 305, 1, 'lorem ipsem', 'lorem ipsem'),
(745, 306, 2, 'lorem ipsem', 'lorem ipsem'),
(746, 306, 3, 'lorem ipsem', 'lorem ipsem'),
(747, 307, 1, 'lorem ipsem', 'lorem ipsem'),
(748, 307, 2, 'lorem ipsem', 'lorem ipsem'),
(749, 308, 1, 'lorem ipsem', 'lorem ipsem'),
(750, 309, 3, 'lorem ipsem', 'lorem ipsem'),
(751, 311, 1, 'lorem ipsem', 'lorem ipsem'),
(752, 312, 1, 'lorem ipsem', 'lorem ipsem'),
(753, 312, 2, 'lorem ipsem', 'lorem ipsem'),
(754, 312, 3, 'lorem ipsem', 'lorem ipsem'),
(755, 312, 3, 'lorem ipsem', 'lorem ipsem'),
(756, 312, 1, 'lorem ipsem', 'lorem ipsem'),
(757, 313, 2, 'lorem ipsem', 'lorem ipsem'),
(758, 313, 1, 'lorem ipsem', 'lorem ipsem'),
(759, 313, 3, 'lorem ipsem', 'lorem ipsem'),
(760, 313, 2, 'lorem ipsem', 'lorem ipsem'),
(761, 314, 3, 'lorem ipsem', 'lorem ipsem'),
(762, 314, 2, 'lorem ipsem', 'lorem ipsem'),
(763, 315, 3, 'lorem ipsem', 'lorem ipsem'),
(764, 316, 2, 'lorem ipsem', 'lorem ipsem'),
(765, 316, 2, 'lorem ipsem', 'lorem ipsem'),
(766, 316, 3, 'lorem ipsem', 'lorem ipsem'),
(767, 316, 1, 'lorem ipsem', 'lorem ipsem'),
(768, 316, 3, 'lorem ipsem', 'lorem ipsem'),
(769, 317, 3, 'lorem ipsem', 'lorem ipsem'),
(770, 318, 2, 'lorem ipsem', 'lorem ipsem'),
(771, 319, 2, 'lorem ipsem', 'lorem ipsem'),
(772, 319, 2, 'lorem ipsem', 'lorem ipsem'),
(773, 319, 2, 'lorem ipsem', 'lorem ipsem'),
(774, 319, 3, 'lorem ipsem', 'lorem ipsem'),
(775, 319, 3, 'lorem ipsem', 'lorem ipsem'),
(776, 320, 3, 'lorem ipsem', 'lorem ipsem'),
(777, 322, 1, 'lorem ipsem', 'lorem ipsem'),
(778, 323, 3, 'lorem ipsem', 'lorem ipsem'),
(779, 323, 3, 'lorem ipsem', 'lorem ipsem'),
(780, 323, 1, 'lorem ipsem', 'lorem ipsem'),
(781, 324, 2, 'lorem ipsem', 'lorem ipsem'),
(782, 324, 1, 'lorem ipsem', 'lorem ipsem'),
(783, 325, 3, 'lorem ipsem', 'lorem ipsem'),
(784, 327, 2, 'lorem ipsem', 'lorem ipsem'),
(785, 327, 2, 'lorem ipsem', 'lorem ipsem'),
(786, 327, 2, 'lorem ipsem', 'lorem ipsem'),
(787, 327, 1, 'lorem ipsem', 'lorem ipsem'),
(788, 328, 3, 'lorem ipsem', 'lorem ipsem'),
(789, 328, 3, 'lorem ipsem', 'lorem ipsem'),
(790, 328, 1, 'lorem ipsem', 'lorem ipsem'),
(791, 329, 2, 'lorem ipsem', 'lorem ipsem'),
(792, 329, 3, 'lorem ipsem', 'lorem ipsem'),
(793, 330, 1, 'lorem ipsem', 'lorem ipsem'),
(794, 330, 1, 'lorem ipsem', 'lorem ipsem'),
(795, 330, 2, 'lorem ipsem', 'lorem ipsem'),
(796, 330, 2, 'lorem ipsem', 'lorem ipsem'),
(797, 330, 2, 'lorem ipsem', 'lorem ipsem'),
(798, 331, 3, 'lorem ipsem', 'lorem ipsem'),
(799, 331, 1, 'lorem ipsem', 'lorem ipsem'),
(800, 331, 2, 'lorem ipsem', 'lorem ipsem'),
(801, 331, 1, 'lorem ipsem', 'lorem ipsem'),
(802, 331, 3, 'lorem ipsem', 'lorem ipsem'),
(803, 332, 1, 'lorem ipsem', 'lorem ipsem'),
(804, 333, 2, 'lorem ipsem', 'lorem ipsem'),
(805, 333, 3, 'lorem ipsem', 'lorem ipsem'),
(806, 333, 2, 'lorem ipsem', 'lorem ipsem'),
(807, 335, 1, 'lorem ipsem', 'lorem ipsem'),
(808, 335, 3, 'lorem ipsem', 'lorem ipsem'),
(809, 335, 3, 'lorem ipsem', 'lorem ipsem'),
(810, 335, 1, 'lorem ipsem', 'lorem ipsem'),
(811, 336, 3, 'lorem ipsem', 'lorem ipsem'),
(812, 337, 3, 'lorem ipsem', 'lorem ipsem'),
(813, 337, 1, 'lorem ipsem', 'lorem ipsem'),
(814, 337, 3, 'lorem ipsem', 'lorem ipsem'),
(815, 337, 3, 'lorem ipsem', 'lorem ipsem'),
(816, 338, 2, 'lorem ipsem', 'lorem ipsem'),
(817, 340, 1, 'lorem ipsem', 'lorem ipsem'),
(818, 340, 2, 'lorem ipsem', 'lorem ipsem'),
(819, 341, 1, 'lorem ipsem', 'lorem ipsem'),
(820, 341, 1, 'lorem ipsem', 'lorem ipsem'),
(821, 341, 3, 'lorem ipsem', 'lorem ipsem'),
(822, 341, 2, 'lorem ipsem', 'lorem ipsem'),
(823, 341, 3, 'lorem ipsem', 'lorem ipsem'),
(824, 343, 2, 'lorem ipsem', 'lorem ipsem'),
(825, 344, 3, 'lorem ipsem', 'lorem ipsem'),
(826, 344, 2, 'lorem ipsem', 'lorem ipsem'),
(827, 345, 1, 'lorem ipsem', 'lorem ipsem'),
(828, 346, 3, 'lorem ipsem', 'lorem ipsem'),
(829, 347, 1, 'lorem ipsem', 'lorem ipsem'),
(830, 348, 2, 'lorem ipsem', 'lorem ipsem'),
(831, 348, 2, 'lorem ipsem', 'lorem ipsem'),
(832, 348, 1, 'lorem ipsem', 'lorem ipsem'),
(833, 350, 1, 'lorem ipsem', 'lorem ipsem'),
(834, 351, 3, 'lorem ipsem', 'lorem ipsem'),
(835, 351, 1, 'lorem ipsem', 'lorem ipsem'),
(836, 351, 3, 'lorem ipsem', 'lorem ipsem'),
(837, 352, 2, 'lorem ipsem', 'lorem ipsem'),
(838, 352, 1, 'lorem ipsem', 'lorem ipsem'),
(839, 352, 2, 'lorem ipsem', 'lorem ipsem'),
(840, 352, 3, 'lorem ipsem', 'lorem ipsem'),
(841, 352, 3, 'lorem ipsem', 'lorem ipsem'),
(842, 353, 3, 'lorem ipsem', 'lorem ipsem'),
(843, 354, 1, 'lorem ipsem', 'lorem ipsem'),
(844, 354, 3, 'lorem ipsem', 'lorem ipsem'),
(845, 355, 2, 'lorem ipsem', 'lorem ipsem'),
(846, 355, 2, 'lorem ipsem', 'lorem ipsem'),
(847, 356, 3, 'lorem ipsem', 'lorem ipsem'),
(848, 356, 2, 'lorem ipsem', 'lorem ipsem'),
(849, 356, 3, 'lorem ipsem', 'lorem ipsem'),
(850, 356, 3, 'lorem ipsem', 'lorem ipsem'),
(851, 356, 2, 'lorem ipsem', 'lorem ipsem'),
(852, 357, 1, 'lorem ipsem', 'lorem ipsem'),
(853, 358, 1, 'lorem ipsem', 'lorem ipsem'),
(854, 358, 1, 'lorem ipsem', 'lorem ipsem'),
(855, 358, 2, 'lorem ipsem', 'lorem ipsem'),
(856, 359, 1, 'lorem ipsem', 'lorem ipsem'),
(857, 359, 3, 'lorem ipsem', 'lorem ipsem'),
(858, 359, 2, 'lorem ipsem', 'lorem ipsem'),
(859, 359, 1, 'lorem ipsem', 'lorem ipsem'),
(860, 359, 1, 'lorem ipsem', 'lorem ipsem'),
(861, 360, 2, 'lorem ipsem', 'lorem ipsem'),
(862, 361, 3, 'lorem ipsem', 'lorem ipsem'),
(863, 361, 1, 'lorem ipsem', 'lorem ipsem'),
(864, 361, 3, 'lorem ipsem', 'lorem ipsem'),
(865, 361, 2, 'lorem ipsem', 'lorem ipsem'),
(866, 362, 1, 'lorem ipsem', 'lorem ipsem'),
(867, 363, 1, 'lorem ipsem', 'lorem ipsem'),
(868, 363, 2, 'lorem ipsem', 'lorem ipsem'),
(869, 363, 1, 'lorem ipsem', 'lorem ipsem'),
(870, 364, 1, 'lorem ipsem', 'lorem ipsem'),
(871, 364, 1, 'lorem ipsem', 'lorem ipsem'),
(872, 364, 3, 'lorem ipsem', 'lorem ipsem'),
(873, 364, 2, 'lorem ipsem', 'lorem ipsem'),
(874, 365, 1, 'lorem ipsem', 'lorem ipsem'),
(875, 365, 1, 'lorem ipsem', 'lorem ipsem'),
(876, 365, 1, 'lorem ipsem', 'lorem ipsem'),
(877, 365, 1, 'lorem ipsem', 'lorem ipsem'),
(878, 365, 2, 'lorem ipsem', 'lorem ipsem'),
(879, 366, 3, 'lorem ipsem', 'lorem ipsem'),
(880, 368, 2, 'lorem ipsem', 'lorem ipsem'),
(881, 368, 3, 'lorem ipsem', 'lorem ipsem'),
(882, 369, 2, 'lorem ipsem', 'lorem ipsem'),
(883, 369, 2, 'lorem ipsem', 'lorem ipsem'),
(884, 369, 1, 'lorem ipsem', 'lorem ipsem'),
(885, 371, 3, 'lorem ipsem', 'lorem ipsem'),
(886, 371, 2, 'lorem ipsem', 'lorem ipsem'),
(887, 371, 1, 'lorem ipsem', 'lorem ipsem'),
(888, 372, 2, 'lorem ipsem', 'lorem ipsem'),
(889, 372, 3, 'lorem ipsem', 'lorem ipsem'),
(890, 372, 1, 'lorem ipsem', 'lorem ipsem'),
(891, 374, 2, 'lorem ipsem', 'lorem ipsem'),
(892, 374, 3, 'lorem ipsem', 'lorem ipsem'),
(893, 376, 1, 'lorem ipsem', 'lorem ipsem'),
(894, 376, 2, 'lorem ipsem', 'lorem ipsem'),
(895, 376, 3, 'lorem ipsem', 'lorem ipsem'),
(896, 377, 3, 'lorem ipsem', 'lorem ipsem'),
(897, 377, 1, 'lorem ipsem', 'lorem ipsem'),
(898, 378, 3, 'lorem ipsem', 'lorem ipsem'),
(899, 378, 1, 'lorem ipsem', 'lorem ipsem'),
(900, 378, 3, 'lorem ipsem', 'lorem ipsem'),
(901, 378, 3, 'lorem ipsem', 'lorem ipsem'),
(902, 379, 1, 'lorem ipsem', 'lorem ipsem'),
(903, 380, 3, 'lorem ipsem', 'lorem ipsem'),
(904, 381, 3, 'lorem ipsem', 'lorem ipsem'),
(905, 381, 1, 'lorem ipsem', 'lorem ipsem'),
(906, 381, 1, 'lorem ipsem', 'lorem ipsem'),
(907, 381, 3, 'lorem ipsem', 'lorem ipsem'),
(908, 382, 2, 'lorem ipsem', 'lorem ipsem'),
(909, 382, 3, 'lorem ipsem', 'lorem ipsem'),
(910, 382, 2, 'lorem ipsem', 'lorem ipsem'),
(911, 383, 1, 'lorem ipsem', 'lorem ipsem'),
(912, 385, 3, 'lorem ipsem', 'lorem ipsem'),
(913, 385, 3, 'lorem ipsem', 'lorem ipsem'),
(914, 385, 2, 'lorem ipsem', 'lorem ipsem'),
(915, 385, 1, 'lorem ipsem', 'lorem ipsem'),
(916, 386, 1, 'lorem ipsem', 'lorem ipsem'),
(917, 386, 1, 'lorem ipsem', 'lorem ipsem'),
(918, 386, 3, 'lorem ipsem', 'lorem ipsem'),
(919, 386, 2, 'lorem ipsem', 'lorem ipsem'),
(920, 387, 1, 'lorem ipsem', 'lorem ipsem'),
(921, 388, 3, 'lorem ipsem', 'lorem ipsem'),
(922, 388, 3, 'lorem ipsem', 'lorem ipsem'),
(923, 388, 2, 'lorem ipsem', 'lorem ipsem'),
(924, 389, 2, 'lorem ipsem', 'lorem ipsem'),
(925, 389, 1, 'lorem ipsem', 'lorem ipsem'),
(926, 389, 2, 'lorem ipsem', 'lorem ipsem'),
(927, 389, 2, 'lorem ipsem', 'lorem ipsem'),
(928, 390, 3, 'lorem ipsem', 'lorem ipsem'),
(929, 390, 1, 'lorem ipsem', 'lorem ipsem'),
(930, 391, 1, 'lorem ipsem', 'lorem ipsem'),
(931, 391, 3, 'lorem ipsem', 'lorem ipsem'),
(932, 391, 1, 'lorem ipsem', 'lorem ipsem'),
(933, 391, 3, 'lorem ipsem', 'lorem ipsem'),
(934, 392, 1, 'lorem ipsem', 'lorem ipsem'),
(935, 392, 2, 'lorem ipsem', 'lorem ipsem'),
(936, 393, 2, 'lorem ipsem', 'lorem ipsem'),
(937, 393, 2, 'lorem ipsem', 'lorem ipsem'),
(938, 394, 1, 'lorem ipsem', 'lorem ipsem'),
(939, 394, 2, 'lorem ipsem', 'lorem ipsem'),
(940, 394, 2, 'lorem ipsem', 'lorem ipsem'),
(941, 394, 1, 'lorem ipsem', 'lorem ipsem'),
(942, 395, 1, 'lorem ipsem', 'lorem ipsem'),
(943, 395, 3, 'lorem ipsem', 'lorem ipsem'),
(944, 396, 2, 'lorem ipsem', 'lorem ipsem'),
(945, 396, 1, 'lorem ipsem', 'lorem ipsem'),
(946, 397, 2, 'lorem ipsem', 'lorem ipsem'),
(947, 397, 3, 'lorem ipsem', 'lorem ipsem'),
(948, 397, 3, 'lorem ipsem', 'lorem ipsem'),
(949, 397, 3, 'lorem ipsem', 'lorem ipsem'),
(950, 398, 2, 'lorem ipsem', 'lorem ipsem'),
(951, 398, 2, 'lorem ipsem', 'lorem ipsem'),
(952, 398, 2, 'lorem ipsem', 'lorem ipsem'),
(953, 399, 2, 'lorem ipsem', 'lorem ipsem'),
(954, 399, 3, 'lorem ipsem', 'lorem ipsem'),
(955, 399, 2, 'lorem ipsem', 'lorem ipsem'),
(956, 399, 3, 'lorem ipsem', 'lorem ipsem'),
(957, 400, 3, 'lorem ipsem', 'lorem ipsem'),
(958, 400, 2, 'lorem ipsem', 'lorem ipsem'),
(959, 400, 1, 'lorem ipsem', 'lorem ipsem'),
(960, 400, 3, 'lorem ipsem', 'lorem ipsem'),
(961, 400, 1, 'lorem ipsem', 'lorem ipsem'),
(962, 401, 2, 'lorem ipsem', 'lorem ipsem'),
(963, 401, 2, 'lorem ipsem', 'lorem ipsem'),
(964, 401, 2, 'lorem ipsem', 'lorem ipsem'),
(965, 403, 2, 'lorem ipsem', 'lorem ipsem'),
(966, 403, 3, 'lorem ipsem', 'lorem ipsem'),
(967, 403, 3, 'lorem ipsem', 'lorem ipsem'),
(968, 403, 3, 'lorem ipsem', 'lorem ipsem'),
(969, 403, 3, 'lorem ipsem', 'lorem ipsem'),
(970, 404, 2, 'lorem ipsem', 'lorem ipsem'),
(971, 404, 3, 'lorem ipsem', 'lorem ipsem'),
(972, 404, 1, 'lorem ipsem', 'lorem ipsem'),
(973, 405, 3, 'lorem ipsem', 'lorem ipsem'),
(974, 406, 3, 'lorem ipsem', 'lorem ipsem'),
(975, 407, 1, 'lorem ipsem', 'lorem ipsem'),
(976, 407, 2, 'lorem ipsem', 'lorem ipsem'),
(977, 407, 3, 'lorem ipsem', 'lorem ipsem'),
(978, 408, 3, 'lorem ipsem', 'lorem ipsem'),
(979, 408, 1, 'lorem ipsem', 'lorem ipsem'),
(980, 410, 3, 'lorem ipsem', 'lorem ipsem'),
(981, 410, 2, 'lorem ipsem', 'lorem ipsem'),
(982, 411, 3, 'lorem ipsem', 'lorem ipsem'),
(983, 411, 2, 'lorem ipsem', 'lorem ipsem'),
(984, 411, 2, 'lorem ipsem', 'lorem ipsem'),
(985, 411, 2, 'lorem ipsem', 'lorem ipsem'),
(986, 412, 2, 'lorem ipsem', 'lorem ipsem'),
(987, 412, 1, 'lorem ipsem', 'lorem ipsem'),
(988, 412, 2, 'lorem ipsem', 'lorem ipsem'),
(989, 413, 2, 'lorem ipsem', 'lorem ipsem'),
(990, 414, 2, 'lorem ipsem', 'lorem ipsem'),
(991, 414, 1, 'lorem ipsem', 'lorem ipsem'),
(992, 417, 2, 'lorem ipsem', 'lorem ipsem'),
(993, 418, 3, 'lorem ipsem', 'lorem ipsem'),
(994, 418, 3, 'lorem ipsem', 'lorem ipsem'),
(995, 419, 3, 'lorem ipsem', 'lorem ipsem'),
(996, 419, 3, 'lorem ipsem', 'lorem ipsem'),
(997, 419, 1, 'lorem ipsem', 'lorem ipsem'),
(998, 419, 2, 'lorem ipsem', 'lorem ipsem'),
(999, 419, 3, 'lorem ipsem', 'lorem ipsem'),
(1000, 421, 2, 'lorem ipsem', 'lorem ipsem'),
(1001, 423, 3, 'lorem ipsem', 'lorem ipsem'),
(1002, 423, 2, 'lorem ipsem', 'lorem ipsem'),
(1003, 423, 1, 'lorem ipsem', 'lorem ipsem'),
(1004, 423, 3, 'lorem ipsem', 'lorem ipsem'),
(1005, 423, 1, 'lorem ipsem', 'lorem ipsem'),
(1006, 424, 2, 'lorem ipsem', 'lorem ipsem'),
(1007, 425, 3, 'lorem ipsem', 'lorem ipsem'),
(1008, 425, 1, 'lorem ipsem', 'lorem ipsem'),
(1009, 425, 2, 'lorem ipsem', 'lorem ipsem'),
(1010, 425, 1, 'lorem ipsem', 'lorem ipsem'),
(1011, 425, 2, 'lorem ipsem', 'lorem ipsem'),
(1012, 426, 3, 'lorem ipsem', 'lorem ipsem'),
(1013, 426, 3, 'lorem ipsem', 'lorem ipsem'),
(1014, 426, 1, 'lorem ipsem', 'lorem ipsem'),
(1015, 427, 3, 'lorem ipsem', 'lorem ipsem'),
(1016, 427, 2, 'lorem ipsem', 'lorem ipsem'),
(1017, 427, 3, 'lorem ipsem', 'lorem ipsem'),
(1018, 427, 3, 'lorem ipsem', 'lorem ipsem'),
(1019, 430, 3, 'lorem ipsem', 'lorem ipsem'),
(1020, 430, 2, 'lorem ipsem', 'lorem ipsem'),
(1021, 430, 1, 'lorem ipsem', 'lorem ipsem'),
(1022, 430, 1, 'lorem ipsem', 'lorem ipsem'),
(1023, 431, 3, 'lorem ipsem', 'lorem ipsem'),
(1024, 431, 1, 'lorem ipsem', 'lorem ipsem'),
(1025, 431, 2, 'lorem ipsem', 'lorem ipsem'),
(1026, 431, 1, 'lorem ipsem', 'lorem ipsem'),
(1027, 432, 3, 'lorem ipsem', 'lorem ipsem'),
(1028, 432, 3, 'lorem ipsem', 'lorem ipsem'),
(1029, 432, 1, 'lorem ipsem', 'lorem ipsem'),
(1030, 432, 2, 'lorem ipsem', 'lorem ipsem'),
(1031, 432, 3, 'lorem ipsem', 'lorem ipsem'),
(1032, 433, 2, 'lorem ipsem', 'lorem ipsem'),
(1033, 433, 1, 'lorem ipsem', 'lorem ipsem'),
(1034, 434, 2, 'lorem ipsem', 'lorem ipsem'),
(1035, 434, 3, 'lorem ipsem', 'lorem ipsem'),
(1036, 434, 2, 'lorem ipsem', 'lorem ipsem'),
(1037, 434, 3, 'lorem ipsem', 'lorem ipsem'),
(1038, 434, 3, 'lorem ipsem', 'lorem ipsem'),
(1039, 435, 3, 'lorem ipsem', 'lorem ipsem'),
(1040, 435, 3, 'lorem ipsem', 'lorem ipsem'),
(1041, 436, 2, 'lorem ipsem', 'lorem ipsem'),
(1042, 436, 1, 'lorem ipsem', 'lorem ipsem'),
(1043, 436, 2, 'lorem ipsem', 'lorem ipsem'),
(1044, 436, 3, 'lorem ipsem', 'lorem ipsem'),
(1045, 437, 2, 'lorem ipsem', 'lorem ipsem'),
(1046, 437, 1, 'lorem ipsem', 'lorem ipsem'),
(1047, 437, 1, 'lorem ipsem', 'lorem ipsem'),
(1048, 437, 3, 'lorem ipsem', 'lorem ipsem'),
(1049, 438, 1, 'lorem ipsem', 'lorem ipsem'),
(1050, 438, 2, 'lorem ipsem', 'lorem ipsem'),
(1051, 438, 1, 'lorem ipsem', 'lorem ipsem'),
(1052, 439, 1, 'lorem ipsem', 'lorem ipsem'),
(1053, 439, 2, 'lorem ipsem', 'lorem ipsem'),
(1054, 439, 1, 'lorem ipsem', 'lorem ipsem'),
(1055, 439, 2, 'lorem ipsem', 'lorem ipsem'),
(1056, 439, 1, 'lorem ipsem', 'lorem ipsem'),
(1057, 440, 1, 'lorem ipsem', 'lorem ipsem'),
(1058, 440, 1, 'lorem ipsem', 'lorem ipsem'),
(1059, 441, 2, 'lorem ipsem', 'lorem ipsem'),
(1060, 441, 2, 'lorem ipsem', 'lorem ipsem'),
(1061, 442, 1, 'lorem ipsem', 'lorem ipsem'),
(1062, 442, 2, 'lorem ipsem', 'lorem ipsem'),
(1063, 442, 1, 'lorem ipsem', 'lorem ipsem'),
(1064, 442, 2, 'lorem ipsem', 'lorem ipsem'),
(1065, 443, 1, 'lorem ipsem', 'lorem ipsem'),
(1066, 444, 3, 'lorem ipsem', 'lorem ipsem'),
(1067, 444, 2, 'lorem ipsem', 'lorem ipsem'),
(1068, 444, 3, 'lorem ipsem', 'lorem ipsem'),
(1069, 444, 1, 'lorem ipsem', 'lorem ipsem'),
(1070, 445, 2, 'lorem ipsem', 'lorem ipsem'),
(1071, 445, 3, 'lorem ipsem', 'lorem ipsem'),
(1072, 445, 1, 'lorem ipsem', 'lorem ipsem'),
(1073, 445, 2, 'lorem ipsem', 'lorem ipsem'),
(1074, 446, 2, 'lorem ipsem', 'lorem ipsem'),
(1075, 446, 1, 'lorem ipsem', 'lorem ipsem'),
(1076, 447, 1, 'lorem ipsem', 'lorem ipsem'),
(1077, 447, 3, 'lorem ipsem', 'lorem ipsem'),
(1078, 448, 2, 'lorem ipsem', 'lorem ipsem'),
(1079, 448, 2, 'lorem ipsem', 'lorem ipsem'),
(1080, 448, 3, 'lorem ipsem', 'lorem ipsem'),
(1081, 448, 3, 'lorem ipsem', 'lorem ipsem'),
(1082, 449, 3, 'lorem ipsem', 'lorem ipsem'),
(1083, 449, 1, 'lorem ipsem', 'lorem ipsem'),
(1084, 450, 2, 'lorem ipsem', 'lorem ipsem'),
(1085, 450, 3, 'lorem ipsem', 'lorem ipsem'),
(1086, 450, 2, 'lorem ipsem', 'lorem ipsem'),
(1087, 450, 1, 'lorem ipsem', 'lorem ipsem'),
(1088, 451, 1, 'lorem ipsem', 'lorem ipsem'),
(1089, 452, 1, 'lorem ipsem', 'lorem ipsem'),
(1090, 452, 2, 'lorem ipsem', 'lorem ipsem'),
(1091, 452, 2, 'lorem ipsem', 'lorem ipsem'),
(1092, 452, 2, 'lorem ipsem', 'lorem ipsem'),
(1093, 452, 1, 'lorem ipsem', 'lorem ipsem'),
(1094, 453, 3, 'lorem ipsem', 'lorem ipsem'),
(1095, 454, 1, 'lorem ipsem', 'lorem ipsem'),
(1096, 454, 3, 'lorem ipsem', 'lorem ipsem'),
(1097, 454, 1, 'lorem ipsem', 'lorem ipsem'),
(1098, 454, 1, 'lorem ipsem', 'lorem ipsem'),
(1099, 455, 1, 'lorem ipsem', 'lorem ipsem'),
(1100, 455, 2, 'lorem ipsem', 'lorem ipsem'),
(1101, 455, 3, 'lorem ipsem', 'lorem ipsem'),
(1102, 456, 2, 'lorem ipsem', 'lorem ipsem'),
(1103, 457, 1, 'lorem ipsem', 'lorem ipsem'),
(1104, 457, 1, 'lorem ipsem', 'lorem ipsem'),
(1105, 457, 1, 'lorem ipsem', 'lorem ipsem'),
(1106, 457, 2, 'lorem ipsem', 'lorem ipsem'),
(1107, 459, 2, 'lorem ipsem', 'lorem ipsem'),
(1108, 459, 1, 'lorem ipsem', 'lorem ipsem'),
(1109, 460, 1, 'lorem ipsem', 'lorem ipsem'),
(1110, 460, 2, 'lorem ipsem', 'lorem ipsem'),
(1111, 460, 1, 'lorem ipsem', 'lorem ipsem'),
(1112, 460, 3, 'lorem ipsem', 'lorem ipsem'),
(1113, 461, 1, 'lorem ipsem', 'lorem ipsem'),
(1114, 461, 3, 'lorem ipsem', 'lorem ipsem'),
(1115, 461, 2, 'lorem ipsem', 'lorem ipsem'),
(1116, 463, 1, 'lorem ipsem', 'lorem ipsem'),
(1117, 464, 1, 'lorem ipsem', 'lorem ipsem'),
(1118, 464, 1, 'lorem ipsem', 'lorem ipsem'),
(1119, 464, 3, 'lorem ipsem', 'lorem ipsem'),
(1120, 464, 2, 'lorem ipsem', 'lorem ipsem'),
(1121, 466, 3, 'lorem ipsem', 'lorem ipsem'),
(1122, 466, 2, 'lorem ipsem', 'lorem ipsem'),
(1123, 466, 1, 'lorem ipsem', 'lorem ipsem'),
(1124, 466, 2, 'lorem ipsem', 'lorem ipsem'),
(1125, 468, 1, 'lorem ipsem', 'lorem ipsem'),
(1126, 468, 2, 'lorem ipsem', 'lorem ipsem'),
(1127, 469, 2, 'lorem ipsem', 'lorem ipsem'),
(1128, 469, 1, 'lorem ipsem', 'lorem ipsem'),
(1129, 471, 2, 'lorem ipsem', 'lorem ipsem'),
(1130, 471, 3, 'lorem ipsem', 'lorem ipsem'),
(1131, 471, 3, 'lorem ipsem', 'lorem ipsem'),
(1132, 473, 3, 'lorem ipsem', 'lorem ipsem'),
(1133, 473, 2, 'lorem ipsem', 'lorem ipsem'),
(1134, 473, 3, 'lorem ipsem', 'lorem ipsem'),
(1135, 473, 2, 'lorem ipsem', 'lorem ipsem'),
(1136, 474, 1, 'lorem ipsem', 'lorem ipsem'),
(1137, 474, 3, 'lorem ipsem', 'lorem ipsem'),
(1138, 475, 2, 'lorem ipsem', 'lorem ipsem'),
(1139, 475, 1, 'lorem ipsem', 'lorem ipsem'),
(1140, 475, 3, 'lorem ipsem', 'lorem ipsem'),
(1141, 475, 3, 'lorem ipsem', 'lorem ipsem'),
(1142, 475, 1, 'lorem ipsem', 'lorem ipsem'),
(1143, 477, 2, 'lorem ipsem', 'lorem ipsem'),
(1144, 477, 2, 'lorem ipsem', 'lorem ipsem'),
(1145, 478, 2, 'lorem ipsem', 'lorem ipsem'),
(1146, 478, 2, 'lorem ipsem', 'lorem ipsem'),
(1147, 478, 2, 'lorem ipsem', 'lorem ipsem'),
(1148, 478, 2, 'lorem ipsem', 'lorem ipsem'),
(1149, 478, 2, 'lorem ipsem', 'lorem ipsem'),
(1150, 480, 2, 'lorem ipsem', 'lorem ipsem'),
(1151, 481, 2, 'lorem ipsem', 'lorem ipsem'),
(1152, 482, 1, 'lorem ipsem', 'lorem ipsem'),
(1153, 482, 3, 'lorem ipsem', 'lorem ipsem'),
(1154, 483, 3, 'lorem ipsem', 'lorem ipsem'),
(1155, 483, 3, 'lorem ipsem', 'lorem ipsem'),
(1156, 484, 1, 'lorem ipsem', 'lorem ipsem'),
(1157, 484, 2, 'lorem ipsem', 'lorem ipsem'),
(1158, 484, 1, 'lorem ipsem', 'lorem ipsem'),
(1159, 484, 2, 'lorem ipsem', 'lorem ipsem'),
(1160, 484, 1, 'lorem ipsem', 'lorem ipsem'),
(1161, 485, 2, 'lorem ipsem', 'lorem ipsem'),
(1162, 485, 2, 'lorem ipsem', 'lorem ipsem'),
(1163, 485, 3, 'lorem ipsem', 'lorem ipsem'),
(1164, 485, 2, 'lorem ipsem', 'lorem ipsem'),
(1165, 485, 2, 'lorem ipsem', 'lorem ipsem'),
(1166, 487, 1, 'lorem ipsem', 'lorem ipsem'),
(1167, 487, 1, 'lorem ipsem', 'lorem ipsem'),
(1168, 488, 3, 'lorem ipsem', 'lorem ipsem'),
(1169, 488, 3, 'lorem ipsem', 'lorem ipsem'),
(1170, 489, 3, 'lorem ipsem', 'lorem ipsem'),
(1171, 489, 3, 'lorem ipsem', 'lorem ipsem'),
(1172, 489, 2, 'lorem ipsem', 'lorem ipsem'),
(1173, 490, 1, 'lorem ipsem', 'lorem ipsem'),
(1174, 490, 1, 'lorem ipsem', 'lorem ipsem'),
(1175, 491, 3, 'lorem ipsem', 'lorem ipsem'),
(1176, 491, 3, 'lorem ipsem', 'lorem ipsem'),
(1177, 491, 1, 'lorem ipsem', 'lorem ipsem'),
(1178, 492, 1, 'lorem ipsem', 'lorem ipsem'),
(1179, 492, 2, 'lorem ipsem', 'lorem ipsem'),
(1180, 492, 1, 'lorem ipsem', 'lorem ipsem'),
(1181, 492, 3, 'lorem ipsem', 'lorem ipsem'),
(1182, 492, 3, 'lorem ipsem', 'lorem ipsem'),
(1183, 493, 1, 'lorem ipsem', 'lorem ipsem'),
(1184, 493, 3, 'lorem ipsem', 'lorem ipsem'),
(1185, 494, 2, 'lorem ipsem', 'lorem ipsem'),
(1186, 494, 1, 'lorem ipsem', 'lorem ipsem'),
(1187, 494, 2, 'lorem ipsem', 'lorem ipsem'),
(1188, 494, 2, 'lorem ipsem', 'lorem ipsem'),
(1189, 495, 1, 'lorem ipsem', 'lorem ipsem'),
(1190, 495, 1, 'lorem ipsem', 'lorem ipsem'),
(1191, 495, 2, 'lorem ipsem', 'lorem ipsem'),
(1192, 495, 3, 'lorem ipsem', 'lorem ipsem'),
(1193, 495, 3, 'lorem ipsem', 'lorem ipsem'),
(1194, 496, 2, 'lorem ipsem', 'lorem ipsem'),
(1195, 496, 2, 'lorem ipsem', 'lorem ipsem'),
(1196, 496, 2, 'lorem ipsem', 'lorem ipsem'),
(1197, 496, 1, 'lorem ipsem', 'lorem ipsem'),
(1198, 497, 2, 'lorem ipsem', 'lorem ipsem'),
(1199, 497, 2, 'lorem ipsem', 'lorem ipsem'),
(1200, 497, 3, 'lorem ipsem', 'lorem ipsem'),
(1201, 497, 2, 'lorem ipsem', 'lorem ipsem'),
(1202, 497, 2, 'lorem ipsem', 'lorem ipsem'),
(1203, 498, 2, 'lorem ipsem', 'lorem ipsem'),
(1204, 498, 2, 'lorem ipsem', 'lorem ipsem'),
(1205, 500, 2, 'lorem ipsem', 'lorem ipsem'),
(1206, 500, 2, 'lorem ipsem', 'lorem ipsem'),
(1207, 500, 3, 'lorem ipsem', 'lorem ipsem'),
(1208, 500, 2, 'lorem ipsem', 'lorem ipsem'),
(1209, 500, 1, 'lorem ipsem', 'lorem ipsem'),
(1210, 501, 3, 'lorem ipsem', 'lorem ipsem'),
(1211, 501, 3, 'lorem ipsem', 'lorem ipsem'),
(1212, 501, 2, 'lorem ipsem', 'lorem ipsem'),
(1213, 501, 3, 'lorem ipsem', 'lorem ipsem'),
(1214, 502, 1, 'lorem ipsem', 'lorem ipsem'),
(1215, 502, 1, 'lorem ipsem', 'lorem ipsem'),
(1216, 502, 3, 'lorem ipsem', 'lorem ipsem'),
(1217, 504, 2, 'lorem ipsem', 'lorem ipsem'),
(1218, 504, 1, 'lorem ipsem', 'lorem ipsem'),
(1219, 505, 3, 'lorem ipsem', 'lorem ipsem'),
(1220, 505, 1, 'lorem ipsem', 'lorem ipsem'),
(1221, 505, 1, 'lorem ipsem', 'lorem ipsem'),
(1222, 505, 3, 'lorem ipsem', 'lorem ipsem'),
(1223, 505, 2, 'lorem ipsem', 'lorem ipsem'),
(1224, 506, 2, 'lorem ipsem', 'lorem ipsem'),
(1225, 506, 3, 'lorem ipsem', 'lorem ipsem'),
(1226, 507, 1, 'lorem ipsem', 'lorem ipsem'),
(1227, 507, 1, 'lorem ipsem', 'lorem ipsem'),
(1228, 507, 1, 'lorem ipsem', 'lorem ipsem'),
(1229, 508, 3, 'lorem ipsem', 'lorem ipsem'),
(1230, 509, 2, 'lorem ipsem', 'lorem ipsem'),
(1231, 510, 2, 'lorem ipsem', 'lorem ipsem'),
(1232, 510, 3, 'lorem ipsem', 'lorem ipsem'),
(1233, 510, 1, 'lorem ipsem', 'lorem ipsem'),
(1234, 511, 1, 'lorem ipsem', 'lorem ipsem'),
(1235, 511, 1, 'lorem ipsem', 'lorem ipsem'),
(1236, 511, 3, 'lorem ipsem', 'lorem ipsem'),
(1237, 512, 3, 'lorem ipsem', 'lorem ipsem'),
(1238, 512, 2, 'lorem ipsem', 'lorem ipsem'),
(1239, 512, 3, 'lorem ipsem', 'lorem ipsem'),
(1240, 513, 1, 'lorem ipsem', 'lorem ipsem'),
(1241, 513, 1, 'lorem ipsem', 'lorem ipsem'),
(1242, 513, 3, 'lorem ipsem', 'lorem ipsem'),
(1243, 513, 1, 'lorem ipsem', 'lorem ipsem'),
(1244, 513, 2, 'lorem ipsem', 'lorem ipsem'),
(1245, 514, 2, 'lorem ipsem', 'lorem ipsem'),
(1246, 514, 1, 'lorem ipsem', 'lorem ipsem'),
(1247, 514, 3, 'lorem ipsem', 'lorem ipsem'),
(1248, 515, 3, 'lorem ipsem', 'lorem ipsem'),
(1249, 515, 1, 'lorem ipsem', 'lorem ipsem'),
(1250, 517, 3, 'lorem ipsem', 'lorem ipsem'),
(1251, 517, 2, 'lorem ipsem', 'lorem ipsem'),
(1252, 517, 3, 'lorem ipsem', 'lorem ipsem'),
(1253, 517, 2, 'lorem ipsem', 'lorem ipsem'),
(1254, 517, 3, 'lorem ipsem', 'lorem ipsem'),
(1255, 518, 1, 'lorem ipsem', 'lorem ipsem'),
(1256, 518, 2, 'lorem ipsem', 'lorem ipsem'),
(1257, 519, 2, 'lorem ipsem', 'lorem ipsem'),
(1258, 519, 2, 'lorem ipsem', 'lorem ipsem'),
(1259, 519, 3, 'lorem ipsem', 'lorem ipsem'),
(1260, 519, 2, 'lorem ipsem', 'lorem ipsem'),
(1261, 519, 2, 'lorem ipsem', 'lorem ipsem'),
(1262, 521, 1, 'lorem ipsem', 'lorem ipsem'),
(1263, 521, 3, 'lorem ipsem', 'lorem ipsem'),
(1264, 522, 1, 'lorem ipsem', 'lorem ipsem'),
(1265, 522, 1, 'lorem ipsem', 'lorem ipsem'),
(1266, 523, 2, 'lorem ipsem', 'lorem ipsem'),
(1267, 523, 3, 'lorem ipsem', 'lorem ipsem'),
(1268, 523, 3, 'lorem ipsem', 'lorem ipsem'),
(1269, 523, 3, 'lorem ipsem', 'lorem ipsem'),
(1270, 523, 3, 'lorem ipsem', 'lorem ipsem'),
(1271, 524, 2, 'lorem ipsem', 'lorem ipsem'),
(1272, 524, 3, 'lorem ipsem', 'lorem ipsem'),
(1273, 524, 1, 'lorem ipsem', 'lorem ipsem'),
(1274, 525, 3, 'lorem ipsem', 'lorem ipsem'),
(1275, 525, 3, 'lorem ipsem', 'lorem ipsem'),
(1276, 525, 2, 'lorem ipsem', 'lorem ipsem'),
(1277, 527, 2, 'lorem ipsem', 'lorem ipsem'),
(1278, 527, 1, 'lorem ipsem', 'lorem ipsem'),
(1279, 528, 1, 'lorem ipsem', 'lorem ipsem'),
(1280, 528, 2, 'lorem ipsem', 'lorem ipsem'),
(1281, 528, 3, 'lorem ipsem', 'lorem ipsem'),
(1282, 528, 1, 'lorem ipsem', 'lorem ipsem'),
(1283, 529, 1, 'lorem ipsem', 'lorem ipsem'),
(1284, 529, 2, 'lorem ipsem', 'lorem ipsem'),
(1285, 529, 2, 'lorem ipsem', 'lorem ipsem'),
(1286, 529, 1, 'lorem ipsem', 'lorem ipsem'),
(1287, 530, 3, 'lorem ipsem', 'lorem ipsem'),
(1288, 530, 1, 'lorem ipsem', 'lorem ipsem'),
(1289, 530, 2, 'lorem ipsem', 'lorem ipsem'),
(1290, 531, 1, 'lorem ipsem', 'lorem ipsem'),
(1291, 531, 3, 'lorem ipsem', 'lorem ipsem'),
(1292, 532, 3, 'lorem ipsem', 'lorem ipsem'),
(1293, 532, 2, 'lorem ipsem', 'lorem ipsem'),
(1294, 532, 3, 'lorem ipsem', 'lorem ipsem'),
(1295, 535, 3, 'lorem ipsem', 'lorem ipsem'),
(1296, 535, 2, 'lorem ipsem', 'lorem ipsem'),
(1297, 535, 3, 'lorem ipsem', 'lorem ipsem'),
(1298, 535, 2, 'lorem ipsem', 'lorem ipsem'),
(1299, 535, 1, 'lorem ipsem', 'lorem ipsem'),
(1300, 537, 3, 'lorem ipsem', 'lorem ipsem'),
(1301, 537, 3, 'lorem ipsem', 'lorem ipsem'),
(1302, 538, 2, 'lorem ipsem', 'lorem ipsem'),
(1303, 539, 3, 'lorem ipsem', 'lorem ipsem'),
(1304, 539, 3, 'lorem ipsem', 'lorem ipsem'),
(1305, 539, 2, 'lorem ipsem', 'lorem ipsem'),
(1306, 541, 1, 'lorem ipsem', 'lorem ipsem'),
(1307, 541, 1, 'lorem ipsem', 'lorem ipsem'),
(1308, 541, 1, 'lorem ipsem', 'lorem ipsem'),
(1309, 541, 2, 'lorem ipsem', 'lorem ipsem'),
(1310, 541, 2, 'lorem ipsem', 'lorem ipsem'),
(1311, 544, 3, 'lorem ipsem', 'lorem ipsem'),
(1312, 544, 1, 'lorem ipsem', 'lorem ipsem'),
(1313, 545, 3, 'lorem ipsem', 'lorem ipsem'),
(1314, 545, 3, 'lorem ipsem', 'lorem ipsem'),
(1315, 545, 2, 'lorem ipsem', 'lorem ipsem'),
(1316, 546, 2, 'lorem ipsem', 'lorem ipsem'),
(1317, 546, 3, 'lorem ipsem', 'lorem ipsem'),
(1318, 546, 2, 'lorem ipsem', 'lorem ipsem'),
(1319, 546, 3, 'lorem ipsem', 'lorem ipsem'),
(1320, 546, 1, 'lorem ipsem', 'lorem ipsem'),
(1321, 547, 1, 'lorem ipsem', 'lorem ipsem'),
(1322, 547, 3, 'lorem ipsem', 'lorem ipsem'),
(1323, 548, 2, 'lorem ipsem', 'lorem ipsem'),
(1324, 549, 2, 'lorem ipsem', 'lorem ipsem'),
(1325, 549, 3, 'lorem ipsem', 'lorem ipsem'),
(1326, 549, 3, 'lorem ipsem', 'lorem ipsem'),
(1327, 549, 1, 'lorem ipsem', 'lorem ipsem'),
(1328, 550, 3, 'lorem ipsem', 'lorem ipsem'),
(1329, 550, 1, 'lorem ipsem', 'lorem ipsem'),
(1330, 550, 1, 'lorem ipsem', 'lorem ipsem'),
(1331, 550, 2, 'lorem ipsem', 'lorem ipsem'),
(1332, 551, 1, 'lorem ipsem', 'lorem ipsem'),
(1333, 551, 1, 'lorem ipsem', 'lorem ipsem'),
(1334, 551, 1, 'lorem ipsem', 'lorem ipsem'),
(1335, 552, 2, 'lorem ipsem', 'lorem ipsem'),
(1336, 552, 3, 'lorem ipsem', 'lorem ipsem'),
(1337, 552, 3, 'lorem ipsem', 'lorem ipsem'),
(1338, 553, 3, 'lorem ipsem', 'lorem ipsem'),
(1339, 553, 2, 'lorem ipsem', 'lorem ipsem'),
(1340, 553, 3, 'lorem ipsem', 'lorem ipsem'),
(1341, 553, 2, 'lorem ipsem', 'lorem ipsem'),
(1342, 553, 2, 'lorem ipsem', 'lorem ipsem'),
(1343, 554, 1, 'lorem ipsem', 'lorem ipsem'),
(1344, 554, 2, 'lorem ipsem', 'lorem ipsem'),
(1345, 554, 2, 'lorem ipsem', 'lorem ipsem'),
(1346, 554, 2, 'lorem ipsem', 'lorem ipsem'),
(1347, 554, 3, 'lorem ipsem', 'lorem ipsem'),
(1348, 555, 2, 'lorem ipsem', 'lorem ipsem'),
(1349, 555, 1, 'lorem ipsem', 'lorem ipsem'),
(1350, 556, 1, 'lorem ipsem', 'lorem ipsem'),
(1351, 556, 2, 'lorem ipsem', 'lorem ipsem'),
(1352, 556, 3, 'lorem ipsem', 'lorem ipsem'),
(1353, 556, 2, 'lorem ipsem', 'lorem ipsem'),
(1354, 556, 3, 'lorem ipsem', 'lorem ipsem'),
(1355, 557, 3, 'lorem ipsem', 'lorem ipsem'),
(1356, 557, 2, 'lorem ipsem', 'lorem ipsem'),
(1357, 558, 3, 'lorem ipsem', 'lorem ipsem'),
(1358, 558, 1, 'lorem ipsem', 'lorem ipsem'),
(1359, 558, 3, 'lorem ipsem', 'lorem ipsem'),
(1360, 558, 1, 'lorem ipsem', 'lorem ipsem'),
(1361, 562, 3, 'lorem ipsem', 'lorem ipsem'),
(1362, 562, 3, 'lorem ipsem', 'lorem ipsem'),
(1363, 563, 2, 'lorem ipsem', 'lorem ipsem'),
(1364, 563, 2, 'lorem ipsem', 'lorem ipsem'),
(1365, 563, 2, 'lorem ipsem', 'lorem ipsem'),
(1366, 563, 2, 'lorem ipsem', 'lorem ipsem'),
(1367, 563, 3, 'lorem ipsem', 'lorem ipsem'),
(1368, 564, 2, 'lorem ipsem', 'lorem ipsem'),
(1369, 566, 1, 'lorem ipsem', 'lorem ipsem'),
(1370, 566, 2, 'lorem ipsem', 'lorem ipsem'),
(1371, 566, 1, 'lorem ipsem', 'lorem ipsem'),
(1372, 566, 2, 'lorem ipsem', 'lorem ipsem'),
(1373, 567, 2, 'lorem ipsem', 'lorem ipsem'),
(1374, 568, 3, 'lorem ipsem', 'lorem ipsem'),
(1375, 569, 1, 'lorem ipsem', 'lorem ipsem'),
(1376, 569, 2, 'lorem ipsem', 'lorem ipsem'),
(1377, 569, 3, 'lorem ipsem', 'lorem ipsem'),
(1378, 569, 2, 'lorem ipsem', 'lorem ipsem'),
(1379, 570, 2, 'lorem ipsem', 'lorem ipsem'),
(1380, 570, 1, 'lorem ipsem', 'lorem ipsem'),
(1381, 570, 1, 'lorem ipsem', 'lorem ipsem'),
(1382, 571, 3, 'lorem ipsem', 'lorem ipsem'),
(1383, 571, 2, 'lorem ipsem', 'lorem ipsem'),
(1384, 571, 2, 'lorem ipsem', 'lorem ipsem'),
(1385, 572, 2, 'lorem ipsem', 'lorem ipsem'),
(1386, 572, 3, 'lorem ipsem', 'lorem ipsem'),
(1387, 573, 2, 'lorem ipsem', 'lorem ipsem'),
(1388, 573, 1, 'lorem ipsem', 'lorem ipsem'),
(1389, 573, 3, 'lorem ipsem', 'lorem ipsem'),
(1390, 573, 1, 'lorem ipsem', 'lorem ipsem'),
(1391, 573, 2, 'lorem ipsem', 'lorem ipsem'),
(1392, 575, 3, 'lorem ipsem', 'lorem ipsem'),
(1393, 575, 1, 'lorem ipsem', 'lorem ipsem'),
(1394, 575, 1, 'lorem ipsem', 'lorem ipsem'),
(1395, 576, 1, 'lorem ipsem', 'lorem ipsem'),
(1396, 576, 2, 'lorem ipsem', 'lorem ipsem'),
(1397, 576, 2, 'lorem ipsem', 'lorem ipsem'),
(1398, 577, 1, 'lorem ipsem', 'lorem ipsem'),
(1399, 577, 1, 'lorem ipsem', 'lorem ipsem'),
(1400, 577, 3, 'lorem ipsem', 'lorem ipsem'),
(1401, 578, 2, 'lorem ipsem', 'lorem ipsem'),
(1402, 578, 2, 'lorem ipsem', 'lorem ipsem'),
(1403, 578, 2, 'lorem ipsem', 'lorem ipsem'),
(1404, 578, 2, 'lorem ipsem', 'lorem ipsem'),
(1405, 579, 1, 'lorem ipsem', 'lorem ipsem'),
(1406, 579, 1, 'lorem ipsem', 'lorem ipsem'),
(1407, 579, 3, 'lorem ipsem', 'lorem ipsem'),
(1408, 579, 2, 'lorem ipsem', 'lorem ipsem'),
(1409, 579, 1, 'lorem ipsem', 'lorem ipsem'),
(1410, 580, 1, 'lorem ipsem', 'lorem ipsem'),
(1411, 580, 2, 'lorem ipsem', 'lorem ipsem'),
(1412, 580, 1, 'lorem ipsem', 'lorem ipsem'),
(1413, 582, 1, 'lorem ipsem', 'lorem ipsem'),
(1414, 583, 1, 'lorem ipsem', 'lorem ipsem'),
(1415, 585, 1, 'lorem ipsem', 'lorem ipsem'),
(1416, 586, 2, 'lorem ipsem', 'lorem ipsem'),
(1417, 586, 2, 'lorem ipsem', 'lorem ipsem'),
(1418, 586, 2, 'lorem ipsem', 'lorem ipsem'),
(1419, 586, 1, 'lorem ipsem', 'lorem ipsem'),
(1420, 587, 3, 'lorem ipsem', 'lorem ipsem'),
(1421, 587, 2, 'lorem ipsem', 'lorem ipsem'),
(1422, 587, 1, 'lorem ipsem', 'lorem ipsem'),
(1423, 587, 3, 'lorem ipsem', 'lorem ipsem'),
(1424, 588, 3, 'lorem ipsem', 'lorem ipsem'),
(1425, 588, 3, 'lorem ipsem', 'lorem ipsem'),
(1426, 588, 1, 'lorem ipsem', 'lorem ipsem'),
(1427, 588, 3, 'lorem ipsem', 'lorem ipsem'),
(1428, 590, 2, 'lorem ipsem', 'lorem ipsem'),
(1429, 590, 3, 'lorem ipsem', 'lorem ipsem'),
(1430, 590, 1, 'lorem ipsem', 'lorem ipsem'),
(1431, 590, 3, 'lorem ipsem', 'lorem ipsem'),
(1432, 590, 2, 'lorem ipsem', 'lorem ipsem'),
(1433, 591, 2, 'lorem ipsem', 'lorem ipsem'),
(1434, 591, 3, 'lorem ipsem', 'lorem ipsem'),
(1435, 591, 2, 'lorem ipsem', 'lorem ipsem'),
(1436, 591, 3, 'lorem ipsem', 'lorem ipsem'),
(1437, 592, 1, 'lorem ipsem', 'lorem ipsem'),
(1438, 592, 2, 'lorem ipsem', 'lorem ipsem'),
(1439, 593, 3, 'lorem ipsem', 'lorem ipsem'),
(1440, 593, 3, 'lorem ipsem', 'lorem ipsem'),
(1441, 593, 1, 'lorem ipsem', 'lorem ipsem'),
(1442, 594, 1, 'lorem ipsem', 'lorem ipsem'),
(1443, 594, 1, 'lorem ipsem', 'lorem ipsem'),
(1444, 595, 1, 'lorem ipsem', 'lorem ipsem'),
(1445, 595, 1, 'lorem ipsem', 'lorem ipsem'),
(1446, 595, 2, 'lorem ipsem', 'lorem ipsem'),
(1447, 595, 3, 'lorem ipsem', 'lorem ipsem'),
(1448, 595, 3, 'lorem ipsem', 'lorem ipsem'),
(1449, 596, 2, 'lorem ipsem', 'lorem ipsem'),
(1450, 596, 3, 'lorem ipsem', 'lorem ipsem'),
(1451, 596, 3, 'lorem ipsem', 'lorem ipsem'),
(1452, 597, 2, 'lorem ipsem', 'lorem ipsem'),
(1453, 597, 3, 'lorem ipsem', 'lorem ipsem'),
(1454, 597, 2, 'lorem ipsem', 'lorem ipsem'),
(1455, 597, 3, 'lorem ipsem', 'lorem ipsem'),
(1456, 598, 2, 'lorem ipsem', 'lorem ipsem'),
(1457, 598, 3, 'lorem ipsem', 'lorem ipsem'),
(1458, 599, 1, 'lorem ipsem', 'lorem ipsem'),
(1459, 600, 2, 'lorem ipsem', 'lorem ipsem'),
(1460, 600, 3, 'lorem ipsem', 'lorem ipsem'),
(1461, 600, 2, 'lorem ipsem', 'lorem ipsem'),
(1462, 602, 1, 'lorem ipsem', 'lorem ipsem'),
(1463, 603, 2, 'lorem ipsem', 'lorem ipsem'),
(1464, 603, 3, 'lorem ipsem', 'lorem ipsem'),
(1465, 603, 1, 'lorem ipsem', 'lorem ipsem'),
(1466, 603, 1, 'lorem ipsem', 'lorem ipsem'),
(1467, 604, 2, 'lorem ipsem', 'lorem ipsem'),
(1468, 604, 1, 'lorem ipsem', 'lorem ipsem'),
(1469, 604, 3, 'lorem ipsem', 'lorem ipsem'),
(1470, 604, 2, 'lorem ipsem', 'lorem ipsem'),
(1471, 604, 3, 'lorem ipsem', 'lorem ipsem'),
(1472, 605, 3, 'lorem ipsem', 'lorem ipsem'),
(1473, 606, 3, 'lorem ipsem', 'lorem ipsem'),
(1474, 606, 2, 'lorem ipsem', 'lorem ipsem'),
(1475, 606, 2, 'lorem ipsem', 'lorem ipsem'),
(1476, 607, 2, 'lorem ipsem', 'lorem ipsem'),
(1477, 607, 3, 'lorem ipsem', 'lorem ipsem'),
(1478, 607, 2, 'lorem ipsem', 'lorem ipsem'),
(1479, 607, 3, 'lorem ipsem', 'lorem ipsem'),
(1480, 608, 3, 'lorem ipsem', 'lorem ipsem'),
(1481, 608, 2, 'lorem ipsem', 'lorem ipsem'),
(1482, 608, 1, 'lorem ipsem', 'lorem ipsem'),
(1483, 610, 1, 'lorem ipsem', 'lorem ipsem'),
(1484, 610, 3, 'lorem ipsem', 'lorem ipsem'),
(1485, 610, 2, 'lorem ipsem', 'lorem ipsem'),
(1486, 610, 1, 'lorem ipsem', 'lorem ipsem'),
(1487, 610, 2, 'lorem ipsem', 'lorem ipsem'),
(1488, 611, 2, 'lorem ipsem', 'lorem ipsem'),
(1489, 612, 2, 'lorem ipsem', 'lorem ipsem'),
(1490, 612, 1, 'lorem ipsem', 'lorem ipsem'),
(1491, 613, 3, 'lorem ipsem', 'lorem ipsem'),
(1492, 613, 3, 'lorem ipsem', 'lorem ipsem'),
(1493, 613, 1, 'lorem ipsem', 'lorem ipsem'),
(1494, 613, 3, 'lorem ipsem', 'lorem ipsem'),
(1495, 614, 3, 'lorem ipsem', 'lorem ipsem'),
(1496, 614, 1, 'lorem ipsem', 'lorem ipsem'),
(1497, 614, 2, 'lorem ipsem', 'lorem ipsem'),
(1498, 614, 3, 'lorem ipsem', 'lorem ipsem'),
(1499, 614, 3, 'lorem ipsem', 'lorem ipsem'),
(1500, 616, 3, 'lorem ipsem', 'lorem ipsem'),
(1501, 616, 1, 'lorem ipsem', 'lorem ipsem'),
(1502, 616, 3, 'lorem ipsem', 'lorem ipsem'),
(1503, 616, 2, 'lorem ipsem', 'lorem ipsem'),
(1504, 616, 2, 'lorem ipsem', 'lorem ipsem'),
(1505, 618, 2, 'lorem ipsem', 'lorem ipsem'),
(1506, 618, 2, 'lorem ipsem', 'lorem ipsem'),
(1507, 618, 3, 'lorem ipsem', 'lorem ipsem'),
(1508, 618, 3, 'lorem ipsem', 'lorem ipsem'),
(1509, 618, 3, 'lorem ipsem', 'lorem ipsem'),
(1510, 619, 2, 'lorem ipsem', 'lorem ipsem'),
(1511, 619, 3, 'lorem ipsem', 'lorem ipsem'),
(1512, 619, 2, 'lorem ipsem', 'lorem ipsem'),
(1513, 619, 1, 'lorem ipsem', 'lorem ipsem'),
(1514, 620, 3, 'lorem ipsem', 'lorem ipsem'),
(1515, 620, 3, 'lorem ipsem', 'lorem ipsem'),
(1516, 620, 3, 'lorem ipsem', 'lorem ipsem'),
(1517, 621, 1, 'lorem ipsem', 'lorem ipsem'),
(1518, 621, 1, 'lorem ipsem', 'lorem ipsem'),
(1519, 622, 2, 'lorem ipsem', 'lorem ipsem'),
(1520, 622, 1, 'lorem ipsem', 'lorem ipsem'),
(1521, 622, 3, 'lorem ipsem', 'lorem ipsem'),
(1522, 623, 1, 'lorem ipsem', 'lorem ipsem'),
(1523, 623, 2, 'lorem ipsem', 'lorem ipsem'),
(1524, 623, 1, 'lorem ipsem', 'lorem ipsem'),
(1525, 623, 2, 'lorem ipsem', 'lorem ipsem'),
(1526, 623, 1, 'lorem ipsem', 'lorem ipsem'),
(1527, 624, 2, 'lorem ipsem', 'lorem ipsem'),
(1528, 624, 3, 'lorem ipsem', 'lorem ipsem'),
(1529, 624, 2, 'lorem ipsem', 'lorem ipsem'),
(1530, 624, 3, 'lorem ipsem', 'lorem ipsem'),
(1531, 624, 3, 'lorem ipsem', 'lorem ipsem'),
(1532, 626, 3, 'lorem ipsem', 'lorem ipsem'),
(1533, 626, 1, 'lorem ipsem', 'lorem ipsem'),
(1534, 626, 1, 'lorem ipsem', 'lorem ipsem'),
(1535, 626, 3, 'lorem ipsem', 'lorem ipsem'),
(1536, 626, 2, 'lorem ipsem', 'lorem ipsem'),
(1537, 627, 3, 'lorem ipsem', 'lorem ipsem'),
(1538, 627, 2, 'lorem ipsem', 'lorem ipsem'),
(1539, 627, 2, 'lorem ipsem', 'lorem ipsem'),
(1540, 629, 3, 'lorem ipsem', 'lorem ipsem'),
(1541, 630, 1, 'lorem ipsem', 'lorem ipsem'),
(1542, 630, 1, 'lorem ipsem', 'lorem ipsem'),
(1543, 630, 1, 'lorem ipsem', 'lorem ipsem'),
(1544, 630, 1, 'lorem ipsem', 'lorem ipsem'),
(1545, 631, 2, 'lorem ipsem', 'lorem ipsem'),
(1546, 631, 1, 'lorem ipsem', 'lorem ipsem'),
(1547, 633, 3, 'lorem ipsem', 'lorem ipsem'),
(1548, 633, 2, 'lorem ipsem', 'lorem ipsem'),
(1549, 633, 3, 'lorem ipsem', 'lorem ipsem'),
(1550, 633, 2, 'lorem ipsem', 'lorem ipsem'),
(1551, 634, 1, 'lorem ipsem', 'lorem ipsem'),
(1552, 635, 3, 'lorem ipsem', 'lorem ipsem'),
(1553, 635, 3, 'lorem ipsem', 'lorem ipsem'),
(1554, 635, 1, 'lorem ipsem', 'lorem ipsem'),
(1555, 635, 1, 'lorem ipsem', 'lorem ipsem'),
(1556, 635, 1, 'lorem ipsem', 'lorem ipsem'),
(1557, 637, 3, 'lorem ipsem', 'lorem ipsem'),
(1558, 638, 3, 'lorem ipsem', 'lorem ipsem'),
(1559, 639, 2, 'lorem ipsem', 'lorem ipsem'),
(1560, 639, 3, 'lorem ipsem', 'lorem ipsem'),
(1561, 641, 1, 'lorem ipsem', 'lorem ipsem'),
(1562, 641, 3, 'lorem ipsem', 'lorem ipsem'),
(1563, 641, 3, 'lorem ipsem', 'lorem ipsem'),
(1564, 641, 1, 'lorem ipsem', 'lorem ipsem'),
(1565, 642, 3, 'lorem ipsem', 'lorem ipsem'),
(1566, 642, 2, 'lorem ipsem', 'lorem ipsem'),
(1567, 642, 3, 'lorem ipsem', 'lorem ipsem'),
(1568, 642, 2, 'lorem ipsem', 'lorem ipsem'),
(1569, 643, 2, 'lorem ipsem', 'lorem ipsem'),
(1570, 644, 2, 'lorem ipsem', 'lorem ipsem'),
(1571, 644, 3, 'lorem ipsem', 'lorem ipsem'),
(1572, 644, 1, 'lorem ipsem', 'lorem ipsem'),
(1573, 644, 1, 'lorem ipsem', 'lorem ipsem'),
(1574, 646, 1, 'lorem ipsem', 'lorem ipsem'),
(1575, 646, 2, 'lorem ipsem', 'lorem ipsem'),
(1576, 646, 3, 'lorem ipsem', 'lorem ipsem'),
(1577, 647, 2, 'lorem ipsem', 'lorem ipsem'),
(1578, 647, 2, 'lorem ipsem', 'lorem ipsem'),
(1579, 647, 1, 'lorem ipsem', 'lorem ipsem'),
(1580, 647, 3, 'lorem ipsem', 'lorem ipsem'),
(1581, 648, 1, 'lorem ipsem', 'lorem ipsem'),
(1582, 648, 3, 'lorem ipsem', 'lorem ipsem'),
(1583, 648, 1, 'lorem ipsem', 'lorem ipsem'),
(1584, 648, 2, 'lorem ipsem', 'lorem ipsem'),
(1585, 649, 3, 'lorem ipsem', 'lorem ipsem'),
(1586, 649, 1, 'lorem ipsem', 'lorem ipsem'),
(1587, 649, 1, 'lorem ipsem', 'lorem ipsem'),
(1588, 651, 1, 'lorem ipsem', 'lorem ipsem'),
(1589, 651, 2, 'lorem ipsem', 'lorem ipsem'),
(1590, 652, 3, 'lorem ipsem', 'lorem ipsem'),
(1591, 652, 1, 'lorem ipsem', 'lorem ipsem'),
(1592, 653, 1, 'lorem ipsem', 'lorem ipsem'),
(1593, 654, 1, 'lorem ipsem', 'lorem ipsem'),
(1594, 654, 3, 'lorem ipsem', 'lorem ipsem'),
(1595, 654, 2, 'lorem ipsem', 'lorem ipsem'),
(1596, 655, 1, 'lorem ipsem', 'lorem ipsem'),
(1597, 655, 3, 'lorem ipsem', 'lorem ipsem'),
(1598, 656, 3, 'lorem ipsem', 'lorem ipsem'),
(1599, 656, 1, 'lorem ipsem', 'lorem ipsem'),
(1600, 656, 2, 'lorem ipsem', 'lorem ipsem'),
(1601, 656, 3, 'lorem ipsem', 'lorem ipsem'),
(1602, 657, 1, 'lorem ipsem', 'lorem ipsem'),
(1603, 657, 2, 'lorem ipsem', 'lorem ipsem'),
(1604, 657, 3, 'lorem ipsem', 'lorem ipsem'),
(1605, 657, 3, 'lorem ipsem', 'lorem ipsem'),
(1606, 657, 3, 'lorem ipsem', 'lorem ipsem'),
(1607, 658, 3, 'lorem ipsem', 'lorem ipsem'),
(1608, 658, 3, 'lorem ipsem', 'lorem ipsem'),
(1609, 658, 2, 'lorem ipsem', 'lorem ipsem'),
(1610, 658, 3, 'lorem ipsem', 'lorem ipsem'),
(1611, 658, 1, 'lorem ipsem', 'lorem ipsem'),
(1612, 659, 3, 'lorem ipsem', 'lorem ipsem'),
(1613, 659, 1, 'lorem ipsem', 'lorem ipsem'),
(1614, 659, 3, 'lorem ipsem', 'lorem ipsem'),
(1615, 659, 2, 'lorem ipsem', 'lorem ipsem'),
(1616, 660, 2, 'lorem ipsem', 'lorem ipsem'),
(1617, 660, 2, 'lorem ipsem', 'lorem ipsem'),
(1618, 660, 3, 'lorem ipsem', 'lorem ipsem'),
(1619, 661, 1, 'lorem ipsem', 'lorem ipsem'),
(1620, 662, 2, 'lorem ipsem', 'lorem ipsem'),
(1621, 662, 2, 'lorem ipsem', 'lorem ipsem'),
(1622, 662, 2, 'lorem ipsem', 'lorem ipsem'),
(1623, 662, 2, 'lorem ipsem', 'lorem ipsem'),
(1624, 662, 1, 'lorem ipsem', 'lorem ipsem'),
(1625, 663, 2, 'lorem ipsem', 'lorem ipsem'),
(1626, 663, 1, 'lorem ipsem', 'lorem ipsem'),
(1627, 663, 3, 'lorem ipsem', 'lorem ipsem'),
(1628, 663, 1, 'lorem ipsem', 'lorem ipsem'),
(1629, 663, 3, 'lorem ipsem', 'lorem ipsem'),
(1630, 664, 3, 'lorem ipsem', 'lorem ipsem'),
(1631, 664, 2, 'lorem ipsem', 'lorem ipsem'),
(1632, 664, 2, 'lorem ipsem', 'lorem ipsem'),
(1633, 664, 3, 'lorem ipsem', 'lorem ipsem'),
(1634, 665, 2, 'lorem ipsem', 'lorem ipsem'),
(1635, 665, 1, 'lorem ipsem', 'lorem ipsem'),
(1636, 665, 1, 'lorem ipsem', 'lorem ipsem'),
(1637, 665, 1, 'lorem ipsem', 'lorem ipsem'),
(1638, 665, 1, 'lorem ipsem', 'lorem ipsem'),
(1639, 666, 2, 'lorem ipsem', 'lorem ipsem'),
(1640, 666, 3, 'lorem ipsem', 'lorem ipsem'),
(1641, 666, 2, 'lorem ipsem', 'lorem ipsem'),
(1642, 666, 2, 'lorem ipsem', 'lorem ipsem'),
(1643, 667, 1, 'lorem ipsem', 'lorem ipsem'),
(1644, 667, 2, 'lorem ipsem', 'lorem ipsem'),
(1645, 667, 1, 'lorem ipsem', 'lorem ipsem'),
(1646, 667, 3, 'lorem ipsem', 'lorem ipsem'),
(1647, 668, 2, 'lorem ipsem', 'lorem ipsem'),
(1648, 668, 1, 'lorem ipsem', 'lorem ipsem'),
(1649, 668, 2, 'lorem ipsem', 'lorem ipsem'),
(1650, 669, 1, 'lorem ipsem', 'lorem ipsem'),
(1651, 669, 3, 'lorem ipsem', 'lorem ipsem'),
(1652, 672, 3, 'lorem ipsem', 'lorem ipsem'),
(1653, 673, 3, 'lorem ipsem', 'lorem ipsem'),
(1654, 673, 3, 'lorem ipsem', 'lorem ipsem'),
(1655, 673, 2, 'lorem ipsem', 'lorem ipsem'),
(1656, 673, 1, 'lorem ipsem', 'lorem ipsem'),
(1657, 674, 3, 'lorem ipsem', 'lorem ipsem'),
(1658, 675, 1, 'lorem ipsem', 'lorem ipsem'),
(1659, 675, 1, 'lorem ipsem', 'lorem ipsem'),
(1660, 675, 3, 'lorem ipsem', 'lorem ipsem'),
(1661, 675, 1, 'lorem ipsem', 'lorem ipsem'),
(1662, 675, 2, 'lorem ipsem', 'lorem ipsem'),
(1663, 676, 3, 'lorem ipsem', 'lorem ipsem'),
(1664, 676, 2, 'lorem ipsem', 'lorem ipsem'),
(1665, 677, 3, 'lorem ipsem', 'lorem ipsem'),
(1666, 677, 2, 'lorem ipsem', 'lorem ipsem'),
(1667, 677, 1, 'lorem ipsem', 'lorem ipsem'),
(1668, 677, 1, 'lorem ipsem', 'lorem ipsem'),
(1669, 677, 1, 'lorem ipsem', 'lorem ipsem'),
(1670, 678, 3, 'lorem ipsem', 'lorem ipsem'),
(1671, 678, 2, 'lorem ipsem', 'lorem ipsem'),
(1672, 678, 3, 'lorem ipsem', 'lorem ipsem'),
(1673, 678, 1, 'lorem ipsem', 'lorem ipsem'),
(1674, 678, 1, 'lorem ipsem', 'lorem ipsem'),
(1675, 679, 1, 'lorem ipsem', 'lorem ipsem'),
(1676, 681, 3, 'lorem ipsem', 'lorem ipsem'),
(1677, 681, 1, 'lorem ipsem', 'lorem ipsem'),
(1678, 682, 1, 'lorem ipsem', 'lorem ipsem'),
(1679, 682, 3, 'lorem ipsem', 'lorem ipsem'),
(1680, 682, 1, 'lorem ipsem', 'lorem ipsem'),
(1681, 682, 2, 'lorem ipsem', 'lorem ipsem'),
(1682, 683, 2, 'lorem ipsem', 'lorem ipsem'),
(1683, 684, 1, 'lorem ipsem', 'lorem ipsem'),
(1684, 684, 2, 'lorem ipsem', 'lorem ipsem'),
(1685, 684, 2, 'lorem ipsem', 'lorem ipsem'),
(1686, 684, 2, 'lorem ipsem', 'lorem ipsem'),
(1687, 684, 2, 'lorem ipsem', 'lorem ipsem'),
(1688, 685, 1, 'lorem ipsem', 'lorem ipsem'),
(1689, 685, 2, 'lorem ipsem', 'lorem ipsem'),
(1690, 688, 1, 'lorem ipsem', 'lorem ipsem'),
(1691, 688, 2, 'lorem ipsem', 'lorem ipsem'),
(1692, 688, 2, 'lorem ipsem', 'lorem ipsem'),
(1693, 688, 1, 'lorem ipsem', 'lorem ipsem'),
(1694, 688, 1, 'lorem ipsem', 'lorem ipsem'),
(1695, 689, 1, 'lorem ipsem', 'lorem ipsem'),
(1696, 689, 3, 'lorem ipsem', 'lorem ipsem'),
(1697, 689, 2, 'lorem ipsem', 'lorem ipsem'),
(1698, 689, 1, 'lorem ipsem', 'lorem ipsem'),
(1699, 690, 2, 'lorem ipsem', 'lorem ipsem'),
(1700, 690, 3, 'lorem ipsem', 'lorem ipsem'),
(1701, 690, 2, 'lorem ipsem', 'lorem ipsem'),
(1702, 690, 3, 'lorem ipsem', 'lorem ipsem'),
(1703, 690, 3, 'lorem ipsem', 'lorem ipsem'),
(1704, 692, 1, 'lorem ipsem', 'lorem ipsem'),
(1705, 692, 3, 'lorem ipsem', 'lorem ipsem'),
(1706, 692, 1, 'lorem ipsem', 'lorem ipsem'),
(1707, 693, 2, 'lorem ipsem', 'lorem ipsem'),
(1708, 693, 1, 'lorem ipsem', 'lorem ipsem'),
(1709, 693, 3, 'lorem ipsem', 'lorem ipsem'),
(1710, 693, 1, 'lorem ipsem', 'lorem ipsem'),
(1711, 693, 2, 'lorem ipsem', 'lorem ipsem'),
(1712, 694, 2, 'lorem ipsem', 'lorem ipsem'),
(1713, 694, 1, 'lorem ipsem', 'lorem ipsem'),
(1714, 695, 1, 'lorem ipsem', 'lorem ipsem'),
(1715, 695, 1, 'lorem ipsem', 'lorem ipsem'),
(1716, 695, 1, 'lorem ipsem', 'lorem ipsem'),
(1717, 697, 2, 'lorem ipsem', 'lorem ipsem'),
(1718, 697, 3, 'lorem ipsem', 'lorem ipsem'),
(1719, 697, 3, 'lorem ipsem', 'lorem ipsem'),
(1720, 697, 1, 'lorem ipsem', 'lorem ipsem'),
(1721, 697, 3, 'lorem ipsem', 'lorem ipsem'),
(1722, 698, 3, 'lorem ipsem', 'lorem ipsem'),
(1723, 698, 3, 'lorem ipsem', 'lorem ipsem'),
(1724, 698, 3, 'lorem ipsem', 'lorem ipsem'),
(1725, 698, 3, 'lorem ipsem', 'lorem ipsem'),
(1726, 698, 2, 'lorem ipsem', 'lorem ipsem'),
(1727, 699, 2, 'lorem ipsem', 'lorem ipsem'),
(1728, 699, 1, 'lorem ipsem', 'lorem ipsem'),
(1729, 700, 1, 'lorem ipsem', 'lorem ipsem'),
(1730, 701, 1, 'lorem ipsem', 'lorem ipsem'),
(1731, 701, 2, 'lorem ipsem', 'lorem ipsem'),
(1732, 701, 1, 'lorem ipsem', 'lorem ipsem'),
(1733, 702, 3, 'lorem ipsem', 'lorem ipsem'),
(1734, 702, 1, 'lorem ipsem', 'lorem ipsem'),
(1735, 703, 2, 'lorem ipsem', 'lorem ipsem'),
(1736, 703, 1, 'lorem ipsem', 'lorem ipsem'),
(1737, 703, 2, 'lorem ipsem', 'lorem ipsem'),
(1738, 703, 3, 'lorem ipsem', 'lorem ipsem'),
(1739, 704, 3, 'lorem ipsem', 'lorem ipsem'),
(1740, 705, 1, 'lorem ipsem', 'lorem ipsem'),
(1741, 705, 3, 'lorem ipsem', 'lorem ipsem'),
(1742, 705, 3, 'lorem ipsem', 'lorem ipsem'),
(1743, 706, 1, 'lorem ipsem', 'lorem ipsem'),
(1744, 706, 1, 'lorem ipsem', 'lorem ipsem'),
(1745, 706, 2, 'lorem ipsem', 'lorem ipsem'),
(1746, 706, 3, 'lorem ipsem', 'lorem ipsem'),
(1747, 706, 1, 'lorem ipsem', 'lorem ipsem'),
(1748, 707, 2, 'lorem ipsem', 'lorem ipsem'),
(1749, 707, 2, 'lorem ipsem', 'lorem ipsem'),
(1750, 707, 3, 'lorem ipsem', 'lorem ipsem'),
(1751, 707, 2, 'lorem ipsem', 'lorem ipsem'),
(1752, 708, 3, 'lorem ipsem', 'lorem ipsem'),
(1753, 708, 2, 'lorem ipsem', 'lorem ipsem'),
(1754, 708, 1, 'lorem ipsem', 'lorem ipsem'),
(1755, 708, 1, 'lorem ipsem', 'lorem ipsem'),
(1756, 709, 1, 'lorem ipsem', 'lorem ipsem'),
(1757, 710, 3, 'lorem ipsem', 'lorem ipsem'),
(1758, 710, 2, 'lorem ipsem', 'lorem ipsem'),
(1759, 711, 3, 'lorem ipsem', 'lorem ipsem'),
(1760, 712, 3, 'lorem ipsem', 'lorem ipsem'),
(1761, 712, 2, 'lorem ipsem', 'lorem ipsem'),
(1762, 715, 1, 'lorem ipsem', 'lorem ipsem'),
(1763, 715, 1, 'lorem ipsem', 'lorem ipsem'),
(1764, 717, 1, 'lorem ipsem', 'lorem ipsem'),
(1765, 717, 1, 'lorem ipsem', 'lorem ipsem'),
(1766, 717, 2, 'lorem ipsem', 'lorem ipsem'),
(1767, 718, 3, 'lorem ipsem', 'lorem ipsem'),
(1768, 719, 3, 'lorem ipsem', 'lorem ipsem'),
(1769, 719, 3, 'lorem ipsem', 'lorem ipsem'),
(1770, 720, 2, 'lorem ipsem', 'lorem ipsem'),
(1771, 720, 1, 'lorem ipsem', 'lorem ipsem'),
(1772, 721, 3, 'lorem ipsem', 'lorem ipsem'),
(1773, 721, 3, 'lorem ipsem', 'lorem ipsem'),
(1774, 723, 2, 'lorem ipsem', 'lorem ipsem'),
(1775, 723, 3, 'lorem ipsem', 'lorem ipsem'),
(1776, 723, 1, 'lorem ipsem', 'lorem ipsem'),
(1777, 723, 2, 'lorem ipsem', 'lorem ipsem'),
(1778, 725, 3, 'lorem ipsem', 'lorem ipsem'),
(1779, 725, 1, 'lorem ipsem', 'lorem ipsem'),
(1780, 725, 3, 'lorem ipsem', 'lorem ipsem'),
(1781, 725, 3, 'lorem ipsem', 'lorem ipsem'),
(1782, 726, 3, 'lorem ipsem', 'lorem ipsem'),
(1783, 726, 3, 'lorem ipsem', 'lorem ipsem'),
(1784, 726, 1, 'lorem ipsem', 'lorem ipsem'),
(1785, 726, 3, 'lorem ipsem', 'lorem ipsem'),
(1786, 726, 3, 'lorem ipsem', 'lorem ipsem'),
(1787, 727, 3, 'lorem ipsem', 'lorem ipsem'),
(1788, 727, 1, 'lorem ipsem', 'lorem ipsem'),
(1789, 728, 3, 'lorem ipsem', 'lorem ipsem'),
(1790, 728, 3, 'lorem ipsem', 'lorem ipsem'),
(1791, 728, 1, 'lorem ipsem', 'lorem ipsem'),
(1792, 728, 3, 'lorem ipsem', 'lorem ipsem'),
(1793, 729, 3, 'lorem ipsem', 'lorem ipsem'),
(1794, 729, 2, 'lorem ipsem', 'lorem ipsem'),
(1795, 729, 3, 'lorem ipsem', 'lorem ipsem'),
(1796, 729, 2, 'lorem ipsem', 'lorem ipsem'),
(1797, 729, 1, 'lorem ipsem', 'lorem ipsem'),
(1798, 730, 1, 'lorem ipsem', 'lorem ipsem'),
(1799, 730, 1, 'lorem ipsem', 'lorem ipsem'),
(1800, 731, 1, 'lorem ipsem', 'lorem ipsem'),
(1801, 731, 2, 'lorem ipsem', 'lorem ipsem'),
(1802, 733, 1, 'lorem ipsem', 'lorem ipsem'),
(1803, 733, 3, 'lorem ipsem', 'lorem ipsem'),
(1804, 733, 1, 'lorem ipsem', 'lorem ipsem'),
(1805, 733, 1, 'lorem ipsem', 'lorem ipsem'),
(1806, 733, 2, 'lorem ipsem', 'lorem ipsem'),
(1807, 734, 1, 'lorem ipsem', 'lorem ipsem'),
(1808, 734, 3, 'lorem ipsem', 'lorem ipsem'),
(1809, 735, 2, 'lorem ipsem', 'lorem ipsem'),
(1810, 735, 2, 'lorem ipsem', 'lorem ipsem'),
(1811, 736, 1, 'lorem ipsem', 'lorem ipsem'),
(1812, 736, 1, 'lorem ipsem', 'lorem ipsem'),
(1813, 736, 1, 'lorem ipsem', 'lorem ipsem'),
(1814, 736, 2, 'lorem ipsem', 'lorem ipsem'),
(1815, 737, 3, 'lorem ipsem', 'lorem ipsem'),
(1816, 737, 2, 'lorem ipsem', 'lorem ipsem'),
(1817, 737, 1, 'lorem ipsem', 'lorem ipsem'),
(1818, 737, 2, 'lorem ipsem', 'lorem ipsem'),
(1819, 737, 1, 'lorem ipsem', 'lorem ipsem'),
(1820, 738, 3, 'lorem ipsem', 'lorem ipsem'),
(1821, 738, 2, 'lorem ipsem', 'lorem ipsem'),
(1822, 738, 3, 'lorem ipsem', 'lorem ipsem'),
(1823, 738, 1, 'lorem ipsem', 'lorem ipsem'),
(1824, 738, 1, 'lorem ipsem', 'lorem ipsem'),
(1825, 739, 2, 'lorem ipsem', 'lorem ipsem'),
(1826, 740, 1, 'lorem ipsem', 'lorem ipsem'),
(1827, 740, 1, 'lorem ipsem', 'lorem ipsem'),
(1828, 741, 2, 'lorem ipsem', 'lorem ipsem'),
(1829, 742, 1, 'lorem ipsem', 'lorem ipsem'),
(1830, 742, 3, 'lorem ipsem', 'lorem ipsem'),
(1831, 744, 2, 'lorem ipsem', 'lorem ipsem'),
(1832, 744, 2, 'lorem ipsem', 'lorem ipsem'),
(1833, 744, 2, 'lorem ipsem', 'lorem ipsem'),
(1834, 745, 3, 'lorem ipsem', 'lorem ipsem'),
(1835, 745, 1, 'lorem ipsem', 'lorem ipsem'),
(1836, 745, 2, 'lorem ipsem', 'lorem ipsem'),
(1837, 745, 2, 'lorem ipsem', 'lorem ipsem'),
(1838, 745, 3, 'lorem ipsem', 'lorem ipsem'),
(1839, 746, 2, 'lorem ipsem', 'lorem ipsem'),
(1840, 747, 1, 'lorem ipsem', 'lorem ipsem'),
(1841, 747, 1, 'lorem ipsem', 'lorem ipsem'),
(1842, 747, 2, 'lorem ipsem', 'lorem ipsem'),
(1843, 748, 3, 'lorem ipsem', 'lorem ipsem'),
(1844, 748, 2, 'lorem ipsem', 'lorem ipsem'),
(1845, 748, 2, 'lorem ipsem', 'lorem ipsem'),
(1846, 749, 3, 'lorem ipsem', 'lorem ipsem'),
(1847, 749, 1, 'lorem ipsem', 'lorem ipsem'),
(1848, 749, 1, 'lorem ipsem', 'lorem ipsem'),
(1849, 749, 1, 'lorem ipsem', 'lorem ipsem'),
(1850, 750, 1, 'lorem ipsem', 'lorem ipsem'),
(1851, 750, 3, 'lorem ipsem', 'lorem ipsem'),
(1852, 751, 1, 'lorem ipsem', 'lorem ipsem'),
(1853, 751, 2, 'lorem ipsem', 'lorem ipsem'),
(1854, 751, 3, 'lorem ipsem', 'lorem ipsem'),
(1855, 752, 2, 'lorem ipsem', 'lorem ipsem'),
(1856, 753, 2, 'lorem ipsem', 'lorem ipsem'),
(1857, 753, 1, 'lorem ipsem', 'lorem ipsem'),
(1858, 753, 2, 'lorem ipsem', 'lorem ipsem'),
(1859, 755, 3, 'lorem ipsem', 'lorem ipsem'),
(1860, 755, 3, 'lorem ipsem', 'lorem ipsem'),
(1861, 755, 2, 'lorem ipsem', 'lorem ipsem'),
(1862, 755, 3, 'lorem ipsem', 'lorem ipsem'),
(1863, 755, 2, 'lorem ipsem', 'lorem ipsem'),
(1864, 756, 3, 'lorem ipsem', 'lorem ipsem'),
(1865, 756, 3, 'lorem ipsem', 'lorem ipsem'),
(1866, 758, 3, 'lorem ipsem', 'lorem ipsem'),
(1867, 758, 2, 'lorem ipsem', 'lorem ipsem'),
(1868, 758, 1, 'lorem ipsem', 'lorem ipsem'),
(1869, 758, 2, 'lorem ipsem', 'lorem ipsem'),
(1870, 758, 1, 'lorem ipsem', 'lorem ipsem'),
(1871, 760, 2, 'lorem ipsem', 'lorem ipsem'),
(1872, 760, 3, 'lorem ipsem', 'lorem ipsem'),
(1873, 761, 2, 'lorem ipsem', 'lorem ipsem'),
(1874, 761, 1, 'lorem ipsem', 'lorem ipsem'),
(1875, 761, 2, 'lorem ipsem', 'lorem ipsem'),
(1876, 761, 2, 'lorem ipsem', 'lorem ipsem'),
(1877, 761, 2, 'lorem ipsem', 'lorem ipsem'),
(1878, 762, 2, 'lorem ipsem', 'lorem ipsem'),
(1879, 762, 1, 'lorem ipsem', 'lorem ipsem'),
(1880, 762, 3, 'lorem ipsem', 'lorem ipsem'),
(1881, 762, 3, 'lorem ipsem', 'lorem ipsem'),
(1882, 762, 3, 'lorem ipsem', 'lorem ipsem'),
(1883, 763, 2, 'lorem ipsem', 'lorem ipsem'),
(1884, 765, 2, 'lorem ipsem', 'lorem ipsem'),
(1885, 765, 3, 'lorem ipsem', 'lorem ipsem'),
(1886, 767, 1, 'lorem ipsem', 'lorem ipsem'),
(1887, 767, 2, 'lorem ipsem', 'lorem ipsem'),
(1888, 767, 2, 'lorem ipsem', 'lorem ipsem'),
(1889, 767, 3, 'lorem ipsem', 'lorem ipsem'),
(1890, 767, 3, 'lorem ipsem', 'lorem ipsem'),
(1891, 768, 1, 'lorem ipsem', 'lorem ipsem'),
(1892, 768, 1, 'lorem ipsem', 'lorem ipsem'),
(1893, 768, 3, 'lorem ipsem', 'lorem ipsem'),
(1894, 769, 3, 'lorem ipsem', 'lorem ipsem'),
(1895, 770, 1, 'lorem ipsem', 'lorem ipsem'),
(1896, 770, 1, 'lorem ipsem', 'lorem ipsem'),
(1897, 772, 3, 'lorem ipsem', 'lorem ipsem'),
(1898, 772, 1, 'lorem ipsem', 'lorem ipsem'),
(1899, 772, 2, 'lorem ipsem', 'lorem ipsem'),
(1900, 773, 3, 'lorem ipsem', 'lorem ipsem'),
(1901, 773, 1, 'lorem ipsem', 'lorem ipsem'),
(1902, 773, 2, 'lorem ipsem', 'lorem ipsem'),
(1903, 773, 1, 'lorem ipsem', 'lorem ipsem'),
(1904, 775, 3, 'lorem ipsem', 'lorem ipsem'),
(1905, 775, 1, 'lorem ipsem', 'lorem ipsem'),
(1906, 775, 1, 'lorem ipsem', 'lorem ipsem'),
(1907, 775, 1, 'lorem ipsem', 'lorem ipsem'),
(1908, 776, 3, 'lorem ipsem', 'lorem ipsem'),
(1909, 776, 2, 'lorem ipsem', 'lorem ipsem'),
(1910, 776, 2, 'lorem ipsem', 'lorem ipsem'),
(1911, 777, 3, 'lorem ipsem', 'lorem ipsem'),
(1912, 777, 1, 'lorem ipsem', 'lorem ipsem'),
(1913, 777, 1, 'lorem ipsem', 'lorem ipsem'),
(1914, 777, 3, 'lorem ipsem', 'lorem ipsem'),
(1915, 778, 1, 'lorem ipsem', 'lorem ipsem'),
(1916, 781, 2, 'lorem ipsem', 'lorem ipsem'),
(1917, 781, 1, 'lorem ipsem', 'lorem ipsem'),
(1918, 781, 3, 'lorem ipsem', 'lorem ipsem'),
(1919, 782, 2, 'lorem ipsem', 'lorem ipsem'),
(1920, 782, 1, 'lorem ipsem', 'lorem ipsem'),
(1921, 782, 3, 'lorem ipsem', 'lorem ipsem'),
(1922, 782, 1, 'lorem ipsem', 'lorem ipsem'),
(1923, 784, 2, 'lorem ipsem', 'lorem ipsem'),
(1924, 784, 2, 'lorem ipsem', 'lorem ipsem'),
(1925, 786, 1, 'lorem ipsem', 'lorem ipsem'),
(1926, 787, 3, 'lorem ipsem', 'lorem ipsem'),
(1927, 787, 3, 'lorem ipsem', 'lorem ipsem'),
(1928, 787, 1, 'lorem ipsem', 'lorem ipsem'),
(1929, 788, 1, 'lorem ipsem', 'lorem ipsem'),
(1930, 788, 1, 'lorem ipsem', 'lorem ipsem'),
(1931, 788, 3, 'lorem ipsem', 'lorem ipsem'),
(1932, 788, 2, 'lorem ipsem', 'lorem ipsem'),
(1933, 789, 1, 'lorem ipsem', 'lorem ipsem'),
(1934, 789, 1, 'lorem ipsem', 'lorem ipsem'),
(1935, 789, 1, 'lorem ipsem', 'lorem ipsem'),
(1936, 790, 1, 'lorem ipsem', 'lorem ipsem'),
(1937, 791, 3, 'lorem ipsem', 'lorem ipsem'),
(1938, 791, 3, 'lorem ipsem', 'lorem ipsem'),
(1939, 791, 1, 'lorem ipsem', 'lorem ipsem'),
(1940, 792, 2, 'lorem ipsem', 'lorem ipsem'),
(1941, 793, 3, 'lorem ipsem', 'lorem ipsem'),
(1942, 793, 2, 'lorem ipsem', 'lorem ipsem'),
(1943, 793, 1, 'lorem ipsem', 'lorem ipsem'),
(1944, 793, 2, 'lorem ipsem', 'lorem ipsem'),
(1945, 794, 2, 'lorem ipsem', 'lorem ipsem'),
(1946, 794, 1, 'lorem ipsem', 'lorem ipsem'),
(1947, 794, 1, 'lorem ipsem', 'lorem ipsem'),
(1948, 795, 1, 'lorem ipsem', 'lorem ipsem'),
(1949, 795, 1, 'lorem ipsem', 'lorem ipsem'),
(1950, 795, 3, 'lorem ipsem', 'lorem ipsem'),
(1951, 795, 1, 'lorem ipsem', 'lorem ipsem'),
(1952, 795, 1, 'lorem ipsem', 'lorem ipsem'),
(1953, 796, 2, 'lorem ipsem', 'lorem ipsem'),
(1954, 796, 1, 'lorem ipsem', 'lorem ipsem'),
(1955, 796, 3, 'lorem ipsem', 'lorem ipsem'),
(1956, 796, 3, 'lorem ipsem', 'lorem ipsem'),
(1957, 797, 1, 'lorem ipsem', 'lorem ipsem'),
(1958, 797, 2, 'lorem ipsem', 'lorem ipsem'),
(1959, 797, 1, 'lorem ipsem', 'lorem ipsem'),
(1960, 798, 2, 'lorem ipsem', 'lorem ipsem'),
(1961, 798, 2, 'lorem ipsem', 'lorem ipsem'),
(1962, 798, 3, 'lorem ipsem', 'lorem ipsem'),
(1963, 798, 3, 'lorem ipsem', 'lorem ipsem'),
(1964, 799, 3, 'lorem ipsem', 'lorem ipsem'),
(1965, 799, 1, 'lorem ipsem', 'lorem ipsem'),
(1966, 799, 2, 'lorem ipsem', 'lorem ipsem'),
(1967, 799, 3, 'lorem ipsem', 'lorem ipsem'),
(1968, 799, 1, 'lorem ipsem', 'lorem ipsem'),
(1969, 800, 2, 'lorem ipsem', 'lorem ipsem'),
(1970, 800, 3, 'lorem ipsem', 'lorem ipsem'),
(1971, 801, 3, 'lorem ipsem', 'lorem ipsem'),
(1972, 801, 3, 'lorem ipsem', 'lorem ipsem'),
(1973, 801, 2, 'lorem ipsem', 'lorem ipsem'),
(1974, 801, 1, 'lorem ipsem', 'lorem ipsem'),
(1975, 803, 3, 'lorem ipsem', 'lorem ipsem'),
(1976, 804, 2, 'lorem ipsem', 'lorem ipsem'),
(1977, 805, 2, 'lorem ipsem', 'lorem ipsem'),
(1978, 805, 1, 'lorem ipsem', 'lorem ipsem'),
(1979, 805, 1, 'lorem ipsem', 'lorem ipsem'),
(1980, 805, 2, 'lorem ipsem', 'lorem ipsem'),
(1981, 806, 1, 'lorem ipsem', 'lorem ipsem'),
(1982, 807, 1, 'lorem ipsem', 'lorem ipsem'),
(1983, 807, 2, 'lorem ipsem', 'lorem ipsem'),
(1984, 807, 2, 'lorem ipsem', 'lorem ipsem'),
(1985, 809, 2, 'lorem ipsem', 'lorem ipsem'),
(1986, 809, 2, 'lorem ipsem', 'lorem ipsem'),
(1987, 811, 2, 'lorem ipsem', 'lorem ipsem'),
(1988, 811, 1, 'lorem ipsem', 'lorem ipsem'),
(1989, 812, 2, 'lorem ipsem', 'lorem ipsem'),
(1990, 812, 2, 'lorem ipsem', 'lorem ipsem'),
(1991, 813, 3, 'lorem ipsem', 'lorem ipsem'),
(1992, 813, 1, 'lorem ipsem', 'lorem ipsem'),
(1993, 813, 3, 'lorem ipsem', 'lorem ipsem'),
(1994, 814, 2, 'lorem ipsem', 'lorem ipsem'),
(1995, 814, 3, 'lorem ipsem', 'lorem ipsem'),
(1996, 815, 2, 'lorem ipsem', 'lorem ipsem'),
(1997, 815, 3, 'lorem ipsem', 'lorem ipsem'),
(1998, 815, 1, 'lorem ipsem', 'lorem ipsem'),
(1999, 815, 2, 'lorem ipsem', 'lorem ipsem'),
(2000, 815, 1, 'lorem ipsem', 'lorem ipsem'),
(2001, 816, 3, 'lorem ipsem', 'lorem ipsem'),
(2002, 816, 1, 'lorem ipsem', 'lorem ipsem'),
(2003, 816, 1, 'lorem ipsem', 'lorem ipsem'),
(2004, 817, 2, 'lorem ipsem', 'lorem ipsem'),
(2005, 817, 3, 'lorem ipsem', 'lorem ipsem'),
(2006, 817, 2, 'lorem ipsem', 'lorem ipsem'),
(2007, 817, 1, 'lorem ipsem', 'lorem ipsem'),
(2008, 818, 2, 'lorem ipsem', 'lorem ipsem'),
(2009, 818, 3, 'lorem ipsem', 'lorem ipsem'),
(2010, 818, 2, 'lorem ipsem', 'lorem ipsem'),
(2011, 818, 2, 'lorem ipsem', 'lorem ipsem'),
(2012, 818, 2, 'lorem ipsem', 'lorem ipsem'),
(2013, 819, 1, 'lorem ipsem', 'lorem ipsem'),
(2014, 819, 2, 'lorem ipsem', 'lorem ipsem'),
(2015, 819, 2, 'lorem ipsem', 'lorem ipsem'),
(2016, 819, 2, 'lorem ipsem', 'lorem ipsem'),
(2017, 819, 2, 'lorem ipsem', 'lorem ipsem'),
(2018, 820, 2, 'lorem ipsem', 'lorem ipsem'),
(2019, 820, 1, 'lorem ipsem', 'lorem ipsem'),
(2020, 821, 2, 'lorem ipsem', 'lorem ipsem'),
(2021, 821, 1, 'lorem ipsem', 'lorem ipsem'),
(2022, 822, 2, 'lorem ipsem', 'lorem ipsem'),
(2023, 822, 3, 'lorem ipsem', 'lorem ipsem'),
(2024, 822, 1, 'lorem ipsem', 'lorem ipsem'),
(2025, 822, 2, 'lorem ipsem', 'lorem ipsem'),
(2026, 823, 2, 'lorem ipsem', 'lorem ipsem'),
(2027, 823, 2, 'lorem ipsem', 'lorem ipsem'),
(2028, 823, 1, 'lorem ipsem', 'lorem ipsem'),
(2029, 823, 1, 'lorem ipsem', 'lorem ipsem'),
(2030, 823, 3, 'lorem ipsem', 'lorem ipsem'),
(2031, 824, 1, 'lorem ipsem', 'lorem ipsem'),
(2032, 827, 3, 'lorem ipsem', 'lorem ipsem'),
(2033, 828, 3, 'lorem ipsem', 'lorem ipsem'),
(2034, 828, 3, 'lorem ipsem', 'lorem ipsem'),
(2035, 829, 1, 'lorem ipsem', 'lorem ipsem'),
(2036, 829, 1, 'lorem ipsem', 'lorem ipsem'),
(2037, 829, 2, 'lorem ipsem', 'lorem ipsem'),
(2038, 829, 3, 'lorem ipsem', 'lorem ipsem'),
(2039, 831, 2, 'lorem ipsem', 'lorem ipsem'),
(2040, 831, 3, 'lorem ipsem', 'lorem ipsem'),
(2041, 832, 3, 'lorem ipsem', 'lorem ipsem'),
(2042, 834, 1, 'lorem ipsem', 'lorem ipsem'),
(2043, 834, 1, 'lorem ipsem', 'lorem ipsem'),
(2044, 834, 2, 'lorem ipsem', 'lorem ipsem'),
(2045, 834, 2, 'lorem ipsem', 'lorem ipsem'),
(2046, 834, 3, 'lorem ipsem', 'lorem ipsem'),
(2047, 835, 3, 'lorem ipsem', 'lorem ipsem'),
(2048, 838, 3, 'lorem ipsem', 'lorem ipsem'),
(2049, 838, 1, 'lorem ipsem', 'lorem ipsem'),
(2050, 838, 2, 'lorem ipsem', 'lorem ipsem'),
(2051, 838, 3, 'lorem ipsem', 'lorem ipsem'),
(2052, 840, 3, 'lorem ipsem', 'lorem ipsem'),
(2053, 840, 2, 'lorem ipsem', 'lorem ipsem'),
(2054, 840, 2, 'lorem ipsem', 'lorem ipsem'),
(2055, 841, 2, 'lorem ipsem', 'lorem ipsem'),
(2056, 841, 2, 'lorem ipsem', 'lorem ipsem'),
(2057, 841, 2, 'lorem ipsem', 'lorem ipsem'),
(2058, 841, 3, 'lorem ipsem', 'lorem ipsem'),
(2059, 842, 3, 'lorem ipsem', 'lorem ipsem'),
(2060, 842, 3, 'lorem ipsem', 'lorem ipsem'),
(2061, 842, 2, 'lorem ipsem', 'lorem ipsem'),
(2062, 842, 2, 'lorem ipsem', 'lorem ipsem'),
(2063, 842, 3, 'lorem ipsem', 'lorem ipsem'),
(2064, 844, 1, 'lorem ipsem', 'lorem ipsem'),
(2065, 844, 2, 'lorem ipsem', 'lorem ipsem'),
(2066, 844, 2, 'lorem ipsem', 'lorem ipsem'),
(2067, 844, 3, 'lorem ipsem', 'lorem ipsem'),
(2068, 844, 1, 'lorem ipsem', 'lorem ipsem'),
(2069, 846, 2, 'lorem ipsem', 'lorem ipsem'),
(2070, 846, 1, 'lorem ipsem', 'lorem ipsem'),
(2071, 846, 2, 'lorem ipsem', 'lorem ipsem'),
(2072, 847, 3, 'lorem ipsem', 'lorem ipsem'),
(2073, 847, 2, 'lorem ipsem', 'lorem ipsem'),
(2074, 847, 3, 'lorem ipsem', 'lorem ipsem'),
(2075, 848, 3, 'lorem ipsem', 'lorem ipsem'),
(2076, 848, 3, 'lorem ipsem', 'lorem ipsem'),
(2077, 848, 1, 'lorem ipsem', 'lorem ipsem'),
(2078, 848, 1, 'lorem ipsem', 'lorem ipsem'),
(2079, 850, 1, 'lorem ipsem', 'lorem ipsem'),
(2080, 850, 1, 'lorem ipsem', 'lorem ipsem'),
(2081, 850, 3, 'lorem ipsem', 'lorem ipsem'),
(2082, 850, 1, 'lorem ipsem', 'lorem ipsem'),
(2083, 850, 2, 'lorem ipsem', 'lorem ipsem'),
(2084, 851, 2, 'lorem ipsem', 'lorem ipsem'),
(2085, 851, 1, 'lorem ipsem', 'lorem ipsem'),
(2086, 851, 3, 'lorem ipsem', 'lorem ipsem'),
(2087, 852, 1, 'lorem ipsem', 'lorem ipsem'),
(2088, 852, 2, 'lorem ipsem', 'lorem ipsem'),
(2089, 852, 2, 'lorem ipsem', 'lorem ipsem'),
(2090, 852, 1, 'lorem ipsem', 'lorem ipsem'),
(2091, 853, 2, 'lorem ipsem', 'lorem ipsem'),
(2092, 853, 2, 'lorem ipsem', 'lorem ipsem'),
(2093, 853, 2, 'lorem ipsem', 'lorem ipsem'),
(2094, 853, 3, 'lorem ipsem', 'lorem ipsem'),
(2095, 854, 1, 'lorem ipsem', 'lorem ipsem'),
(2096, 854, 1, 'lorem ipsem', 'lorem ipsem'),
(2097, 855, 1, 'lorem ipsem', 'lorem ipsem'),
(2098, 855, 3, 'lorem ipsem', 'lorem ipsem'),
(2099, 855, 1, 'lorem ipsem', 'lorem ipsem'),
(2100, 855, 1, 'lorem ipsem', 'lorem ipsem'),
(2101, 856, 2, 'lorem ipsem', 'lorem ipsem'),
(2102, 856, 3, 'lorem ipsem', 'lorem ipsem'),
(2103, 856, 2, 'lorem ipsem', 'lorem ipsem'),
(2104, 857, 2, 'lorem ipsem', 'lorem ipsem'),
(2105, 858, 2, 'lorem ipsem', 'lorem ipsem'),
(2106, 858, 2, 'lorem ipsem', 'lorem ipsem'),
(2107, 858, 3, 'lorem ipsem', 'lorem ipsem'),
(2108, 858, 3, 'lorem ipsem', 'lorem ipsem'),
(2109, 858, 3, 'lorem ipsem', 'lorem ipsem'),
(2110, 859, 1, 'lorem ipsem', 'lorem ipsem'),
(2111, 859, 2, 'lorem ipsem', 'lorem ipsem'),
(2112, 859, 2, 'lorem ipsem', 'lorem ipsem'),
(2113, 859, 3, 'lorem ipsem', 'lorem ipsem'),
(2114, 859, 3, 'lorem ipsem', 'lorem ipsem'),
(2115, 860, 2, 'lorem ipsem', 'lorem ipsem'),
(2116, 860, 3, 'lorem ipsem', 'lorem ipsem'),
(2117, 860, 1, 'lorem ipsem', 'lorem ipsem'),
(2118, 861, 2, 'lorem ipsem', 'lorem ipsem'),
(2119, 861, 2, 'lorem ipsem', 'lorem ipsem'),
(2120, 861, 1, 'lorem ipsem', 'lorem ipsem'),
(2121, 861, 1, 'lorem ipsem', 'lorem ipsem'),
(2122, 861, 1, 'lorem ipsem', 'lorem ipsem'),
(2123, 862, 1, 'lorem ipsem', 'lorem ipsem'),
(2124, 863, 1, 'lorem ipsem', 'lorem ipsem'),
(2125, 863, 1, 'lorem ipsem', 'lorem ipsem'),
(2126, 863, 3, 'lorem ipsem', 'lorem ipsem'),
(2127, 863, 1, 'lorem ipsem', 'lorem ipsem'),
(2128, 865, 3, 'lorem ipsem', 'lorem ipsem'),
(2129, 865, 3, 'lorem ipsem', 'lorem ipsem'),
(2130, 865, 3, 'lorem ipsem', 'lorem ipsem'),
(2131, 866, 1, 'lorem ipsem', 'lorem ipsem'),
(2132, 866, 3, 'lorem ipsem', 'lorem ipsem'),
(2133, 866, 1, 'lorem ipsem', 'lorem ipsem'),
(2134, 867, 2, 'lorem ipsem', 'lorem ipsem'),
(2135, 867, 1, 'lorem ipsem', 'lorem ipsem'),
(2136, 867, 2, 'lorem ipsem', 'lorem ipsem'),
(2137, 869, 3, 'lorem ipsem', 'lorem ipsem'),
(2138, 869, 3, 'lorem ipsem', 'lorem ipsem'),
(2139, 869, 1, 'lorem ipsem', 'lorem ipsem'),
(2140, 869, 2, 'lorem ipsem', 'lorem ipsem'),
(2141, 870, 1, 'lorem ipsem', 'lorem ipsem'),
(2142, 870, 3, 'lorem ipsem', 'lorem ipsem'),
(2143, 870, 2, 'lorem ipsem', 'lorem ipsem'),
(2144, 870, 3, 'lorem ipsem', 'lorem ipsem'),
(2145, 871, 1, 'lorem ipsem', 'lorem ipsem'),
(2146, 871, 3, 'lorem ipsem', 'lorem ipsem'),
(2147, 871, 2, 'lorem ipsem', 'lorem ipsem'),
(2148, 872, 3, 'lorem ipsem', 'lorem ipsem'),
(2149, 872, 3, 'lorem ipsem', 'lorem ipsem'),
(2150, 872, 3, 'lorem ipsem', 'lorem ipsem'),
(2151, 872, 1, 'lorem ipsem', 'lorem ipsem'),
(2152, 872, 3, 'lorem ipsem', 'lorem ipsem'),
(2153, 873, 1, 'lorem ipsem', 'lorem ipsem'),
(2154, 873, 1, 'lorem ipsem', 'lorem ipsem'),
(2155, 873, 2, 'lorem ipsem', 'lorem ipsem'),
(2156, 874, 2, 'lorem ipsem', 'lorem ipsem'),
(2157, 874, 1, 'lorem ipsem', 'lorem ipsem'),
(2158, 875, 1, 'lorem ipsem', 'lorem ipsem'),
(2159, 875, 1, 'lorem ipsem', 'lorem ipsem'),
(2160, 875, 3, 'lorem ipsem', 'lorem ipsem'),
(2161, 877, 3, 'lorem ipsem', 'lorem ipsem'),
(2162, 878, 3, 'lorem ipsem', 'lorem ipsem'),
(2163, 880, 1, 'lorem ipsem', 'lorem ipsem'),
(2164, 880, 2, 'lorem ipsem', 'lorem ipsem'),
(2165, 880, 2, 'lorem ipsem', 'lorem ipsem'),
(2166, 881, 1, 'lorem ipsem', 'lorem ipsem'),
(2167, 881, 1, 'lorem ipsem', 'lorem ipsem'),
(2168, 881, 2, 'lorem ipsem', 'lorem ipsem'),
(2169, 881, 3, 'lorem ipsem', 'lorem ipsem'),
(2170, 883, 2, 'lorem ipsem', 'lorem ipsem'),
(2171, 883, 3, 'lorem ipsem', 'lorem ipsem'),
(2172, 883, 2, 'lorem ipsem', 'lorem ipsem'),
(2173, 884, 3, 'lorem ipsem', 'lorem ipsem'),
(2174, 884, 1, 'lorem ipsem', 'lorem ipsem'),
(2175, 884, 1, 'lorem ipsem', 'lorem ipsem'),
(2176, 884, 2, 'lorem ipsem', 'lorem ipsem'),
(2177, 885, 1, 'lorem ipsem', 'lorem ipsem'),
(2178, 885, 2, 'lorem ipsem', 'lorem ipsem'),
(2179, 885, 3, 'lorem ipsem', 'lorem ipsem'),
(2180, 885, 1, 'lorem ipsem', 'lorem ipsem'),
(2181, 885, 3, 'lorem ipsem', 'lorem ipsem'),
(2182, 886, 1, 'lorem ipsem', 'lorem ipsem'),
(2183, 886, 1, 'lorem ipsem', 'lorem ipsem'),
(2184, 886, 2, 'lorem ipsem', 'lorem ipsem'),
(2185, 886, 2, 'lorem ipsem', 'lorem ipsem'),
(2186, 887, 1, 'lorem ipsem', 'lorem ipsem'),
(2187, 887, 1, 'lorem ipsem', 'lorem ipsem'),
(2188, 888, 1, 'lorem ipsem', 'lorem ipsem'),
(2189, 888, 1, 'lorem ipsem', 'lorem ipsem'),
(2190, 889, 1, 'lorem ipsem', 'lorem ipsem'),
(2191, 889, 3, 'lorem ipsem', 'lorem ipsem'),
(2192, 889, 2, 'lorem ipsem', 'lorem ipsem'),
(2193, 889, 3, 'lorem ipsem', 'lorem ipsem'),
(2194, 890, 3, 'lorem ipsem', 'lorem ipsem'),
(2195, 890, 3, 'lorem ipsem', 'lorem ipsem'),
(2196, 892, 2, 'lorem ipsem', 'lorem ipsem'),
(2197, 892, 3, 'lorem ipsem', 'lorem ipsem'),
(2198, 894, 2, 'lorem ipsem', 'lorem ipsem'),
(2199, 894, 2, 'lorem ipsem', 'lorem ipsem'),
(2200, 895, 3, 'lorem ipsem', 'lorem ipsem'),
(2201, 895, 2, 'lorem ipsem', 'lorem ipsem'),
(2202, 895, 1, 'lorem ipsem', 'lorem ipsem'),
(2203, 895, 2, 'lorem ipsem', 'lorem ipsem'),
(2204, 895, 2, 'lorem ipsem', 'lorem ipsem'),
(2205, 896, 1, 'lorem ipsem', 'lorem ipsem'),
(2206, 896, 2, 'lorem ipsem', 'lorem ipsem'),
(2207, 896, 3, 'lorem ipsem', 'lorem ipsem'),
(2208, 897, 1, 'lorem ipsem', 'lorem ipsem'),
(2209, 897, 2, 'lorem ipsem', 'lorem ipsem'),
(2210, 897, 3, 'lorem ipsem', 'lorem ipsem'),
(2211, 898, 1, 'lorem ipsem', 'lorem ipsem'),
(2212, 899, 2, 'lorem ipsem', 'lorem ipsem'),
(2213, 899, 1, 'lorem ipsem', 'lorem ipsem'),
(2214, 899, 3, 'lorem ipsem', 'lorem ipsem'),
(2215, 900, 1, 'lorem ipsem', 'lorem ipsem'),
(2216, 900, 1, 'lorem ipsem', 'lorem ipsem'),
(2217, 900, 3, 'lorem ipsem', 'lorem ipsem'),
(2218, 900, 3, 'lorem ipsem', 'lorem ipsem');
INSERT INTO certificate(id, reading)
VALUES(1, 'Molestiae dicta a.'),
(2, 'Aut officiis nulla.'),
(3, 'Amet atque saepe.'),
(4, 'Harum minus nam eos.'),
(5, 'Perferendis officia.'),
(6, 'Vero tempore eaque.'),
(7, 'Maxime ea eveniet.'),
(8, 'Eligendi tenetur.'),
(9, 'Doloremque.'),
(10, 'Dignissimos.');
INSERT INTO person_certificate(id, certificate_id, person_id, date_acquired)
VALUES(1, '3', '91', '1988-07-31'),
(2, '5', '92', '1981-08-15'),
(3, '8', '93', '1978-05-19');
INSERT INTO exam(id, student_id, supervisor_id, exam_type, part, qty, exam_date)
VALUES(1, 24, 98, ' مرحلي', 6, 17, '2000-03-19'),
(2, 25, 96, 'انتقالي', 14, 1, '2023-04-22'),
(3, 26, 100, ' مرحلي', 18, 8, '2006-03-23'),
(4, 27, 94, 'انتقالي', 14, 1, '1976-07-28'),
(5, 28, 96, ' مرحلي', 10, 3, '2023-03-17'),
(6, 29, 98, 'انتقالي', 30, 21, '1979-07-30'),
(7, 30, 95, ' مرحلي', 4, 14, '2018-08-17'),
(8, 31, 96, ' مرحلي', 30, 19, '2011-05-28'),
(9, 32, 96, 'انتقالي', 12, 20, '1984-02-27'),
(10, 33, 92, ' مرحلي', 10, 7, '2005-09-08'),
(11, 34, 95, ' مرحلي', 20, 27, '1970-08-02'),
(12, 35, 92, 'انتقالي', 29, 18, '1972-05-13'),
(13, 36, 98, 'انتقالي', 29, 8, '1974-04-21'),
(14, 37, 91, ' مرحلي', 25, 16, '2013-01-20'),
(15, 38, 93, 'انتقالي', 23, 3, '2020-06-22'),
(16, 39, 94, ' مرحلي', 29, 25, '2017-03-17'),
(17, 40, 91, ' مرحلي', 4, 28, '1996-07-08'),
(18, 41, 94, 'انتقالي', 1, 6, '1990-09-24'),
(19, 42, 92, ' مرحلي', 27, 10, '1982-08-14'),
(20, 43, 97, 'انتقالي', 1, 8, '2016-10-13'),
(21, 44, 95, ' مرحلي', 26, 24, '1972-05-23'),
(22, 45, 98, ' مرحلي', 5, 27, '1980-02-20'),
(23, 46, 92, 'انتقالي', 1, 4, '1989-04-14'),
(24, 47, 93, 'انتقالي', 4, 11, '2007-03-21'),
(25, 48, 95, ' مرحلي', 27, 29, '1995-01-23'),
(26, 49, 98, 'انتقالي', 24, 3, '1998-12-07'),
(27, 50, 94, 'انتقالي', 5, 7, '2022-03-04'),
(28, 51, 91, ' مرحلي', 6, 26, '1998-12-31'),
(29, 52, 95, ' مرحلي', 25, 14, '2001-11-14'),
(30, 53, 92, ' مرحلي', 30, 29, '2024-05-20'),
(31, 54, 96, 'انتقالي', 26, 16, '1996-06-06'),
(32, 55, 96, ' مرحلي', 9, 4, '2016-08-03'),
(33, 56, 97, 'انتقالي', 27, 7, '1988-07-01'),
(34, 57, 98, 'انتقالي', 19, 1, '2008-01-18'),
(35, 58, 96, 'انتقالي', 5, 20, '2006-03-01'),
(36, 59, 95, ' مرحلي', 25, 12, '1980-08-22'),
(37, 60, 98, 'انتقالي', 27, 29, '2016-01-02'),
(38, 61, 95, 'انتقالي', 30, 11, '1988-04-07'),
(39, 62, 100, ' مرحلي', 6, 25, '2000-03-08'),
(40, 63, 96, 'انتقالي', 18, 14, '2011-01-07'),
(41, 64, 94, ' مرحلي', 17, 12, '1978-01-03'),
(42, 65, 98, 'انتقالي', 15, 6, '1981-06-19'),
(43, 66, 97, 'انتقالي', 16, 7, '1995-08-08'),
(44, 67, 92, ' مرحلي', 10, 13, '2005-05-24'),
(45, 68, 99, 'انتقالي', 6, 10, '2011-08-28'),
(46, 69, 93, ' مرحلي', 5, 24, '1977-02-22'),
(47, 70, 100, ' مرحلي', 4, 8, '2018-03-07'),
(48, 71, 91, 'انتقالي', 10, 5, '2013-11-14'),
(49, 72, 94, 'انتقالي', 29, 28, '1970-09-28'),
(50, 73, 94, ' مرحلي', 2, 29, '2019-11-03'),
(51, 74, 95, 'انتقالي', 11, 8, '1995-08-25'),
(52, 75, 98, ' مرحلي', 16, 4, '1987-04-12'),
(53, 76, 94, ' مرحلي', 28, 19, '2020-07-19');
INSERT INTO exam_error(error_id, exam_id, details, error_word)
VALUES(3, 1, 'Error.', 'corporis'),
(3, 2, 'Qui saepe.', 'maiores'),
(3, 3, 'Eos error.', 'dolorem'),
(3, 4, 'Odio.', 'in'),
(2, 5, 'Similique.', 'repellat'),
(3, 6, 'Provident.', 'cum'),
(2, 7, 'Sunt.', 'nemo'),
(2, 8, 'Quos.', 'neque'),
(1, 9, 'Earum repellat.', 'veritatis'),
(3, 10, 'Libero neque.', 'nesciunt'),
(2, 11, 'Architecto.', 'est'),
(2, 12, 'Maxime.', 'magnam'),
(2, 13, 'Excepturi incidunt.', 'dolore'),
(1, 14, 'Dignissimos.', 'error'),
(1, 15, 'Tenetur.', 'inventore'),
(3, 16, 'At adipisci.', 'voluptatem'),
(2, 17, 'Omnis.', 'blanditiis'),
(2, 18, 'Voluptatum cupiditate.', 'explicabo'),
(3, 19, 'Quis cupiditate.', 'ratione'),
(3, 20, 'Adipisci corporis.', 'consectetur'),
(1, 21, 'Molestias.', 'molestias'),
(2, 22, 'Et unde.', 'maxime'),
(1, 23, 'Id cumque.', 'rerum'),
(3, 24, 'Doloremque.', 'alias'),
(2, 25, 'Occaecati inventore.', 'quis'),
(1, 26, 'Voluptas.', 'omnis'),
(3, 27, 'Reiciendis.', 'necessitatibus'),
(3, 28, 'Ut maxime.', 'suscipit'),
(3, 29, 'Praesentium aliquid.', 'consequuntur'),
(1, 30, 'Ratione.', 'dicta'),
(3, 31, 'Dolore quas.', 'vero'),
(3, 32, 'Excepturi veritatis.', 'rerum'),
(2, 33, 'Nemo.', 'impedit'),
(1, 34, 'Consectetur.', 'aspernatur'),
(1, 35, 'Dolorem.', 'corporis'),
(2, 36, 'Dolor.', 'minus'),
(2, 37, 'Explicabo.', 'illo'),
(2, 38, 'Ullam modi.', 'harum'),
(2, 39, 'Sequi.', 'laboriosam'),
(1, 40, 'Fugiat.', 'culpa'),
(2, 41, 'Nesciunt suscipit.', 'ipsa'),
(2, 42, 'Incidunt quos.', 'mollitia'),
(2, 43, 'Dolorum sequi.', 'neque'),
(3, 44, 'Officiis necessitatibus.', 'minus'),
(1, 45, 'Dolor.', 'tempora'),
(2, 46, 'Soluta.', 'exercitationem'),
(2, 47, 'Aspernatur.', 'quasi'),
(3, 48, 'Quas nostrum.', 'veniam'),
(2, 49, 'Perferendis voluptatum.', 'iste'),
(1, 50, 'Vero delectus.', 'at'),
(1, 51, 'Aliquid.', 'laborum'),
(3, 52, 'Quam aut.', 'qui'),
(1, 53, 'Consequuntur.', 'dolore');
INSERT INTO activity_type(id, name, presenter_id, student_level_required)
VALUES(1, 'ipsam', 95, 'انتقالي'),
(2, 'repellendus', 98, 'غيبي'),
(3, 'assumenda', 94, 'انتقالي'),
(4, 'facere', 95, 'انتقالي'),
(5, 'voluptatem', 95, 'انتقالي'),
(6, 'voluptatum', 99, 'غيبي');
INSERT INTO activity(id, title, activity_type_id, coordinator_id, activity_date)
VALUES(1, 'Harum quod.', 4, 94, '2022-08-19'),
(2, 'Quia iure blanditiis placeat quasi.', 4, 97, '1973-04-05'),
(3, 'Mollitia hic aliquam.', 6, 93, '1975-05-18'),
(4, 'Qui illo.', 3, 97, '2024-02-29'),
(5, 'Perspiciatis dicta pariatur incidunt.', 2, 100, '1970-04-11'),
(6, 'Quis corporis sunt maiores.', 3, 99, '2003-06-22'),
(7, 'Officia corporis dolores.', 6, 94, '1989-08-20'),
(8, 'Facilis exercitationem enim provident.', 5, 97, '1999-02-21'),
(9, 'Dolores cumque aliquid omnis maiores.', 2, 97, '1974-01-27'),
(10, 'Aliquam eaque id.', 2, 95, '2014-06-27'),
(11, 'Fuga distinctio quo quae ullam.', 3, 98, '1974-03-15'),
(12, 'Nostrum possimus enim pariatur.', 3, 99, '1981-06-16'),
(13, 'Cupiditate excepturi tempore.', 3, 91, '1980-06-19'),
(14, 'Officiis excepturi officia odit.', 2, 94, '2001-07-30'),
(15, 'Delectus excepturi aliquid mollitia dolorum.', 4, 93, '1998-11-07'),
(16, 'Ullam consectetur quaerat natus reprehenderit.', 2, 99, '1986-10-31'),
(17, 'Magni veritatis.', 2, 96, '2006-12-30'),
(18, 'Exercitationem tenetur modi.', 3, 93, '1987-05-12'),
(19, 'Unde consequuntur quos.', 5, 98, '1978-11-27'),
(20, 'Eveniet libero quisquam.', 6, 94, '1994-06-21');
INSERT INTO activity_student(id, activity_id, student_id)
VALUES(1, '17', '90'),
(2, '7', '49'),
(3, '17', '1'),
(4, '20', '46'),
(5, '16', '66'),
(6, '3', '49'),
(7, '1', '63'),
(8, '19', '36'),
(9, '13', '18'),
(10, '14', '46'),
(11, '11', '56'),
(12, '19', '11'),
(13, '11', '5'),
(14, '5', '30'),
(15, '10', '69'),
(16, '5', '13'),
(17, '20', '20'),
(18, '13', '6'),
(19, '2', '71'),
(20, '4', '84'),
(21, '8', '49'),
(22, '15', '26'),
(23, '8', '59'),
(24, '2', '63'),
(25, '15', '74'),
(26, '2', '79'),
(27, '13', '79'),
(28, '17', '50'),
(29, '6', '16'),
(30, '5', '83'),
(31, '12', '12'),
(32, '20', '49'),
(33, '11', '8'),
(34, '16', '69'),
(35, '16', '1'),
(36, '19', '18'),
(37, '11', '4'),
(38, '3', '77'),
(39, '18', '37'),
(40, '3', '74'),
(41, '4', '5'),
(42, '8', '33'),
(43, '12', '29'),
(44, '12', '1'),
(45, '10', '21'),
(46, '4', '31'),
(47, '12', '7'),
(48, '7', '64'),
(49, '18', '74'),
(50, '12', '76'),
(51, '2', '14'),
(52, '18', '62'),
(53, '10', '51'),
(54, '1', '18'),
(55, '14', '67'),
(56, '2', '75'),
(57, '3', '37'),
(58, '1', '71'),
(59, '3', '85'),
(60, '5', '26'),
(61, '12', '89'),
(62, '16', '89'),
(63, '13', '7'),
(64, '12', '52'),
(65, '20', '1'),
(66, '11', '79'),
(67, '18', '36'),
(68, '1', '37'),
(69, '4', '86'),
(70, '12', '60'),
(71, '8', '52'),
(72, '20', '69'),
(73, '8', '24'),
(74, '15', '75'),
(75, '6', '41'),
(76, '10', '80'),
(77, '12', '19'),
(78, '13', '80'),
(79, '9', '65'),
(80, '4', '72'),
(81, '17', '82'),
(82, '5', '4'),
(83, '16', '10'),
(84, '4', '31'),
(85, '16', '67'),
(86, '11', '81'),
(87, '18', '48'),
(88, '16', '7'),
(89, '16', '12'),
(90, '20', '34'),
(91, '19', '29'),
(92, '10', '58'),
(93, '16', '74'),
(94, '19', '37'),
(95, '5', '18'),
(96, '17', '43'),
(97, '16', '90'),
(98, '15', '44'),
(99, '20', '11'),
(100, '14', '3'),
(101, '9', '56'),
(102, '10', '79'),
(103, '6', '32'),
(104, '18', '50'),
(105, '18', '24'),
(106, '16', '14'),
(107, '5', '57'),
(108, '8', '21'),
(109, '4', '5'),
(110, '20', '69'),
(111, '15', '62'),
(112, '3', '66'),
(113, '18', '79'),
(114, '12', '70'),
(115, '12', '72'),
(116, '8', '73'),
(117, '12', '29'),
(118, '14', '58'),
(119, '8', '5'),
(120, '6', '14'),
(121, '1', '65'),
(122, '20', '56'),
(123, '20', '75'),
(124, '15', '86'),
(125, '11', '77'),
(126, '14', '87'),
(127, '8', '56'),
(128, '11', '7'),
(129, '1', '28'),
(130, '12', '44'),
(131, '3', '35'),
(132, '9', '61'),
(133, '11', '28'),
(134, '5', '50'),
(135, '9', '42'),
(136, '12', '19'),
(137, '20', '3'),
(138, '8', '28'),
(139, '13', '71'),
(140, '17', '20'),
(141, '18', '17'),
(142, '3', '44'),
(143, '19', '1'),
(144, '5', '13'),
(145, '20', '78'),
(146, '4', '73'),
(147, '8', '57'),
(148, '7', '43'),
(149, '2', '36'),
(150, '6', '29'),
(151, '11', '51'),
(152, '16', '53'),
(153, '1', '88'),
(154, '5', '45'),
(155, '10', '11'),
(156, '5', '19'),
(157, '20', '45'),
(158, '4', '20'),
(159, '19', '63'),
(160, '18', '79'),
(161, '11', '11'),
(162, '10', '42'),
(163, '12', '45'),
(164, '7', '73'),
(165, '2', '78'),
(166, '18', '30'),
(167, '20', '21'),
(168, '1', '13'),
(169, '18', '86'),
(170, '14', '1'),
(171, '9', '84'),
(172, '14', '40'),
(173, '14', '62'),
(174, '2', '83'),
(175, '6', '44'),
(176, '4', '67'),
(177, '5', '65'),
(178, '18', '39'),
(179, '12', '51'),
(180, '3', '84'),
(181, '7', '57'),
(182, '17', '38'),
(183, '17', '20'),
(184, '17', '58'),
(185, '6', '26'),
(186, '11', '80'),
(187, '20', '28'),
(188, '5', '76'),
(189, '10', '13'),
(190, '15', '63'),
(191, '4', '78'),
(192, '12', '68'),
(193, '12', '25'),
(194, '7', '16'),
(195, '5', '81'),
(196, '19', '44'),
(197, '18', '39'),
(198, '14', '2'),
(199, '6', '35'),
(200, '11', '88'),
(201, '9', '42'),
(202, '13', '16'),
(203, '14', '42'),
(204, '7', '9'),
(205, '3', '15'),
(206, '12', '62'),
(207, '17', '62'),
(208, '4', '26'),
(209, '2', '86'),
(210, '5', '24'),
(211, '19', '76'),
(212, '17', '74'),
(213, '19', '18'),
(214, '4', '20'),
(215, '3', '19'),
(216, '1', '77'),
(217, '10', '23'),
(218, '10', '23'),
(219, '10', '35'),
(220, '3', '56'),
(221, '11', '49'),
(222, '8', '9'),
(223, '8', '81'),
(224, '2', '32'),
(225, '7', '47'),
(226, '5', '37'),
(227, '7', '21'),
(228, '18', '74'),
(229, '6', '44'),
(230, '7', '15'),
(231, '18', '56'),
(232, '20', '58'),
(233, '2', '30'),
(234, '18', '52'),
(235, '12', '52'),
(236, '10', '75'),
(237, '6', '28'),
(238, '9', '42'),
(239, '9', '3'),
(240, '16', '28'),
(241, '17', '78'),
(242, '1', '15'),
(243, '12', '61'),
(244, '1', '37'),
(245, '15', '40'),
(246, '9', '55'),
(247, '15', '26'),
(248, '9', '8'),
(249, '4', '18'),
(250, '8', '27'),
(251, '18', '84'),
(252, '6', '7'),
(253, '11', '90'),
(254, '15', '7'),
(255, '2', '20'),
(256, '12', '72'),
(257, '16', '9'),
(258, '2', '53'),
(259, '17', '77'),
(260, '2', '59'),
(261, '5', '89'),
(262, '19', '62'),
(263, '9', '76'),
(264, '11', '86'),
(265, '1', '32'),
(266, '20', '46'),
(267, '9', '7'),
(268, '1', '55'),
(269, '2', '83'),
(270, '9', '15'),
(271, '10', '88'),
(272, '1', '78'),
(273, '11', '65'),
(274, '9', '89'),
(275, '3', '88'),
(276, '3', '30'),
(277, '2', '86'),
(278, '19', '36'),
(279, '5', '40'),
(280, '17', '59'),
(281, '20', '46'),
(282, '2', '61'),
(283, '13', '67'),
(284, '14', '67'),
(285, '2', '15'),
(286, '9', '51'),
(287, '6', '45'),
(288, '17', '13'),
(289, '3', '4'),
(290, '17', '18'),
(291, '1', '20'),
(292, '20', '49'),
(293, '2', '1'),
(294, '14', '30'),
(295, '7', '59'),
(296, '15', '27'),
(297, '19', '69'),
(298, '17', '82'),
(299, '4', '17'),
(300, '19', '34'),
(301, '17', '44'),
(302, '10', '46'),
(303, '6', '54'),
(304, '8', '46'),
(305, '2', '82'),
(306, '7', '41'),
(307, '20', '76'),
(308, '15', '49'),
(309, '3', '32'),
(310, '14', '30'),
(311, '16', '26'),
(312, '9', '31'),
(313, '17', '81'),
(314, '16', '62'),
(315, '18', '73'),
(316, '14', '17'),
(317, '15', '88'),
(318, '8', '12'),
(319, '16', '56'),
(320, '1', '11'),
(321, '10', '15'),
(322, '1', '83'),
(323, '2', '15'),
(324, '13', '51'),
(325, '12', '53'),
(326, '10', '22'),
(327, '5', '33'),
(328, '20', '86'),
(329, '3', '72'),
(330, '3', '54'),
(331, '3', '8'),
(332, '17', '16'),
(333, '13', '49'),
(334, '18', '13'),
(335, '20', '17'),
(336, '15', '31'),
(337, '1', '45'),
(338, '2', '57'),
(339, '17', '7'),
(340, '14', '71'),
(341, '7', '54'),
(342, '5', '17'),
(343, '12', '6'),
(344, '12', '43'),
(345, '15', '13'),
(346, '8', '24'),
(347, '17', '5'),
(348, '2', '56'),
(349, '15', '62'),
(350, '14', '31'),
(351, '11', '84'),
(352, '1', '63'),
(353, '15', '86'),
(354, '15', '81'),
(355, '10', '74'),
(356, '15', '52'),
(357, '14', '62'),
(358, '19', '19'),
(359, '7', '22'),
(360, '9', '31'),
(361, '2', '39'),
(362, '2', '49'),
(363, '16', '8'),
(364, '4', '37'),
(365, '17', '8'),
(366, '12', '49'),
(367, '3', '23'),
(368, '19', '90'),
(369, '12', '2'),
(370, '17', '45'),
(371, '7', '16'),
(372, '7', '24'),
(373, '10', '41'),
(374, '7', '32'),
(375, '15', '85'),
(376, '4', '42'),
(377, '15', '49'),
(378, '17', '48'),
(379, '16', '43'),
(380, '4', '52'),
(381, '20', '44'),
(382, '19', '84'),
(383, '12', '87'),
(384, '16', '64'),
(385, '5', '41'),
(386, '3', '34'),
(387, '15', '19'),
(388, '20', '74'),
(389, '5', '24'),
(390, '20', '24'),
(391, '16', '31'),
(392, '6', '87'),
(393, '4', '58'),
(394, '8', '89'),
(395, '16', '25'),
(396, '20', '72'),
(397, '10', '22'),
(398, '12', '17'),
(399, '16', '2'),
(400, '17', '22'),
(401, '16', '81'),
(402, '2', '44'),
(403, '17', '31'),
(404, '6', '76'),
(405, '6', '8'),
(406, '11', '15'),
(407, '8', '71'),
(408, '11', '38'),
(409, '7', '82'),
(410, '2', '82'),
(411, '4', '58'),
(412, '7', '55'),
(413, '10', '53'),
(414, '16', '4'),
(415, '19', '62'),
(416, '15', '30'),
(417, '8', '42'),
(418, '19', '46'),
(419, '11', '52'),
(420, '17', '19'),
(421, '13', '26'),
(422, '3', '60'),
(423, '11', '10'),
(424, '17', '32'),
(425, '18', '25'),
(426, '9', '39'),
(427, '19', '38'),
(428, '6', '80'),
(429, '2', '80'),
(430, '1', '59'),
(431, '9', '84'),
(432, '2', '56'),
(433, '18', '55'),
(434, '17', '72'),
(435, '4', '11'),
(436, '2', '14'),
(437, '18', '16'),
(438, '12', '15'),
(439, '17', '65'),
(440, '13', '46'),
(441, '3', '16'),
(442, '16', '25'),
(443, '10', '27'),
(444, '2', '54'),
(445, '9', '86'),
(446, '13', '27'),
(447, '5', '13'),
(448, '18', '81'),
(449, '17', '11'),
(450, '17', '75'),
(451, '4', '62'),
(452, '20', '49'),
(453, '17', '51'),
(454, '5', '18'),
(455, '20', '31'),
(456, '12', '78'),
(457, '18', '44'),
(458, '9', '9'),
(459, '5', '86'),
(460, '2', '88'),
(461, '16', '58'),
(462, '18', '84'),
(463, '4', '43'),
(464, '20', '9'),
(465, '13', '47'),
(466, '2', '16'),
(467, '7', '69'),
(468, '17', '76'),
(469, '17', '44'),
(470, '1', '40'),
(471, '6', '84'),
(472, '7', '81'),
(473, '1', '35'),
(474, '3', '9'),
(475, '10', '22'),
(476, '20', '26'),
(477, '5', '46'),
(478, '11', '56'),
(479, '15', '69'),
(480, '12', '51'),
(481, '8', '78'),
(482, '17', '57'),
(483, '16', '40'),
(484, '5', '61'),
(485, '8', '7'),
(486, '7', '29'),
(487, '19', '38'),
(488, '3', '1'),
(489, '2', '28'),
(490, '4', '22'),
(491, '7', '39'),
(492, '8', '34'),
(493, '17', '22'),
(494, '10', '78'),
(495, '9', '68'),
(496, '10', '84'),
(497, '5', '79'),
(498, '19', '21'),
(499, '11', '21'),
(500, '8', '24'),
(501, '20', '21'),
(502, '7', '16'),
(503, '20', '67'),
(504, '3', '40'),
(505, '6', '44'),
(506, '14', '5'),
(507, '12', '36'),
(508, '1', '84'),
(509, '15', '66'),
(510, '10', '24'),
(511, '14', '20'),
(512, '15', '20'),
(513, '20', '57'),
(514, '14', '73'),
(515, '17', '76'),
(516, '19', '29'),
(517, '3', '86'),
(518, '17', '75'),
(519, '12', '81'),
(520, '12', '42'),
(521, '12', '15'),
(522, '8', '71'),
(523, '5', '48'),
(524, '19', '84'),
(525, '2', '65'),
(526, '11', '77'),
(527, '6', '87'),
(528, '19', '29'),
(529, '11', '2'),
(530, '4', '87'),
(531, '9', '79'),
(532, '20', '15'),
(533, '20', '5'),
(534, '7', '68'),
(535, '11', '47'),
(536, '2', '73'),
(537, '13', '30'),
(538, '1', '60'),
(539, '11', '47'),
(540, '15', '6'),
(541, '6', '44'),
(542, '9', '21'),
(543, '5', '4'),
(544, '12', '33'),
(545, '1', '30'),
(546, '2', '57'),
(547, '18', '72'),
(548, '6', '34'),
(549, '16', '45'),
(550, '11', '58'),
(551, '18', '87'),
(552, '18', '19'),
(553, '4', '83'),
(554, '13', '6'),
(555, '19', '2'),
(556, '5', '20'),
(557, '8', '11'),
(558, '14', '66'),
(559, '18', '18'),
(560, '9', '42'),
(561, '6', '47'),
(562, '3', '36'),
(563, '3', '62'),
(564, '15', '73'),
(565, '5', '56'),
(566, '16', '53'),
(567, '14', '78'),
(568, '15', '31'),
(569, '5', '22'),
(570, '10', '67'),
(571, '4', '29'),
(572, '7', '33'),
(573, '17', '20'),
(574, '7', '34'),
(575, '6', '25'),
(576, '9', '14'),
(577, '17', '19'),
(578, '4', '66'),
(579, '20', '38'),
(580, '14', '46'),
(581, '12', '77'),
(582, '12', '10'),
(583, '2', '11'),
(584, '12', '63'),
(585, '9', '69'),
(586, '2', '14'),
(587, '5', '8'),
(588, '3', '66'),
(589, '14', '54'),
(590, '3', '50'),
(591, '3', '19'),
(592, '10', '73'),
(593, '2', '69'),
(594, '1', '32'),
(595, '16', '14'),
(596, '8', '67'),
(597, '11', '3'),
(598, '17', '44'),
(599, '14', '17'),
(600, '17', '17');