        SET search_path TO wrattel;
        BEGIN;
    INSERT INTO person (id, fname, lname, year_of_study, contact_number, join_date, email, address)
VALUES(1, 'شهد', 'المهنا', 2, '533-488-539', '1994-03-15', 'pal-sltn@hotmail.com', '11264 العليان Well Suite 963\nالعليانburgh, CT 62365'),
(2, 'ناجح', 'آل بن لافي', 1, '929-304-881', '1975-05-15', 'elqyl@gmail.com', '95434 الراشد Pass\nWest سرحان, KY 09329'),
(3, 'مياس', 'آل علي', 5, '073-773-426', '2006-08-10', 'gal-ly@gmail.com', '70122 غسّان Wells Apt. 976\nآل محمد بن علي بن جمازmouth, AZ 07403'),
(4, 'شهاب', 'فصيل', 3, '557-418-971', '2024-02-03', 'gal-rfy@hotmail.com', '16878 صبري Garden Suite 128\nبلقيسfort, IL 98167'),
(5, 'غطفان', 'المهيدب', 1, '736-724-904', '1985-11-28', 'nwrh36@gmail.com', '99736 آل حسين Dam\nنسيبstad, MD 30817'),
(6, 'إلينا', 'آل مقطة', 2, '348-901-097', '1992-04-03', 'ldbgqyd@gmail.com', '13886 صادح Valleys Suite 286\nرؤوفberg, FL 83795'),
(7, 'عبد القدّوس', 'شربتلي', 2, '917-102-152', '1991-03-04', 'mrdyal-ly@hotmail.com', '4521 علوان Route\nLake شدّاد, CO 79300'),
(8, 'جميل', 'أبا الخيل', 4, '199-874-490', '2010-11-16', 'sjdknw@hotmail.com', '75279 أبا الخيل Rest\nفراسmouth, AS 29539'),
(9, 'رخاء', 'الجابر', 2, '047-530-962', '2018-08-28', 'ljflymnswr@hotmail.com', '159 حسين Walk\nوسامmouth, ID 45877'),
(10, 'مجد', 'آل الشيخ', 4, '019-770-941', '1970-10-24', 'lhkyrmr@hotmail.com', '22949 بن لادن Freeway Suite 915\nساهرton, NH 98407'),
(11, 'كتوم', 'حجار', 5, '887-932-152', '1979-04-23', 'jsm46@gmail.com', '09098 آل قصير Mountain\nآل عواضchester, OK 50758'),
(12, 'ثروت', 'آل العسكري', 1, '150-803-272', '1973-08-12', 'mkwy08@hotmail.com', '5107 شهاب Flat Suite 451\nNorth حليم, FM 15872'),
(13, 'مكّي', 'العليان', 4, '878-587-615', '2025-06-28', 'fhdal-mqt@gmail.com', '55896 بن لادن Streets\nصاحبland, PW 31386'),
(14, 'راوي', 'آل بن ظافر', 5, '154-469-383', '1980-12-19', 'dh80@gmail.com', 'Unit 5059 Box 5517\nDPO AA 95255'),
(15, 'مرتضي', 'آل صفوان', 4, '300-708-183', '1991-10-23', 'ial-bn-zfr@hotmail.com', '08006 وجيه Pines Apt. 035\nSouth وضّاحside, MO 27071'),
(16, 'ميار', 'أبا الخيل', 4, '263-964-549', '1990-01-09', 'llynbd-lltyf@gmail.com', '47412 آل قصير Key Suite 156\nEast علي, WY 01711'),
(17, 'لارا', 'حجار', 1, '248-842-797', '2007-02-01', 'zyzlmhn@gmail.com', '0493 آل جعفر Path\nضاحكmouth, MN 27461'),
(18, 'صنديد', 'حجار', 2, '916-988-934', '1998-12-20', 'gal-qsyr@gmail.com', '9176 بن لادن Corner Apt. 582\nPort عبد الحقّfort, MD 88909'),
(19, 'عبد الرّحيم', 'الراشد', 2, '213-285-455', '2012-04-15', 'rshdy27@hotmail.com', '946 كاشف Point Apt. 115\nNew وليفshire, NE 68513'),
(20, 'ماجد', 'بقشان', 5, '905-766-165', '2016-01-07', 'ib-lkhyl@hotmail.com', 'PSC 1608, Box 7118\nAPO AE 20238'),
(21, 'صعب', 'آل محمد بن علي بن جماز', 2, '009-035-914', '2015-01-12', 'nzyhal-yd@hotmail.com', '5543 المهنا Pike Apt. 161\nرؤوفville, NV 17937'),
(22, 'مزهر', 'الحكير', 4, '889-407-232', '2008-09-03', 'lmhnzky@yahoo.com', '3888 بنان Unions\nEast عبدالله, DE 36037'),
(23, 'بثينة', 'آل عواض', 1, '179-913-819', '2013-09-17', 'bhjr@gmail.com', '7338 يافع Villages Apt. 053\nEast نافذ, NM 66378'),
(24, 'يعقوب', 'آل سعود', 4, '439-417-505', '1974-06-07', 'lkhrfyrjh@gmail.com', '74642 زكريا Unions\nNew سهل, MO 45042'),
(25, 'سديم', 'آل عايض', 3, '994-863-073', '1986-03-22', 'rljbr@gmail.com', '04081 آل رفيع Trail Apt. 795\nEast سائدstad, NH 80422'),
(26, 'نصر الدّين', 'آل صفوان', 1, '019-981-453', '2015-08-05', 'dhlrshd@yahoo.com', '123 لمّاح Loaf Apt. 082\nآل قصيرbury, MN 84103'),
(27, 'منيع', 'الراشد', 3, '295-539-333', '1985-07-14', 'lmhydbwf@hotmail.com', 'PSC 7080, Box 3375\nAPO AE 75423'),
(28, 'سهيل', 'آل العسكري', 4, '737-354-364', '2017-10-15', 'klymal-lshykh@gmail.com', '277 شربتلي Ford\nدانةtown, CA 26316'),
(29, 'يزيد', 'المغاولة', 3, '420-705-745', '1997-04-08', 'lmal-mqt@hotmail.com', '169 ممتاز Freeway\nNorth ثابت, UT 35814'),
(30, 'شبيب', 'آل العسكري', 1, '591-193-004', '1996-05-07', 'ilshy@yahoo.com', '9344 آل محمد بن علي بن جماز Run\nNew صادح, NC 59040'),
(31, 'رازي', 'آل عايض', 3, '296-607-801', '2018-09-30', 'al-wdmwfwq@gmail.com', '3487 آل محمد بن علي بن جماز Knoll\nPort عبد السّميع, SD 83983'),
(32, 'سنام', 'العليان', 4, '736-490-036', '2021-09-25', 'mhybal-wd@gmail.com', '43437 العليان Gardens\nآل مقطةport, LA 45149'),
(33, 'عاتب', 'بقشان', 2, '159-506-555', '2025-02-26', 'ral-jfr@hotmail.com', '38261 هايدي Green Apt. 077\nNew ليانberg, NC 27347'),
(34, 'عبد العزيز', 'المهيدب', 3, '508-436-409', '1994-09-05', 'rb50@hotmail.com', 'PSC 2975, Box 2804\nAPO AE 46618'),
(35, 'جوريّة', 'الدباغ', 5, '131-966-787', '1997-12-28', 'rjhlmhydb@hotmail.com', '0197 الحكير Hill\nصقرbury, MD 42048'),
(36, 'عبد الباري', 'آل معيض', 4, '137-493-871', '2000-11-07', 'mhnwryd@yahoo.com', '8570 كانو Ford Suite 435\nميارmouth, DE 00609'),
(37, 'مناف', 'العقيل', 4, '621-084-532', '2001-10-16', 'al-bn-zfrfdl@gmail.com', '69421 شاطر Forge Apt. 920\nPort نجدتton, GA 16865'),
(38, 'زبير', 'المهنا', 5, '506-665-106', '2023-01-04', 'hbqshn@hotmail.com', '6454 كمال Vista\nريتالchester, CT 73373'),
(39, 'عاتب', 'آل علي', 1, '679-390-392', '2016-12-25', 'mshfq60@gmail.com', '93301 العقيل Street\nنذيرbury, CO 71185'),
(40, 'حلا', 'آل علي', 3, '358-524-929', '1978-01-22', 'dal-lshykh@yahoo.com', '82809 أفنان Shoals\nLake طائعchester, IL 70869'),
(41, 'محفوظ', 'آل محمد بن علي بن جماز', 1, '260-743-557', '1972-12-04', 'mrylmhydb@hotmail.com', '0294 طائف Mews\nEast هيا, AZ 72424'),
(42, 'خاطر', 'الحكير', 3, '973-373-786', '1985-01-09', 'cal-bn-lfy@hotmail.com', '4611 آل عايض Harbors\nSouth ابتكارton, AR 02288'),
(43, 'مفيد', 'فصيل', 1, '925-023-411', '1972-01-29', 'rlqyl@hotmail.com', '77878 مُرضي Path Suite 750\nعتيدshire, PR 70158'),
(44, 'هند', 'آل محمد بن علي بن جماز', 2, '408-855-720', '1978-09-08', 'jwd12@yahoo.com', '9221 بن لادن Streets Suite 431\nSouth ساجيland, NJ 49877'),
(45, 'نضال', 'آل علي', 3, '455-470-298', '1996-07-18', 'tal-lshykh@yahoo.com', 'Unit 1575 Box 2119\nDPO AA 19721'),
(46, 'لاما', 'حجار', 3, '542-259-674', '1989-02-06', 'qlmhn@gmail.com', '274 بن لادن Light Apt. 294\nمُرسيport, DE 43904'),
(47, 'مصباح', 'آل العسكري', 1, '710-905-468', '2015-05-24', 'lmshwlmsrwr@yahoo.com', '0091 بن لادن Estate\nWest صباح, NM 16198'),
(48, 'فائق', 'حجار', 2, '800-504-236', '1984-04-25', 'rym30@yahoo.com', '63573 ثامر Crescent\nLake ميمونtown, NC 98983'),
(49, 'طلال', 'حنبولي', 5, '184-749-878', '1996-03-13', 'mfydal-khdyr@hotmail.com', '328 بقشان Mountains\nراميport, HI 86538'),
(50, 'هاجر', 'الدباغ', 2, '212-357-207', '1986-05-14', 'khlyf32@yahoo.com', '1958 عبد العزيز Wall Apt. 410\nياراville, WY 34121'),
(51, 'مقدام', 'الجابر', 5, '411-928-084', '2009-06-01', 'wsymal-swd@gmail.com', '9071 منيب Course Suite 587\nNew جابر, NJ 17179'),
(52, 'زاهي', 'آل العسكري', 2, '064-046-264', '2017-10-14', 'gal-ly@hotmail.com', 'Unit 9128 Box 8656\nDPO AP 56026'),
(53, 'ثقيف', 'آل الشيخ', 5, '480-938-176', '2000-05-31', 'bthj70@hotmail.com', '6367 المهيدب Trail\nبن لادنborough, NE 62324'),
(54, 'شكري', 'آل حسين', 1, '164-524-079', '1986-08-11', 'xal-jfr@yahoo.com', '69996 وفاء Well Apt. 067\nSouth عائد, AL 76400'),
(55, 'بارعة', 'آل علي', 2, '257-058-600', '1986-11-12', 'gal-khdyr@gmail.com', '90739 عتريس Crossroad Apt. 450\nSouth رباحview, CA 18780'),
(56, 'نصور', 'الخرافي', 4, '487-846-690', '1973-04-15', 'fnnljbr@hotmail.com', '6637 طالب Tunnel\nEast مُنذرburgh, WY 35094'),
(57, 'وصفي', 'المهنا', 1, '507-346-242', '2014-05-24', 'aal-lshykh@gmail.com', '4611 آل خضير Knoll\nترفstad, CT 52294'),
(58, 'جسور', 'الجابر', 5, '812-134-777', '1986-11-26', 'fwd58@yahoo.com', '245 سراج Locks\nآل سعودhaven, MD 55770'),
(59, 'دانية', 'آل صفوان', 3, '262-487-085', '2010-11-25', 'rshdhjr@hotmail.com', '6120 عتيق Inlet Suite 350\nLake سهلmouth, FM 17509'),
(60, 'وجدي', 'أبا الخيل', 2, '643-842-248', '1998-01-05', 'bd-ltwwb30@gmail.com', '4324 عرفه Meadow Suite 981\nآل حسينborough, NY 90856'),
(61, 'فيصل', 'الجفالي', 1, '422-057-575', '1970-04-12', 'lysljln@gmail.com', '43706 آل بن ظافر Ports\nLake عمر, NC 73311'),
(62, 'مرتجي', 'المهنا', 1, '053-765-447', '1976-04-21', 'kshfbqshn@hotmail.com', '177 العقيل Mall\nEast خلدون, MS 92675'),
(63, 'طالب', 'الجابر', 1, '799-194-879', '2016-06-25', 'al-rfymws@hotmail.com', '661 المهيدب Harbors Suite 582\nEast طاهر, MP 58808'),
(64, 'فارع', 'الشايع', 3, '948-174-274', '2011-04-19', 'al-hsynrsm@yahoo.com', '27218 الخرافي Glen Suite 958\nآل عايضmouth, SD 54731'),
(65, 'ساهد', 'المهيدب', 5, '639-933-014', '1971-07-28', 'hd70@hotmail.com', '91930 مهنا Stravenue Apt. 235\nPort معنtown, NM 15048'),
(66, 'أزهار', 'فصيل', 5, '933-717-954', '2013-06-23', 'hlal-swd@yahoo.com', '024 آل علي Spur Suite 819\nSouth مرسالhaven, UT 89192'),
(67, 'سجى', 'آل بن ظافر', 1, '539-401-079', '2015-02-21', 'thmnal-lshykh@yahoo.com', '3235 آل بن لافي Brooks Suite 960\nLake ثابت, TX 07553'),
(68, 'أحلام', 'آل عايض', 2, '302-925-461', '1972-07-16', 'fdlbn-ldn@yahoo.com', '225 نجم الدّين Spurs Suite 625\nمُتعبfurt, FL 95433'),
(69, 'سلاف', 'آل الشيخ', 5, '047-543-568', '2023-08-16', 'lhnbwly@yahoo.com', '12460 تالا Fork Apt. 177\nقدريchester, AL 71962'),
(70, 'سعدون', 'آل محمد بن علي بن جماز', 4, '190-946-163', '2000-02-07', 'kal-myd@hotmail.com', '58364 آل خضير Green\nكرمfort, WY 09235'),
(71, 'مرتجي', 'آل العسكري', 1, '251-001-971', '1990-11-12', 'al-sltnzky@yahoo.com', '108 فصيل Trafficway Apt. 521\nتالياland, PA 45651'),
(72, 'صارم', 'آل الشيخ', 5, '844-665-098', '1986-11-03', 'mhrlmshwl@gmail.com', 'Unit 5961 Box 9346\nDPO AP 91503'),
(73, 'عبدالرّحمن', 'آل عطفة', 4, '377-816-460', '1975-01-28', 'rbhal-qsyr@gmail.com', '03633 فارس Stream\nLake ياراbury, ME 19475'),
(74, 'جود', 'العجلان', 2, '764-443-796', '1993-12-22', 'pal-bn-lfy@hotmail.com', 'Unit 2239 Box 0830\nDPO AA 97283'),
(75, 'نشوان', 'آل محمد بن علي بن جماز', 4, '590-540-210', '2017-01-17', 'fwdal-khdyr@gmail.com', '46448 ساجد Keys\nمصباحtown, UT 19970'),
(76, 'لهفان', 'شربتلي', 2, '211-732-427', '1999-09-23', 'srm74@gmail.com', '268 الحكير Mall Apt. 542\nالعقيلshire, OK 78272'),
(77, 'فارع', 'آل خضير', 3, '215-917-086', '1990-09-23', 'bal-qsyr@hotmail.com', '33542 حجار Trail\nصالحport, MI 52337'),
(78, 'نائل', 'آل حسين', 4, '449-678-251', '1982-05-09', 'al-jfrhqwy@gmail.com', '210 بقشان Islands\nEast ريتاجfurt, NY 15293'),
(79, 'فخري', 'الجفالي', 5, '113-596-964', '2004-01-29', 'rjlmshwl@hotmail.com', '97100 المغاولة Viaduct Apt. 163\nبلقيسhaven, NY 31425'),
(80, 'عارف', 'آل جعفر', 3, '871-881-192', '2003-02-28', 'hydrbn-ldn@hotmail.com', '483 كانو Lock\nWest جوين, GA 98324'),
(81, 'عبد الشّكور', 'حنبولي', 5, '404-521-713', '2002-11-06', 'shjb-lkhyl@yahoo.com', '096 الجابر Park Apt. 507\nNew مُصلحstad, DE 31203'),
(82, 'مُتيّم', 'الحكير', 2, '098-260-522', '1995-01-31', 'trnym13@gmail.com', '0954 آل علي Ridges Suite 764\nPort بتلاء, OR 36498'),
(83, 'ياسر', 'آل عايض', 2, '231-173-675', '2007-08-04', 'al-lskryjrwh@hotmail.com', '522 أبا الخيل Summit Apt. 598\nPort جلنارbury, TN 64620'),
(84, 'ثاقب', 'آل صفوان', 5, '232-899-136', '1998-08-04', 'jml-ldwynal-sltn@yahoo.com', '550 العقيل Squares\nLake مشفقside, ND 76939'),
(85, 'معارف', 'آل جعفر', 1, '564-921-418', '2015-01-10', 'ljflydryn@gmail.com', '67993 آل الشيخ Spurs Suite 164\nLake ماياburgh, ID 89149'),
(86, 'عدوي', 'العجلان', 2, '903-558-577', '1976-08-22', 'slrshd@yahoo.com', '607 آل سلطان Cape\nSouth صدّام, TN 87478'),
(87, 'عبد الحقّ', 'أبا الخيل', 3, '512-582-389', '1992-09-16', 'rymnlshy@gmail.com', '583 عدنان Dam\nLake صاحب, LA 31016'),
(88, 'بلقيس', 'آل عايض', 1, '898-668-359', '1974-08-01', 'hsyn00@yahoo.com', 'PSC 6982, Box 7745\nAPO AP 24778'),
(89, 'ترف', 'آل رفيع', 3, '161-576-567', '2002-01-04', 'bd-lhfyz82@yahoo.com', '243 شعبان Extension\nEast نافذburgh, AL 59865'),
(90, 'راجي', 'آل قصير', 4, '507-524-331', '2015-05-30', 'llynly@hotmail.com', 'PSC 4454, Box 3627\nAPO AA 64374'),
(91, 'لمّاح', 'المهيدب', 2, '801-808-521', '1983-10-18', 'rj06@gmail.com', '65060 هايل Prairie Apt. 314\nNorth حسين, MD 20281'),
(92, 'جسور', 'الشايع', 4, '348-507-271', '2002-02-20', 'rbn-ldn@gmail.com', '1215 شربتلي Corner\nNew يمامville, OR 27047'),
(93, 'زايد', 'آل سلطان', 1, '767-486-426', '1981-07-10', 'qnt12@yahoo.com', '4899 الجابر Lane\nWest يافع, WI 66224'),
(94, 'وصاف', 'المهيدب', 4, '655-169-288', '1991-11-12', 'qlmhydb@yahoo.com', '1670 سبأ Isle Apt. 645\nNorth بيسان, WI 62001'),
(95, 'ميثاق', 'آل خضير', 3, '365-622-813', '2018-03-21', 'lmgwljml-ldwyn@gmail.com', '8657 حمزة Radial\nNew نائل, KS 50513'),
(96, 'مُتولي', 'آل العسكري', 1, '125-403-371', '1977-07-04', 'smdal-swd@hotmail.com', '988 جودي Greens\nPort فرزدق, IA 06199'),
(97, 'مجد', 'حجار', 2, '222-381-533', '1975-12-22', 'shj03@gmail.com', '345 ظاعن Mews\nNorth عربي, GA 59146'),
(98, 'عبدالرّحمن', 'حنبولي', 5, '475-492-466', '2002-04-03', 'mywdlshy@gmail.com', 'PSC 7890, Box 5596\nAPO AE 32210'),
(99, 'خطيب', 'آل بن لافي', 1, '013-436-824', '2013-02-11', 'wsfal-tf@gmail.com', '6264 ريف Shore Suite 470\nLake عائدview, TN 52740'),
(100, 'مسرور', 'الخرافي', 3, '556-470-030', '1994-04-28', 'fth56@yahoo.com', '4979 آل بن لافي Center Apt. 397\nآل بن ظافرville, MI 56499');



INSERT INTO student(id, status)
VALUES(1, 'متخرج'),
(2, 'منقطع'),
(3, 'متخرج'),
(4, 'منقطع'),
(5, 'متخرج'),
(6, 'منقطع'),
(7, 'متخرج'),
(8, 'متخرج'),
(9, 'متخرج'),
(10, 'متخرج'),
(11, 'منقطع'),
(12, 'نشط'),
(13, 'متخرج'),
(14, 'نشط'),
(15, 'متخرج'),
(16, 'متخرج'),
(17, 'متخرج'),
(18, 'منقطع'),
(19, 'متخرج'),
(20, 'متخرج'),
(21, 'نشط'),
(22, 'نشط'),
(23, 'متخرج'),
(24, 'نشط'),
(25, 'نشط'),
(26, 'متخرج'),
(27, 'متخرج'),
(28, 'متخرج'),
(29, 'منقطع'),
(30, 'متخرج'),
(31, 'نشط'),
(32, 'نشط'),
(33, 'منقطع'),
(34, 'متخرج'),
(35, 'منقطع'),
(36, 'متخرج'),
(37, 'منقطع'),
(38, 'متخرج'),
(39, 'نشط'),
(40, 'منقطع'),
(41, 'منقطع'),
(42, 'متخرج'),
(43, 'متخرج'),
(44, 'متخرج'),
(45, 'متخرج'),
(46, 'نشط'),
(47, 'منقطع'),
(48, 'متخرج'),
(49, 'نشط'),
(50, 'متخرج'),
(51, 'منقطع'),
(52, 'منقطع'),
(53, 'نشط'),
(54, 'نشط'),
(55, 'نشط'),
(56, 'منقطع'),
(57, 'منقطع'),
(58, 'منقطع'),
(59, 'منقطع'),
(60, 'نشط'),
(61, 'نشط'),
(62, 'نشط'),
(63, 'منقطع'),
(64, 'متخرج'),
(65, 'متخرج'),
(66, 'منقطع'),
(67, 'نشط'),
(68, 'نشط'),
(69, 'نشط'),
(70, 'منقطع'),
(71, 'منقطع'),
(72, 'نشط'),
(73, 'نشط'),
(74, 'نشط'),
(75, 'نشط'),
(76, 'منقطع'),
(77, 'نشط'),
(78, 'منقطع'),
(79, 'منقطع'),
(80, 'متخرج'),
(81, 'منقطع'),
(82, 'متخرج'),
(83, 'متخرج'),
(84, 'متخرج'),
(85, 'نشط'),
(86, 'نشط'),
(87, 'متخرج'),
(88, 'منقطع'),
(89, 'نشط'),
(90, 'نشط');



INSERT INTO supervisor(id, role, became_supervisor_at, retired_at)
VALUES(88, 'سبر', '2020-12-13', '2021-03-20'),
(89, 'مشرف', '1996-11-08', '2022-02-06'),
(90, 'سبر', '1994-01-09', '2011-08-03'),
(91, 'سبر', '1971-11-22', '1972-06-28'),
(92, 'مسمع', '2015-07-08', '2006-02-06'),
(93, 'مساعد', '2001-08-09', '2008-04-21'),
(94, 'مشرف', '1981-07-14', '1994-04-29'),
(95, 'مسمع', '2019-07-29', '1979-02-16'),
(96, 'مسمع', '2009-06-24', '1973-01-10'),
(97, 'مساعد', '2006-04-21', '2023-03-23'),
(98, 'مساعد', '2018-10-26', '1979-11-29'),
(99, 'مساعد', '2013-12-08', '1977-06-06'),
(100, 'سبر', '1974-05-08', '2022-03-31');



UPDATE supervisor SET assistant_id = 93 WHERE id = 94;
UPDATE supervisor SET assistant_id = 99 WHERE id = 94;
UPDATE supervisor SET assistant_id = 93 WHERE id = 91;



INSERT INTO student_supervisor(id, student_id, supervisor_id, retired_at)
VALUES(1, 1, 90, '2015-01-05'),
(2, 2, 88, '1991-01-13'),
(3, 3, 98, '2001-02-17'),
(4, 4, 98, '1980-10-26'),
(5, 5, 89, '2002-01-03'),
(6, 6, 97, '1991-10-25'),
(7, 7, 94, '2008-07-22'),
(8, 8, 92, '1990-05-17'),
(9, 9, 96, '2011-11-10'),
(10, 10, 92, '2013-10-23'),
(11, 11, 94, '2014-02-25'),
(12, 12, 99, '2004-12-07'),
(13, 13, 96, '1995-04-17'),
(14, 14, 90, '1989-08-26'),
(15, 15, 88, '1971-05-10'),
(16, 16, 100, '1983-10-26'),
(17, 17, 95, '2005-08-11'),
(18, 18, 89, '1997-12-13'),
(19, 19, 90, '2011-06-12'),
(20, 20, 92, '1982-04-29'),
(21, 21, 93, '2004-08-22'),
(22, 22, 91, '1976-08-04'),
(23, 23, 96, '2009-09-12'),
(24, 24, 92, '1979-12-19'),
(25, 25, 95, '1989-08-16'),
(26, 26, 92, '1982-07-27'),
(27, 27, 96, '1979-07-01'),
(28, 28, 88, '1990-03-22'),
(29, 29, 88, '1999-06-06'),
(30, 30, 95, '1983-07-04'),
(31, 31, 93, '2019-01-05'),
(32, 32, 96, '2015-11-30'),
(33, 33, 91, '1996-02-26'),
(34, 34, 99, '1984-08-05'),
(35, 35, 97, '2009-02-12'),
(36, 36, 97, '2000-03-24'),
(37, 37, 93, '1994-03-06'),
(38, 38, 97, '1985-11-04'),
(39, 39, 94, '1996-12-08'),
(40, 40, 93, '1982-04-04'),
(41, 41, 90, '1978-04-14'),
(42, 42, 93, '1994-02-11'),
(43, 43, 96, '2015-11-07'),
(44, 44, 89, '1972-05-05'),
(45, 45, 97, '1999-05-07'),
(46, 46, 96, '2003-06-03'),
(47, 47, 90, '1984-04-20'),
(48, 48, 92, '2005-08-16'),
(49, 49, 100, '2021-11-16'),
(50, 50, 88, '2002-06-14'),
(51, 51, 95, '1992-08-11'),
(52, 52, 92, '2008-01-27'),
(53, 53, 94, '1979-03-19'),
(54, 54, 97, '1976-04-29'),
(55, 55, 90, '1975-08-31'),
(56, 56, 88, '2022-09-10'),
(57, 57, 90, '1972-06-22'),
(58, 58, 98, '2024-03-23'),
(59, 59, 89, '2014-10-24'),
(60, 60, 95, '1970-12-17'),
(61, 61, 97, '1989-06-16'),
(62, 62, 90, '1976-10-30'),
(63, 63, 93, '1989-12-20'),
(64, 64, 98, '1975-06-29'),
(65, 65, 91, '1992-03-04'),
(66, 66, 97, '1976-07-05'),
(67, 67, 100, '1989-09-08'),
(68, 68, 88, '1980-05-03'),
(69, 69, 88, '1973-01-03'),
(70, 70, 100, '1992-05-02'),
(71, 71, 96, '2016-04-12'),
(72, 72, 91, '1972-07-04'),
(73, 73, 98, '2019-01-10'),
(74, 74, 98, '2017-10-12'),
(75, 75, 96, '1995-02-20'),
(76, 76, 89, '2018-11-06'),
(77, 77, 92, '1997-01-31'),
(78, 78, 92, '2013-10-07'),
(79, 79, 97, '1997-09-28'),
(80, 80, 96, '2023-07-31'),
(81, 81, 91, '1987-01-23'),
(82, 82, 95, '2007-12-06'),
(83, 83, 94, '1972-12-05'),
(84, 84, 100, '2024-10-30'),
(85, 85, 90, '2010-11-23'),
(86, 86, 93, '2010-12-06'),
(87, 87, 93, '1996-07-24'),
(88, 88, 98, '1998-08-21'),
(89, 89, 88, '1989-11-04'),
(90, 90, 89, '1991-07-27');
            INSERT INTO level(id, name, description, plan)
            VALUES(1, 'تلاوة', 'مستوى التجويد ضعيف', 'تلاوة 4 أجزاء على المسمع وتعلم كتاب لغتي وقرآني وعند الانتهاء ينقل للانتقالي'),
            (2, 'غيبي', 'مستوى التجويد ممتاز', 'تسميع الصفحات غيبًا وإجراء سبر لكل جزء ينهيه وعند حفظه لجميع الأجزاء يبدأ بالإجازة'),
            (3, 'انتقالي', 'مستوى التجويد جيّد', 'تعلم كتاب المنهج الموحّد في التجويد و تسميع عدد من الصفحات حاضرًا حتّى يصبح تجويده ممتازًا وبناءً على تقاريره ينقل إلى الغيبي'),
            (4, 'اجازة', 'مستوى التجويد ممتاز وتم حفظ وسبر جميع أجزاء القرآن', 'تعلّم نظم المقدمة الجزريّة وإعادة سبر جميع الأجزاء عند مسمع واحد فقط');
INSERT INTO student_level(id, level_id, student_id, reached_at)
VALUES(1, 1, 1, '2000-08-07'),
(2, 2, 2, '1981-07-16'),
(3, 1, 3, '1992-10-05'),
(4, 3, 4, '1994-01-27'),
(5, 4, 5, '1996-09-19'),
(6, 4, 6, '1985-10-13'),
(7, 3, 7, '1974-07-10'),
(8, 1, 8, '2008-06-03'),
(9, 2, 9, '1982-09-11'),
(10, 2, 10, '2000-09-22'),
(11, 2, 11, '1984-05-22'),
(12, 3, 12, '2007-02-26'),
(13, 2, 13, '1980-01-13'),
(14, 1, 14, '2001-01-17'),
(15, 3, 15, '2019-11-23'),
(16, 1, 16, '1973-08-02'),
(17, 3, 17, '1979-01-20'),
(18, 1, 18, '2015-03-04'),
(19, 1, 19, '1985-01-18'),
(20, 4, 20, '1991-05-02'),
(21, 3, 21, '2012-10-13'),
(22, 1, 22, '2014-09-19'),
(23, 3, 23, '2022-05-05'),
(24, 1, 24, '1971-08-16'),
(25, 2, 25, '1974-12-15'),
(26, 2, 26, '1983-01-17'),
(27, 2, 27, '2007-03-05'),
(28, 1, 28, '2016-01-13'),
(29, 3, 29, '2009-11-14'),
(30, 2, 30, '2013-09-19'),
(31, 3, 31, '2013-12-18'),
(32, 3, 32, '2002-05-20'),
(33, 1, 33, '2020-12-08'),
(34, 2, 34, '2005-12-06'),
(35, 2, 35, '1979-06-15'),
(36, 2, 36, '1988-11-02'),
(37, 2, 37, '1996-09-02'),
(38, 1, 38, '1998-08-17'),
(39, 1, 39, '1973-12-14'),
(40, 2, 40, '1998-08-06'),
(41, 2, 41, '2000-03-04'),
(42, 3, 42, '1971-11-06'),
(43, 2, 43, '1984-08-11'),
(44, 4, 44, '1997-04-13'),
(45, 3, 45, '1994-04-17'),
(46, 4, 46, '2016-05-26'),
(47, 2, 47, '1978-03-02'),
(48, 3, 48, '1997-07-12'),
(49, 3, 49, '2020-05-07'),
(50, 4, 50, '2019-05-13'),
(51, 1, 51, '2002-02-25'),
(52, 3, 52, '1972-01-19'),
(53, 3, 53, '2001-10-30'),
(54, 1, 54, '2023-01-26'),
(55, 2, 55, '2002-01-15'),
(56, 2, 56, '1985-09-04'),
(57, 4, 57, '1985-05-28'),
(58, 4, 58, '2022-01-16'),
(59, 1, 59, '1974-04-05'),
(60, 2, 60, '2008-12-07'),
(61, 4, 61, '1996-10-30'),
(62, 4, 62, '2025-03-30'),
(63, 2, 63, '1989-04-29'),
(64, 1, 64, '2000-11-22'),
(65, 3, 65, '2013-09-18'),
(66, 2, 66, '2001-06-09'),
(67, 3, 67, '1998-10-26'),
(68, 3, 68, '1972-08-09'),
(69, 1, 69, '1974-08-15'),
(70, 2, 70, '1979-08-03'),
(71, 4, 71, '1972-10-16'),
(72, 4, 72, '2018-03-25'),
(73, 3, 73, '2014-12-16'),
(74, 3, 74, '2012-11-05'),
(75, 1, 75, '1972-08-14'),
(76, 4, 76, '2016-04-11'),
(77, 3, 77, '2009-04-08'),
(78, 2, 78, '1971-12-27'),
(79, 1, 79, '1989-11-07'),
(80, 3, 80, '1997-04-27'),
(81, 3, 81, '2003-01-02'),
(82, 1, 82, '1986-09-16'),
(83, 3, 83, '1989-03-03'),
(84, 1, 84, '1983-04-12'),
(85, 2, 85, '2023-10-26'),
(86, 4, 86, '2022-09-06'),
(87, 2, 87, '1975-07-16'),
(88, 4, 88, '1971-12-02'),
(89, 2, 89, '2002-11-08'),
(90, 1, 90, '2013-12-04');
            INSERT INTO error(id, error_type, score)
            VALUES(1, 'تجويدي', -2),
            (2, 'حفظي', -3),
            (3, 'تشكيلي', -4);
INSERT INTO report(id, student_supervisor_id, student_level_id, start_page, qty)
VALUES(1, 1, 30, '126', '15'),
(2, 1, 11, '158', '3'),
(3, 1, 6, '53', '10'),
(4, 1, 53, '444', '13'),
(5, 1, 26, '239', '16'),
(6, 1, 26, '568', '19'),
(7, 1, 86, '498', '3'),
(8, 1, 22, '355', '13'),
(9, 1, 84, '517', '5'),
(10, 1, 71, '391', '6'),
(11, 2, 36, '420', '9'),
(12, 2, 31, '332', '9'),
(13, 2, 46, '449', '18'),
(14, 2, 7, '18', '11'),
(15, 2, 44, '129', '6'),
(16, 2, 43, '211', '11'),
(17, 2, 50, '16', '15'),
(18, 2, 88, '572', '21'),
(19, 2, 79, '420', '9'),
(20, 2, 27, '10', '10'),
(21, 3, 74, '572', '15'),
(22, 3, 40, '72', '6'),
(23, 3, 52, '229', '15'),
(24, 3, 76, '514', '20'),
(25, 3, 46, '540', '5'),
(26, 3, 15, '293', '11'),
(27, 3, 71, '419', '20'),
(28, 3, 29, '386', '21'),
(29, 3, 53, '322', '12'),
(30, 3, 24, '348', '7'),
(31, 4, 6, '279', '3'),
(32, 4, 6, '489', '9'),
(33, 4, 19, '551', '6'),
(34, 4, 77, '55', '15'),
(35, 4, 84, '292', '9'),
(36, 4, 7, '146', '12'),
(37, 4, 57, '207', '5'),
(38, 4, 89, '148', '14'),
(39, 4, 55, '282', '3'),
(40, 4, 22, '142', '19'),
(41, 5, 23, '505', '15'),
(42, 5, 22, '604', '4'),
(43, 5, 13, '228', '15'),
(44, 5, 49, '155', '14'),
(45, 5, 49, '3', '19'),
(46, 5, 26, '571', '5'),
(47, 5, 24, '77', '15'),
(48, 5, 9, '422', '14'),
(49, 5, 82, '235', '6'),
(50, 5, 40, '351', '20'),
(51, 6, 75, '346', '20'),
(52, 6, 65, '591', '16'),
(53, 6, 76, '145', '16'),
(54, 6, 59, '134', '6'),
(55, 6, 42, '346', '12'),
(56, 6, 58, '553', '14'),
(57, 6, 5, '62', '12'),
(58, 6, 24, '314', '5'),
(59, 6, 79, '113', '8'),
(60, 6, 27, '141', '7'),
(61, 7, 42, '585', '21'),
(62, 7, 65, '484', '12'),
(63, 7, 8, '185', '13'),
(64, 7, 73, '564', '15'),
(65, 7, 12, '76', '6'),
(66, 7, 41, '44', '7'),
(67, 7, 37, '12', '13'),
(68, 7, 8, '439', '15'),
(69, 7, 3, '214', '9'),
(70, 7, 50, '523', '10'),
(71, 8, 38, '513', '9'),
(72, 8, 70, '595', '18'),
(73, 8, 57, '592', '21'),
(74, 8, 38, '8', '9'),
(75, 8, 17, '599', '10'),
(76, 8, 41, '541', '8'),
(77, 8, 35, '22', '4'),
(78, 8, 83, '526', '13'),
(79, 8, 75, '152', '5'),
(80, 8, 10, '565', '11'),
(81, 9, 10, '119', '19'),
(82, 9, 33, '135', '3'),
(83, 9, 8, '579', '3'),
(84, 9, 11, '296', '6'),
(85, 9, 54, '467', '14'),
(86, 9, 81, '23', '13'),
(87, 9, 13, '220', '9'),
(88, 9, 60, '396', '8'),
(89, 9, 18, '545', '12'),
(90, 9, 24, '415', '16'),
(91, 10, 70, '391', '12'),
(92, 10, 29, '185', '15'),
(93, 10, 64, '329', '15'),
(94, 10, 52, '555', '4'),
(95, 10, 41, '8', '6'),
(96, 10, 73, '295', '19'),
(97, 10, 81, '323', '16'),
(98, 10, 5, '457', '16'),
(99, 10, 73, '160', '9'),
(100, 10, 33, '554', '20'),
(101, 11, 32, '401', '13'),
(102, 11, 61, '282', '10'),
(103, 11, 45, '377', '4'),
(104, 11, 50, '265', '5'),
(105, 11, 23, '385', '3'),
(106, 11, 74, '444', '6'),
(107, 11, 61, '555', '19'),
(108, 11, 17, '277', '4'),
(109, 11, 16, '583', '17'),
(110, 11, 64, '294', '17'),
(111, 12, 90, '507', '20'),
(112, 12, 75, '99', '11'),
(113, 12, 89, '85', '11'),
(114, 12, 37, '141', '11'),
(115, 12, 49, '396', '4'),
(116, 12, 83, '324', '19'),
(117, 12, 56, '314', '5'),
(118, 12, 54, '457', '18'),
(119, 12, 4, '217', '6'),
(120, 12, 71, '527', '15'),
(121, 13, 58, '311', '16'),
(122, 13, 31, '353', '11'),
(123, 13, 42, '68', '9'),
(124, 13, 20, '387', '11'),
(125, 13, 7, '284', '8'),
(126, 13, 50, '227', '17'),
(127, 13, 87, '269', '14'),
(128, 13, 9, '465', '3'),
(129, 13, 6, '70', '6'),
(130, 13, 30, '419', '19'),
(131, 14, 37, '289', '9'),
(132, 14, 68, '36', '21'),
(133, 14, 5, '111', '12'),
(134, 14, 68, '478', '6'),
(135, 14, 60, '283', '13'),
(136, 14, 65, '126', '17'),
(137, 14, 30, '324', '12'),
(138, 14, 82, '68', '3'),
(139, 14, 37, '539', '12'),
(140, 14, 68, '319', '5'),
(141, 15, 15, '509', '14'),
(142, 15, 74, '325', '10'),
(143, 15, 10, '518', '6'),
(144, 15, 42, '38', '4'),
(145, 15, 1, '594', '21'),
(146, 15, 54, '515', '10'),
(147, 15, 45, '186', '8'),
(148, 15, 56, '572', '16'),
(149, 15, 55, '152', '7'),
(150, 15, 18, '594', '19'),
(151, 16, 21, '407', '16'),
(152, 16, 8, '19', '8'),
(153, 16, 17, '224', '18'),
(154, 16, 47, '366', '8'),
(155, 16, 16, '164', '10'),
(156, 16, 6, '181', '3'),
(157, 16, 37, '143', '7'),
(158, 16, 43, '601', '20'),
(159, 16, 77, '66', '14'),
(160, 16, 18, '173', '7'),
(161, 17, 35, '533', '9'),
(162, 17, 50, '301', '6'),
(163, 17, 40, '404', '10'),
(164, 17, 48, '248', '15'),
(165, 17, 80, '368', '14'),
(166, 17, 9, '268', '15'),
(167, 17, 46, '493', '6'),
(168, 17, 4, '253', '18'),
(169, 17, 82, '508', '17'),
(170, 17, 46, '289', '3'),
(171, 18, 64, '311', '11'),
(172, 18, 70, '520', '19'),
(173, 18, 77, '198', '13'),
(174, 18, 6, '70', '12'),
(175, 18, 90, '265', '21'),
(176, 18, 52, '467', '8'),
(177, 18, 27, '128', '3'),
(178, 18, 66, '29', '8'),
(179, 18, 15, '461', '18'),
(180, 18, 77, '205', '15'),
(181, 19, 30, '521', '16'),
(182, 19, 22, '195', '11'),
(183, 19, 4, '134', '8'),
(184, 19, 85, '485', '7'),
(185, 19, 20, '587', '5'),
(186, 19, 80, '489', '14'),
(187, 19, 47, '416', '7'),
(188, 19, 18, '324', '8'),
(189, 19, 82, '364', '8'),
(190, 19, 61, '260', '14'),
(191, 20, 13, '8', '10'),
(192, 20, 85, '299', '12'),
(193, 20, 26, '188', '17'),
(194, 20, 61, '250', '8'),
(195, 20, 45, '51', '11'),
(196, 20, 28, '182', '20'),
(197, 20, 87, '546', '21'),
(198, 20, 59, '175', '20'),
(199, 20, 51, '4', '14'),
(200, 20, 2, '152', '10'),
(201, 21, 50, '314', '14'),
(202, 21, 32, '329', '6'),
(203, 21, 80, '121', '15'),
(204, 21, 27, '122', '16'),
(205, 21, 58, '239', '8'),
(206, 21, 25, '321', '6'),
(207, 21, 28, '549', '12'),
(208, 21, 49, '226', '16'),
(209, 21, 12, '246', '12'),
(210, 21, 82, '570', '20'),
(211, 22, 44, '321', '3'),
(212, 22, 31, '365', '8'),
(213, 22, 71, '293', '20'),
(214, 22, 37, '80', '3'),
(215, 22, 43, '570', '9'),
(216, 22, 23, '541', '11'),
(217, 22, 71, '404', '15'),
(218, 22, 70, '189', '8'),
(219, 22, 13, '549', '11'),
(220, 22, 59, '490', '4'),
(221, 23, 55, '209', '11'),
(222, 23, 32, '345', '15'),
(223, 23, 82, '483', '12'),
(224, 23, 22, '57', '4'),
(225, 23, 27, '501', '6'),
(226, 23, 52, '276', '3'),
(227, 23, 82, '43', '11'),
(228, 23, 37, '59', '13'),
(229, 23, 27, '592', '18'),
(230, 23, 23, '109', '15'),
(231, 24, 87, '586', '4'),
(232, 24, 67, '570', '15'),
(233, 24, 14, '279', '7'),
(234, 24, 60, '289', '13'),
(235, 24, 37, '309', '10'),
(236, 24, 83, '279', '19'),
(237, 24, 51, '539', '7'),
(238, 24, 5, '259', '21'),
(239, 24, 16, '302', '7'),
(240, 24, 84, '296', '13'),
(241, 25, 32, '432', '14'),
(242, 25, 61, '318', '11'),
(243, 25, 17, '301', '17'),
(244, 25, 38, '127', '21'),
(245, 25, 74, '498', '3'),
(246, 25, 80, '316', '12'),
(247, 25, 1, '31', '6'),
(248, 25, 59, '425', '13'),
(249, 25, 34, '318', '5'),
(250, 25, 37, '309', '3'),
(251, 26, 65, '62', '9'),
(252, 26, 18, '328', '15'),
(253, 26, 72, '502', '7'),
(254, 26, 86, '34', '17'),
(255, 26, 58, '254', '16'),
(256, 26, 25, '164', '19'),
(257, 26, 59, '580', '20'),
(258, 26, 70, '111', '14'),
(259, 26, 88, '270', '6'),
(260, 26, 61, '337', '20'),
(261, 27, 63, '142', '3'),
(262, 27, 75, '385', '3'),
(263, 27, 45, '26', '18'),
(264, 27, 76, '476', '12'),
(265, 27, 66, '382', '12'),
(266, 27, 22, '106', '20'),
(267, 27, 15, '379', '11'),
(268, 27, 64, '452', '8'),
(269, 27, 40, '457', '15'),
(270, 27, 38, '25', '11'),
(271, 28, 70, '269', '8'),
(272, 28, 4, '193', '12'),
(273, 28, 23, '530', '16'),
(274, 28, 15, '285', '21'),
(275, 28, 25, '210', '3'),
(276, 28, 8, '448', '8'),
(277, 28, 40, '124', '6'),
(278, 28, 37, '11', '6'),
(279, 28, 40, '154', '12'),
(280, 28, 24, '563', '13'),
(281, 29, 42, '270', '11'),
(282, 29, 43, '232', '21'),
(283, 29, 5, '380', '13'),
(284, 29, 33, '118', '4'),
(285, 29, 68, '257', '15'),
(286, 29, 27, '158', '18'),
(287, 29, 7, '263', '8'),
(288, 29, 49, '124', '15'),
(289, 29, 16, '386', '4'),
(290, 29, 57, '74', '14'),
(291, 30, 72, '230', '7'),
(292, 30, 23, '80', '17'),
(293, 30, 52, '440', '11'),
(294, 30, 14, '130', '18'),
(295, 30, 66, '193', '18'),
(296, 30, 53, '529', '3'),
(297, 30, 11, '579', '3'),
(298, 30, 34, '482', '6'),
(299, 30, 32, '391', '7'),
(300, 30, 20, '283', '6'),
(301, 31, 36, '314', '16'),
(302, 31, 90, '491', '7'),
(303, 31, 72, '458', '6'),
(304, 31, 39, '584', '16'),
(305, 31, 48, '522', '12'),
(306, 31, 17, '578', '7'),
(307, 31, 27, '565', '9'),
(308, 31, 28, '402', '15'),
(309, 31, 86, '501', '8'),
(310, 31, 53, '12', '17'),
(311, 32, 1, '544', '14'),
(312, 32, 63, '323', '15'),
(313, 32, 20, '595', '17'),
(314, 32, 63, '585', '15'),
(315, 32, 3, '95', '10'),
(316, 32, 10, '218', '6'),
(317, 32, 28, '185', '20'),
(318, 32, 5, '594', '16'),
(319, 32, 55, '5', '14'),
(320, 32, 44, '142', '8'),
(321, 33, 78, '378', '18'),
(322, 33, 2, '43', '19'),
(323, 33, 29, '44', '3'),
(324, 33, 71, '26', '6'),
(325, 33, 44, '348', '13'),
(326, 33, 64, '584', '18'),
(327, 33, 71, '539', '11'),
(328, 33, 26, '523', '7'),
(329, 33, 53, '72', '21'),
(330, 33, 60, '459', '15'),
(331, 34, 47, '597', '6'),
(332, 34, 82, '420', '8'),
(333, 34, 43, '214', '4'),
(334, 34, 27, '345', '4'),
(335, 34, 41, '328', '3'),
(336, 34, 54, '577', '19'),
(337, 34, 3, '98', '13'),
(338, 34, 66, '529', '16'),
(339, 34, 36, '452', '12'),
(340, 34, 50, '341', '15'),
(341, 35, 22, '378', '8'),
(342, 35, 54, '45', '17'),
(343, 35, 51, '436', '15'),
(344, 35, 20, '481', '9'),
(345, 35, 30, '2', '11'),
(346, 35, 50, '202', '8'),
(347, 35, 80, '194', '16'),
(348, 35, 39, '306', '18'),
(349, 35, 18, '203', '11'),
(350, 35, 88, '119', '11'),
(351, 36, 27, '447', '6'),
(352, 36, 68, '330', '14'),
(353, 36, 75, '295', '9'),
(354, 36, 3, '34', '13'),
(355, 36, 74, '74', '19'),
(356, 36, 17, '388', '21'),
(357, 36, 87, '139', '3'),
(358, 36, 15, '110', '13'),
(359, 36, 67, '316', '10'),
(360, 36, 11, '304', '12'),
(361, 37, 37, '264', '10'),
(362, 37, 90, '482', '20'),
(363, 37, 23, '500', '21'),
(364, 37, 63, '318', '9'),
(365, 37, 6, '44', '14'),
(366, 37, 27, '593', '13'),
(367, 37, 27, '297', '12'),
(368, 37, 69, '407', '11'),
(369, 37, 40, '95', '12'),
(370, 37, 79, '536', '16'),
(371, 38, 21, '513', '17'),
(372, 38, 15, '301', '21'),
(373, 38, 78, '208', '6'),
(374, 38, 58, '578', '13'),
(375, 38, 69, '338', '19'),
(376, 38, 61, '77', '9'),
(377, 38, 38, '257', '11'),
(378, 38, 6, '123', '7'),
(379, 38, 4, '209', '20'),
(380, 38, 34, '75', '21'),
(381, 39, 41, '428', '9'),
(382, 39, 89, '468', '9'),
(383, 39, 10, '333', '15'),
(384, 39, 72, '525', '12'),
(385, 39, 56, '379', '8'),
(386, 39, 2, '566', '14'),
(387, 39, 83, '358', '9'),
(388, 39, 36, '82', '11'),
(389, 39, 67, '265', '4'),
(390, 39, 44, '189', '6'),
(391, 40, 76, '78', '11'),
(392, 40, 74, '244', '19'),
(393, 40, 16, '368', '20'),
(394, 40, 39, '570', '3'),
(395, 40, 50, '425', '10'),
(396, 40, 20, '457', '14'),
(397, 40, 77, '166', '17'),
(398, 40, 79, '586', '8'),
(399, 40, 90, '311', '6'),
(400, 40, 86, '74', '5'),
(401, 41, 60, '516', '7'),
(402, 41, 68, '287', '6'),
(403, 41, 49, '442', '13'),
(404, 41, 70, '164', '7'),
(405, 41, 20, '7', '8'),
(406, 41, 61, '301', '17'),
(407, 41, 86, '335', '19'),
(408, 41, 10, '390', '5'),
(409, 41, 28, '498', '4'),
(410, 41, 50, '470', '17'),
(411, 42, 54, '107', '13'),
(412, 42, 9, '447', '14'),
(413, 42, 15, '455', '17'),
(414, 42, 9, '391', '15'),
(415, 42, 29, '301', '15'),
(416, 42, 75, '505', '19'),
(417, 42, 33, '241', '10'),
(418, 42, 50, '544', '6'),
(419, 42, 74, '193', '10'),
(420, 42, 25, '481', '18'),
(421, 43, 51, '588', '6'),
(422, 43, 80, '374', '4'),
(423, 43, 6, '544', '5'),
(424, 43, 55, '586', '17'),
(425, 43, 43, '588', '9'),
(426, 43, 86, '389', '11'),
(427, 43, 87, '100', '8'),
(428, 43, 1, '317', '10'),
(429, 43, 20, '413', '15'),
(430, 43, 29, '9', '9'),
(431, 44, 37, '545', '14'),
(432, 44, 43, '44', '3'),
(433, 44, 35, '387', '20'),
(434, 44, 41, '184', '9'),
(435, 44, 22, '27', '5'),
(436, 44, 44, '560', '16'),
(437, 44, 47, '478', '4'),
(438, 44, 6, '451', '3'),
(439, 44, 74, '586', '3'),
(440, 44, 44, '88', '21'),
(441, 45, 23, '184', '16'),
(442, 45, 60, '328', '6'),
(443, 45, 23, '297', '5'),
(444, 45, 28, '29', '21'),
(445, 45, 90, '34', '7'),
(446, 45, 56, '574', '19'),
(447, 45, 45, '97', '16'),
(448, 45, 40, '527', '19'),
(449, 45, 37, '292', '5'),
(450, 45, 28, '383', '14'),
(451, 46, 40, '418', '20'),
(452, 46, 29, '148', '7'),
(453, 46, 60, '571', '11'),
(454, 46, 14, '288', '19'),
(455, 46, 23, '251', '11'),
(456, 46, 65, '551', '12'),
(457, 46, 16, '577', '11'),
(458, 46, 32, '257', '21'),
(459, 46, 47, '594', '10'),
(460, 46, 55, '95', '13'),
(461, 47, 24, '284', '20'),
(462, 47, 89, '194', '16'),
(463, 47, 18, '265', '4'),
(464, 47, 86, '142', '13'),
(465, 47, 14, '213', '11'),
(466, 47, 86, '194', '11'),
(467, 47, 66, '588', '5'),
(468, 47, 7, '34', '10'),
(469, 47, 1, '438', '7'),
(470, 47, 11, '353', '21'),
(471, 48, 20, '591', '21'),
(472, 48, 84, '39', '5'),
(473, 48, 14, '31', '18'),
(474, 48, 18, '87', '17'),
(475, 48, 14, '312', '6'),
(476, 48, 66, '418', '18'),
(477, 48, 13, '199', '8'),
(478, 48, 26, '284', '5'),
(479, 48, 73, '102', '18'),
(480, 48, 57, '190', '9'),
(481, 49, 17, '363', '8'),
(482, 49, 2, '507', '14'),
(483, 49, 90, '443', '6'),
(484, 49, 7, '219', '7'),
(485, 49, 49, '282', '3'),
(486, 49, 11, '80', '15'),
(487, 49, 85, '161', '7'),
(488, 49, 23, '569', '15'),
(489, 49, 28, '558', '7'),
(490, 49, 22, '91', '15'),
(491, 50, 87, '336', '11'),
(492, 50, 31, '517', '4'),
(493, 50, 57, '527', '20'),
(494, 50, 42, '121', '19'),
(495, 50, 88, '439', '13'),
(496, 50, 45, '354', '14'),
(497, 50, 12, '181', '20'),
(498, 50, 63, '302', '20'),
(499, 50, 54, '277', '4'),
(500, 50, 38, '546', '19'),
(501, 51, 48, '261', '11'),
(502, 51, 44, '366', '5'),
(503, 51, 88, '502', '18'),
(504, 51, 61, '271', '16'),
(505, 51, 60, '190', '4'),
(506, 51, 72, '149', '21'),
(507, 51, 3, '78', '6'),
(508, 51, 43, '166', '4'),
(509, 51, 16, '535', '14'),
(510, 51, 49, '585', '18'),
(511, 52, 65, '557', '9'),
(512, 52, 71, '413', '4'),
(513, 52, 51, '350', '8'),
(514, 52, 49, '471', '21'),
(515, 52, 43, '140', '6'),
(516, 52, 7, '446', '21'),
(517, 52, 12, '268', '20'),
(518, 52, 54, '282', '21'),
(519, 52, 81, '308', '9'),
(520, 52, 16, '565', '15'),
(521, 53, 22, '2', '21'),
(522, 53, 86, '491', '11'),
(523, 53, 10, '437', '14'),
(524, 53, 37, '387', '21'),
(525, 53, 50, '601', '21'),
(526, 53, 73, '6', '19'),
(527, 53, 50, '349', '10'),
(528, 53, 53, '293', '3'),
(529, 53, 26, '110', '14'),
(530, 53, 8, '371', '13'),
(531, 54, 22, '103', '13'),
(532, 54, 72, '520', '4'),
(533, 54, 36, '578', '6'),
(534, 54, 16, '28', '11'),
(535, 54, 44, '481', '9'),
(536, 54, 76, '602', '20'),
(537, 54, 27, '409', '12'),
(538, 54, 31, '406', '13'),
(539, 54, 20, '594', '9'),
(540, 54, 53, '208', '19'),
(541, 55, 1, '108', '15'),
(542, 55, 50, '561', '21'),
(543, 55, 67, '70', '4'),
(544, 55, 89, '540', '15'),
(545, 55, 47, '456', '11'),
(546, 55, 49, '403', '15'),
(547, 55, 32, '469', '14'),
(548, 55, 31, '269', '6'),
(549, 55, 29, '525', '15'),
(550, 55, 52, '268', '12'),
(551, 56, 64, '369', '13'),
(552, 56, 48, '341', '6'),
(553, 56, 74, '74', '3'),
(554, 56, 62, '212', '12'),
(555, 56, 78, '444', '21'),
(556, 56, 18, '554', '6'),
(557, 56, 21, '293', '21'),
(558, 56, 71, '211', '20'),
(559, 56, 48, '240', '20'),
(560, 56, 83, '470', '9'),
(561, 57, 21, '604', '13'),
(562, 57, 50, '53', '10'),
(563, 57, 72, '252', '21'),
(564, 57, 7, '414', '6'),
(565, 57, 82, '411', '16'),
(566, 57, 18, '114', '21'),
(567, 57, 62, '474', '10'),
(568, 57, 30, '180', '17'),
(569, 57, 26, '402', '4'),
(570, 57, 16, '28', '5'),
(571, 58, 74, '130', '8'),
(572, 58, 69, '54', '20'),
(573, 58, 36, '150', '8'),
(574, 58, 16, '71', '14'),
(575, 58, 83, '223', '12'),
(576, 58, 28, '456', '12'),
(577, 58, 58, '446', '9'),
(578, 58, 6, '95', '16'),
(579, 58, 26, '197', '13'),
(580, 58, 6, '329', '5'),
(581, 59, 54, '143', '4'),
(582, 59, 24, '308', '16'),
(583, 59, 3, '373', '6'),
(584, 59, 63, '511', '13'),
(585, 59, 32, '472', '14'),
(586, 59, 15, '330', '18'),
(587, 59, 24, '150', '10'),
(588, 59, 26, '523', '3'),
(589, 59, 22, '555', '9'),
(590, 59, 15, '85', '15'),
(591, 60, 18, '359', '6'),
(592, 60, 73, '279', '19'),
(593, 60, 13, '219', '12'),
(594, 60, 16, '349', '10'),
(595, 60, 43, '45', '16'),
(596, 60, 27, '64', '3'),
(597, 60, 48, '373', '11'),
(598, 60, 31, '222', '9'),
(599, 60, 40, '572', '10'),
(600, 60, 42, '456', '12'),
(601, 61, 24, '118', '10'),
(602, 61, 2, '296', '14'),
(603, 61, 79, '98', '14'),
(604, 61, 85, '424', '17'),
(605, 61, 13, '136', '3'),
(606, 61, 12, '410', '21'),
(607, 61, 44, '320', '15'),
(608, 61, 3, '60', '10'),
(609, 61, 77, '596', '7'),
(610, 61, 66, '504', '13'),
(611, 62, 80, '156', '11'),
(612, 62, 62, '290', '5'),
(613, 62, 75, '538', '17'),
(614, 62, 62, '172', '18'),
(615, 62, 86, '213', '21'),
(616, 62, 29, '236', '7'),
(617, 62, 17, '56', '10'),
(618, 62, 18, '604', '13'),
(619, 62, 52, '411', '20'),
(620, 62, 2, '70', '14'),
(621, 63, 42, '222', '3'),
(622, 63, 90, '555', '6'),
(623, 63, 86, '582', '4'),
(624, 63, 60, '63', '14'),
(625, 63, 46, '298', '11'),
(626, 63, 8, '497', '12'),
(627, 63, 44, '386', '17'),
(628, 63, 56, '309', '18'),
(629, 63, 21, '300', '6'),
(630, 63, 79, '506', '10'),
(631, 64, 37, '382', '15'),
(632, 64, 57, '579', '18'),
(633, 64, 63, '95', '20'),
(634, 64, 71, '446', '7'),
(635, 64, 31, '140', '20'),
(636, 64, 12, '388', '15'),
(637, 64, 24, '577', '7'),
(638, 64, 21, '96', '9'),
(639, 64, 43, '202', '12'),
(640, 64, 87, '71', '13'),
(641, 65, 6, '557', '4'),
(642, 65, 31, '349', '16'),
(643, 65, 70, '563', '15'),
(644, 65, 20, '22', '17'),
(645, 65, 3, '197', '16'),
(646, 65, 47, '164', '10'),
(647, 65, 70, '410', '19'),
(648, 65, 68, '486', '4'),
(649, 65, 85, '450', '17'),
(650, 65, 16, '258', '15'),
(651, 66, 15, '488', '10'),
(652, 66, 72, '363', '18'),
(653, 66, 13, '79', '10'),
(654, 66, 55, '315', '5'),
(655, 66, 54, '325', '6'),
(656, 66, 43, '77', '3'),
(657, 66, 52, '197', '6'),
(658, 66, 10, '585', '15'),
(659, 66, 21, '375', '17'),
(660, 66, 69, '527', '20'),
(661, 67, 64, '117', '21'),
(662, 67, 88, '103', '16'),
(663, 67, 38, '569', '9'),
(664, 67, 19, '476', '17'),
(665, 67, 41, '72', '12'),
(666, 67, 25, '370', '4'),
(667, 67, 45, '393', '19'),
(668, 67, 25, '601', '17'),
(669, 67, 32, '198', '3'),
(670, 67, 50, '284', '19'),
(671, 68, 52, '40', '12'),
(672, 68, 57, '242', '11'),
(673, 68, 31, '503', '8'),
(674, 68, 14, '130', '14'),
(675, 68, 14, '259', '15'),
(676, 68, 52, '402', '4'),
(677, 68, 17, '80', '5'),
(678, 68, 49, '453', '10'),
(679, 68, 47, '370', '16'),
(680, 68, 3, '49', '15'),
(681, 69, 35, '478', '4'),
(682, 69, 60, '368', '8'),
(683, 69, 53, '341', '12'),
(684, 69, 90, '405', '21'),
(685, 69, 12, '324', '6'),
(686, 69, 55, '420', '13'),
(687, 69, 83, '245', '4'),
(688, 69, 18, '468', '17'),
(689, 69, 47, '437', '16'),
(690, 69, 8, '454', '18'),
(691, 70, 10, '369', '8'),
(692, 70, 84, '100', '8'),
(693, 70, 9, '341', '16'),
(694, 70, 80, '390', '12'),
(695, 70, 64, '469', '11'),
(696, 70, 4, '502', '9'),
(697, 70, 84, '352', '18'),
(698, 70, 45, '234', '10'),
(699, 70, 57, '238', '4'),
(700, 70, 7, '26', '20'),
(701, 71, 43, '573', '19'),
(702, 71, 63, '415', '15'),
(703, 71, 52, '465', '5'),
(704, 71, 9, '163', '14'),
(705, 71, 31, '417', '20'),
(706, 71, 6, '35', '12'),
(707, 71, 55, '409', '20'),
(708, 71, 85, '443', '8'),
(709, 71, 73, '351', '11'),
(710, 71, 3, '68', '14'),
(711, 72, 69, '79', '4'),
(712, 72, 81, '158', '7'),
(713, 72, 8, '19', '3'),
(714, 72, 15, '567', '20'),
(715, 72, 18, '249', '13'),
(716, 72, 55, '97', '9'),
(717, 72, 70, '295', '14'),
(718, 72, 42, '388', '6'),
(719, 72, 84, '96', '13'),
(720, 72, 78, '325', '5'),
(721, 73, 4, '285', '13'),
(722, 73, 52, '238', '3'),
(723, 73, 48, '287', '7'),
(724, 73, 35, '179', '20'),
(725, 73, 39, '530', '15'),
(726, 73, 33, '522', '16'),
(727, 73, 85, '57', '11'),
(728, 73, 23, '158', '4'),
(729, 73, 14, '329', '16'),
(730, 73, 40, '202', '15'),
(731, 74, 2, '466', '14'),
(732, 74, 13, '27', '14'),
(733, 74, 60, '352', '5'),
(734, 74, 9, '252', '3'),
(735, 74, 4, '353', '3'),
(736, 74, 71, '213', '11'),
(737, 74, 83, '42', '4'),
(738, 74, 59, '164', '8'),
(739, 74, 19, '445', '9'),
(740, 74, 7, '113', '3'),
(741, 75, 63, '580', '9'),
(742, 75, 84, '547', '12'),
(743, 75, 1, '227', '3'),
(744, 75, 40, '236', '21'),
(745, 75, 76, '98', '13'),
(746, 75, 67, '488', '20'),
(747, 75, 38, '74', '13'),
(748, 75, 70, '125', '18'),
(749, 75, 64, '126', '19'),
(750, 75, 5, '418', '20'),
(751, 76, 60, '319', '16'),
(752, 76, 10, '12', '12'),
(753, 76, 85, '426', '5'),
(754, 76, 68, '163', '9'),
(755, 76, 70, '290', '11'),
(756, 76, 76, '600', '15'),
(757, 76, 12, '207', '18'),
(758, 76, 15, '505', '9'),
(759, 76, 16, '557', '20'),
(760, 76, 69, '361', '8'),
(761, 77, 4, '247', '9'),
(762, 77, 46, '375', '12'),
(763, 77, 49, '28', '9'),
(764, 77, 73, '412', '8'),
(765, 77, 77, '415', '8'),
(766, 77, 51, '573', '13'),
(767, 77, 55, '316', '7'),
(768, 77, 31, '488', '6'),
(769, 77, 3, '273', '19'),
(770, 77, 18, '19', '11'),
(771, 78, 66, '365', '15'),
(772, 78, 59, '241', '18'),
(773, 78, 45, '20', '7'),
(774, 78, 88, '206', '12'),
(775, 78, 15, '602', '3'),
(776, 78, 52, '290', '12'),
(777, 78, 62, '73', '9'),
(778, 78, 53, '362', '21'),
(779, 78, 24, '600', '7'),
(780, 78, 7, '518', '5'),
(781, 79, 29, '438', '20'),
(782, 79, 28, '489', '3'),
(783, 79, 79, '503', '8'),
(784, 79, 69, '201', '13'),
(785, 79, 61, '562', '3'),
(786, 79, 49, '154', '11'),
(787, 79, 80, '311', '19'),
(788, 79, 44, '32', '7'),
(789, 79, 23, '563', '17'),
(790, 79, 67, '572', '6'),
(791, 80, 27, '591', '8'),
(792, 80, 51, '563', '9'),
(793, 80, 46, '390', '10'),
(794, 80, 10, '343', '8'),
(795, 80, 70, '76', '19'),
(796, 80, 4, '586', '13'),
(797, 80, 19, '184', '5'),
(798, 80, 34, '568', '13'),
(799, 80, 83, '327', '14'),
(800, 80, 10, '190', '21'),
(801, 81, 83, '325', '11'),
(802, 81, 11, '76', '8'),
(803, 81, 15, '166', '3'),
(804, 81, 56, '490', '18'),
(805, 81, 80, '260', '18'),
(806, 81, 25, '419', '18'),
(807, 81, 56, '594', '6'),
(808, 81, 57, '175', '21'),
(809, 81, 27, '301', '18'),
(810, 81, 8, '291', '11'),
(811, 82, 89, '178', '8'),
(812, 82, 11, '215', '21'),
(813, 82, 50, '385', '21'),
(814, 82, 54, '438', '9'),
(815, 82, 80, '57', '9'),
(816, 82, 47, '291', '13'),
(817, 82, 85, '361', '9'),
(818, 82, 66, '509', '8'),
(819, 82, 14, '298', '15'),
(820, 82, 80, '344', '21'),
(821, 83, 12, '91', '5'),
(822, 83, 45, '297', '13'),
(823, 83, 38, '137', '11'),
(824, 83, 1, '6', '3'),
(825, 83, 28, '577', '21'),
(826, 83, 13, '149', '5'),
(827, 83, 78, '347', '8'),
(828, 83, 60, '497', '14'),
(829, 83, 64, '114', '6'),
(830, 83, 59, '350', '4'),
(831, 84, 66, '158', '21'),
(832, 84, 85, '539', '3'),
(833, 84, 17, '177', '7'),
(834, 84, 31, '536', '18'),
(835, 84, 35, '427', '5'),
(836, 84, 74, '407', '14'),
(837, 84, 41, '168', '9'),
(838, 84, 27, '452', '7'),
(839, 84, 19, '436', '15'),
(840, 84, 53, '23', '3'),
(841, 85, 2, '88', '6'),
(842, 85, 56, '270', '11'),
(843, 85, 72, '241', '5'),
(844, 85, 72, '63', '18'),
(845, 85, 1, '294', '10'),
(846, 85, 13, '26', '5'),
(847, 85, 7, '146', '7'),
(848, 85, 62, '84', '18'),
(849, 85, 44, '25', '3'),
(850, 85, 7, '587', '15'),
(851, 86, 65, '241', '4'),
(852, 86, 33, '218', '5'),
(853, 86, 85, '87', '19'),
(854, 86, 39, '85', '15'),
(855, 86, 21, '503', '14'),
(856, 86, 41, '321', '7'),
(857, 86, 36, '363', '5'),
(858, 86, 63, '50', '3'),
(859, 86, 68, '213', '10'),
(860, 86, 44, '51', '6'),
(861, 87, 78, '435', '7'),
(862, 87, 26, '302', '3'),
(863, 87, 20, '419', '3'),
(864, 87, 49, '174', '10'),
(865, 87, 83, '75', '20'),
(866, 87, 86, '29', '21'),
(867, 87, 51, '552', '20'),
(868, 87, 73, '448', '21'),
(869, 87, 46, '347', '20'),
(870, 87, 83, '496', '14'),
(871, 88, 74, '82', '9'),
(872, 88, 14, '97', '20'),
(873, 88, 27, '595', '6'),
(874, 88, 7, '562', '16'),
(875, 88, 39, '330', '7'),
(876, 88, 37, '560', '11'),
(877, 88, 25, '260', '15'),
(878, 88, 5, '130', '5'),
(879, 88, 39, '455', '14'),
(880, 88, 77, '492', '21'),
(881, 89, 84, '245', '20'),
(882, 89, 41, '169', '4'),
(883, 89, 43, '171', '13'),
(884, 89, 58, '272', '8'),
(885, 89, 65, '390', '4'),
(886, 89, 30, '66', '18'),
(887, 89, 47, '181', '16'),
(888, 89, 28, '290', '11'),
(889, 89, 39, '235', '18'),
(890, 89, 77, '553', '14'),
(891, 90, 70, '205', '17'),
(892, 90, 75, '386', '10'),
(893, 90, 12, '491', '9'),
(894, 90, 33, '109', '10'),
(895, 90, 61, '558', '10'),
(896, 90, 58, '401', '11'),
(897, 90, 76, '343', '19'),
(898, 90, 86, '327', '10'),
(899, 90, 52, '400', '14'),
(900, 90, 60, '296', '3');
INSERT INTO report_error(id, report_id, error_id, details, error_word)
VALUES(1, 1, 3, 'Magnam atque itaque modi.', 'nam'),
(2, 1, 1, 'Illum aliquam odit laborum asperiores.', 'dolorem'),
(3, 2, 1, 'Earum facere nihil assumenda.', 'facilis'),
(4, 2, 3, 'Ut vero natus modi.', 'iure'),
(5, 2, 3, 'Perspiciatis eius maxime natus architecto fug', 'qui'),
(6, 2, 1, 'Blanditiis vitae neque dolores delectus.', 'adipisci'),
(7, 3, 2, 'Ea ullam sapiente fugiat consequuntur nihil c', 'numquam'),
(8, 3, 2, 'Ad perspiciatis dolorem facere.', 'impedit'),
(9, 3, 3, 'Accusamus fuga at distinctio illum aliquid al', 'vitae'),
(10, 3, 1, 'Natus unde at quasi mollitia labore.', 'magnam'),
(11, 4, 3, 'Quia ad assumenda ipsa saepe.', 'consequatur'),
(12, 4, 3, 'Eos vel corrupti eius aliquid.', 'sapiente'),
(13, 5, 1, 'Culpa assumenda aut nulla repudiandae ea erro', 'quo'),
(14, 5, 3, 'Vero facilis dolorum voluptates.', 'possimus'),
(15, 6, 3, 'Sunt soluta molestias nesciunt quasi perferen', 'iusto'),
(16, 6, 1, 'Tempore amet perferendis corrupti atque accus', 'quia'),
(17, 6, 1, 'Voluptates explicabo officiis quisquam eligen', 'quam'),
(18, 7, 2, 'Ut facere quibusdam temporibus similique face', 'error'),
(19, 9, 1, 'Optio minima voluptatum ab nostrum eius.', 'sapiente'),
(20, 9, 2, 'Sint pariatur itaque voluptates.', 'excepturi'),
(21, 9, 2, 'Quia pariatur voluptatibus dolor.', 'doloremque'),
(22, 9, 2, 'Rerum rem nobis amet commodi.', 'nesciunt'),
(23, 9, 3, 'Quis optio neque culpa veritatis maxime.', 'dignissimos'),
(24, 10, 3, 'Velit error perferendis fugiat.', 'cum'),
(25, 10, 1, 'Sequi placeat asperiores at in quod adipisci ', 'omnis'),
(26, 10, 2, 'Magnam veniam doloribus alias ullam.', 'quae'),
(27, 10, 2, 'Optio numquam optio reprehenderit earum est.', 'asperiores'),
(28, 11, 1, 'Sunt expedita nostrum temporibus.', 'earum'),
(29, 11, 2, 'Tenetur saepe porro cum.', 'quam'),
(30, 11, 3, 'Rerum alias fuga beatae tempore.', 'quia'),
(31, 11, 1, 'Nam fuga laboriosam ducimus nisi.', 'numquam'),
(32, 11, 1, 'Ducimus eos blanditiis illo tempore voluptate', 'aspernatur'),
(33, 12, 1, 'Exercitationem velit velit molestiae.', 'odit'),
(34, 12, 2, 'Animi non deserunt repellendus animi sit quae', 'blanditiis'),
(35, 13, 2, 'Harum impedit autem aliquam facilis.', 'consequuntur'),
(36, 14, 1, 'Exercitationem nostrum excepturi.', 'magni'),
(37, 14, 1, 'Deserunt corporis dolores deleniti blanditiis', 'quibusdam'),
(38, 14, 2, 'Unde error necessitatibus voluptates.', 'eaque'),
(39, 15, 2, 'Ab dicta at beatae iure.', 'fugit'),
(40, 15, 2, 'Repellat ut perferendis autem.', 'voluptatibus'),
(41, 16, 3, 'Nemo voluptatum necessitatibus suscipit.', 'nisi'),
(42, 16, 3, 'Repudiandae qui aliquam optio dolor placeat.', 'explicabo'),
(43, 16, 3, 'Minus praesentium molestiae harum adipisci.', 'optio'),
(44, 16, 1, 'Eligendi maiores eum voluptatem in.', 'saepe'),
(45, 17, 1, 'Consectetur deleniti minima qui asperiores.', 'dolore'),
(46, 18, 2, 'Dicta facere similique accusantium magnam dol', 'qui'),
(47, 18, 2, 'Natus enim molestiae beatae iure.', 'voluptatibus'),
(48, 18, 2, 'Vero asperiores ullam odio tempore nulla.', 'accusantium'),
(49, 19, 1, 'Numquam sit sed neque ullam eveniet.', 'esse'),
(50, 20, 1, 'Saepe architecto vitae tenetur.', 'sed'),
(51, 23, 1, 'Ex illo aliquid occaecati.', 'sunt'),
(52, 23, 2, 'Ad voluptate placeat.', 'mollitia'),
(53, 23, 1, 'Alias a corrupti.', 'iste'),
(54, 23, 2, 'Vitae aspernatur deserunt iste odio.', 'impedit'),
(55, 23, 1, 'Magnam recusandae eius debitis neque ad.', 'sequi'),
(56, 24, 2, 'Deserunt velit officiis aliquid nostrum aliqu', 'aperiam'),
(57, 24, 1, 'Assumenda impedit ipsum.', 'velit'),
(58, 24, 2, 'Voluptate earum enim aliquam.', 'nisi'),
(59, 24, 3, 'Dolorum id rerum non excepturi repudiandae bl', 'dolorem'),
(60, 26, 1, 'Totam libero placeat asperiores ipsa omnis.', 'placeat'),
(61, 26, 2, 'Tempore doloremque eos vero ipsa.', 'vel'),
(62, 26, 3, 'Esse velit officia enim sit corporis quidem d', 'libero'),
(63, 26, 3, 'Harum iure magni reprehenderit accusantium in', 'animi'),
(64, 27, 1, 'Provident cumque placeat consequuntur quis.', 'iusto'),
(65, 27, 2, 'Molestias soluta fugit soluta provident sit s', 'asperiores'),
(66, 27, 2, 'Nam nostrum dicta accusamus totam at.', 'perspiciatis'),
(67, 27, 1, 'Minima natus reprehenderit sunt exercitatione', 'id'),
(68, 27, 3, 'Quia illo odio error ex qui eum.', 'corrupti'),
(69, 29, 2, 'Tempore explicabo quo placeat quaerat sapient', 'porro'),
(70, 30, 1, 'Optio sed veniam maiores.', 'odio'),
(71, 31, 1, 'Natus architecto expedita expedita et facere ', 'quo'),
(72, 31, 3, 'Velit debitis nobis aliquid cupiditate.', 'soluta'),
(73, 33, 2, 'Delectus ducimus facere facere tempora enim.', 'fugit'),
(74, 33, 3, 'Odit nostrum earum dolores consequuntur.', 'tempore'),
(75, 33, 3, 'Commodi nihil incidunt maiores natus vero.', 'quis'),
(76, 33, 3, 'Enim explicabo dolorum.', 'delectus'),
(77, 34, 2, 'Ipsa ipsam laudantium commodi.', 'dignissimos'),
(78, 34, 3, 'Occaecati quidem dolorum blanditiis nam eaque', 'odit'),
(79, 34, 1, 'Quos quasi deleniti repudiandae perferendis i', 'qui'),
(80, 34, 2, 'Id iste veritatis fuga exercitationem digniss', 'ex'),
(81, 35, 1, 'Autem officia iure iste velit.', 'dicta'),
(82, 36, 1, 'Saepe itaque sint sunt itaque consectetur.', 'rerum'),
(83, 36, 2, 'Quo voluptate tenetur commodi sint voluptas.', 'odio'),
(84, 37, 1, 'Sed recusandae ipsa sequi.', 'officiis'),
(85, 38, 1, 'Aliquid molestias dolorem iusto dicta corpori', 'ipsam'),
(86, 38, 2, 'Sed praesentium perferendis.', 'tenetur'),
(87, 38, 3, 'Nulla harum quos natus.', 'ipsam'),
(88, 39, 2, 'Quia vitae saepe voluptatem.', 'sapiente'),
(89, 39, 1, 'Assumenda veritatis saepe perferendis volupta', 'labore'),
(90, 39, 3, 'Quam esse atque nihil facere.', 'earum'),
(91, 40, 3, 'Voluptatum sint deleniti quos.', 'aperiam'),
(92, 41, 1, 'Incidunt iusto expedita quod alias consequunt', 'voluptas'),
(93, 42, 3, 'Blanditiis excepturi deleniti sapiente.', 'dignissimos'),
(94, 42, 2, 'Minima aliquid accusantium incidunt provident', 'pariatur'),
(95, 42, 1, 'Ab consequuntur quibusdam a.', 'cupiditate'),
(96, 42, 3, 'Necessitatibus at hic rem veniam nobis adipis', 'nulla'),
(97, 42, 2, 'Molestiae sit ducimus quod.', 'eveniet'),
(98, 44, 1, 'Placeat minus consectetur dicta numquam maior', 'adipisci'),
(99, 44, 1, 'Minima ea illo eligendi.', 'veritatis'),
(100, 44, 3, 'Unde officia iste aliquid sed illo enim harum', 'culpa'),
(101, 44, 3, 'Saepe nobis ipsam.', 'ut'),
(102, 44, 3, 'Voluptatibus adipisci suscipit cupiditate pos', 'delectus'),
(103, 45, 2, 'Eaque libero laboriosam delectus.', 'delectus'),
(104, 45, 3, 'Aliquam enim non enim ea.', 'eos'),
(105, 45, 2, 'Exercitationem quae deserunt.', 'ullam'),
(106, 45, 3, 'Tempora sapiente possimus id debitis culpa.', 'facere'),
(107, 46, 2, 'Officia neque illum dolorum necessitatibus ma', 'modi'),
(108, 46, 3, 'Excepturi dolor saepe cumque asperiores.', 'in'),
(109, 46, 2, 'In atque nihil assumenda sunt rerum.', 'cum'),
(110, 47, 2, 'Atque adipisci magnam porro architecto debiti', 'debitis'),
(111, 47, 3, 'Porro repudiandae tenetur explicabo dignissim', 'temporibus'),
(112, 48, 3, 'Sequi distinctio illum possimus.', 'quia'),
(113, 48, 1, 'Cum quos perspiciatis iste velit dicta.', 'repudiandae'),
(114, 49, 2, 'Reprehenderit soluta odio blanditiis.', 'pariatur'),
(115, 49, 2, 'Ipsam cupiditate pariatur esse modi molestiae', 'perspiciatis'),
(116, 49, 2, 'Amet expedita fuga odio doloremque modi.', 'voluptatibus'),
(117, 50, 1, 'Quo quae error ut distinctio veritatis.', 'aliquid'),
(118, 51, 2, 'Pariatur omnis non fuga aspernatur id facere.', 'commodi'),
(119, 52, 3, 'Nemo debitis iure cupiditate consequuntur qui', 'ea'),
(120, 52, 1, 'Magni excepturi architecto laborum dolore.', 'accusamus'),
(121, 55, 3, 'Nihil aspernatur id debitis consectetur.', 'occaecati'),
(122, 55, 1, 'Maxime tempora cupiditate nulla.', 'dignissimos'),
(123, 55, 2, 'Officia deserunt aspernatur rem totam asperio', 'assumenda'),
(124, 55, 3, 'Facilis tempora labore.', 'iusto'),
(125, 56, 1, 'Deserunt dolore vero nihil sunt amet.', 'assumenda'),
(126, 56, 2, 'Modi possimus odio corporis animi harum ut.', 'repellat'),
(127, 58, 3, 'Sapiente repudiandae officia consequuntur.', 'consequatur'),
(128, 58, 2, 'Sint quidem voluptates consequuntur ipsa cupi', 'tenetur'),
(129, 58, 2, 'Ut dolorum est tempora sed illum esse.', 'debitis'),
(130, 58, 1, 'Temporibus rem sed.', 'consequuntur'),
(131, 58, 2, 'In nulla illo odio.', 'sed'),
(132, 59, 1, 'Autem facilis est quam.', 'libero'),
(133, 59, 1, 'Possimus amet quidem perspiciatis.', 'ipsum'),
(134, 62, 2, 'Veniam ea fugit alias ullam.', 'praesentium'),
(135, 62, 1, 'Perferendis porro necessitatibus nemo.', 'ipsam'),
(136, 63, 1, 'Officia modi aspernatur pariatur sed.', 'omnis'),
(137, 63, 1, 'Nisi totam quasi similique.', 'voluptatem'),
(138, 64, 1, 'Consectetur error quam dignissimos accusamus ', 'ratione'),
(139, 66, 3, 'Perferendis omnis eius ipsa eos nesciunt itaq', 'repellat'),
(140, 66, 3, 'Odio alias voluptatem ullam quibusdam culpa.', 'repellendus'),
(141, 66, 2, 'Ipsam ipsum labore velit adipisci aliquid acc', 'totam'),
(142, 66, 3, 'Odio nisi delectus consequatur porro modi lab', 'dicta'),
(143, 66, 1, 'Quia molestiae ipsum ducimus debitis.', 'occaecati'),
(144, 67, 2, 'Atque distinctio debitis praesentium molestia', 'maxime'),
(145, 67, 1, 'Voluptatem illo officia aspernatur.', 'vitae'),
(146, 67, 2, 'Aut culpa expedita aliquam sequi sunt quia ex', 'id'),
(147, 67, 1, 'Id corporis cum itaque iure ipsa.', 'quibusdam'),
(148, 68, 1, 'Ipsa accusamus natus voluptates.', 'tempore'),
(149, 69, 1, 'Nesciunt neque reprehenderit quam.', 'velit'),
(150, 70, 1, 'Beatae dolores atque maxime iste illum.', 'molestias'),
(151, 73, 3, 'Delectus similique quibusdam corrupti.', 'provident'),
(152, 73, 1, 'Eligendi vero tempore id veniam vel.', 'corrupti'),
(153, 74, 3, 'Velit voluptatibus inventore ut.', 'fuga'),
(154, 74, 3, 'Quasi minima quis possimus.', 'perspiciatis'),
(155, 74, 3, 'Magni aliquid aspernatur corporis.', 'voluptates'),
(156, 74, 2, 'Mollitia libero autem ducimus fugit tenetur.', 'assumenda'),
(157, 74, 1, 'Tempora explicabo ad labore impedit.', 'labore'),
(158, 75, 1, 'Eum recusandae quia.', 'repellendus'),
(159, 75, 3, 'Quidem molestias modi.', 'quasi'),
(160, 75, 1, 'Adipisci recusandae neque odio delectus solut', 'minima'),
(161, 75, 1, 'Eveniet tempora ducimus commodi nostrum nulla', 'ducimus'),
(162, 75, 3, 'Asperiores deleniti laborum debitis ullam qui', 'consequuntur'),
(163, 77, 3, 'Voluptas sunt aspernatur tempora facilis ea.', 'tempore'),
(164, 78, 2, 'Dolorem voluptatibus odit delectus delectus m', 'assumenda'),
(165, 78, 3, 'Facere perspiciatis placeat quo voluptas quam', 'debitis'),
(166, 79, 2, 'Fugiat aut iure voluptatem ipsum incidunt.', 'mollitia'),
(167, 80, 3, 'Dolore eaque autem ullam dolorem.', 'asperiores'),
(168, 80, 1, 'Error quidem quo fuga perspiciatis architecto', 'asperiores'),
(169, 80, 3, 'Pariatur delectus molestias illo magni odit.', 'labore'),
(170, 81, 2, 'Accusamus alias cumque voluptate aperiam.', 'quos'),
(171, 81, 1, 'Deleniti voluptatibus nobis consequatur vero.', 'quasi'),
(172, 81, 2, 'Magnam iusto id officia quibusdam.', 'architecto'),
(173, 81, 3, 'Laudantium accusantium distinctio excepturi e', 'commodi'),
(174, 81, 3, 'Neque ducimus ea sit exercitationem magnam ma', 'eos'),
(175, 82, 2, 'Quae recusandae doloremque odit blanditiis is', 'maxime'),
(176, 82, 1, 'Quam aliquam amet placeat molestias perspicia', 'veritatis'),
(177, 82, 1, 'Dolores quam veniam adipisci occaecati.', 'corrupti'),
(178, 82, 2, 'Maxime dicta cupiditate voluptatibus.', 'illum'),
(179, 83, 1, 'Eum dignissimos dolor.', 'itaque'),
(180, 83, 1, 'Esse voluptatem neque sequi.', 'quod'),
(181, 84, 3, 'Aperiam fugiat numquam vel.', 'quos'),
(182, 84, 1, 'Voluptate officiis magni asperiores porro del', 'temporibus'),
(183, 84, 1, 'Nulla vel atque deserunt.', 'impedit'),
(184, 85, 2, 'Ipsum sed reprehenderit amet sequi consequunt', 'aliquam'),
(185, 85, 2, 'Animi at ratione possimus unde iusto.', 'aliquid'),
(186, 85, 2, 'Dolore aliquam aspernatur quae.', 'occaecati'),
(187, 85, 3, 'Cumque labore commodi temporibus.', 'sit'),
(188, 86, 3, 'Qui quisquam unde ducimus aspernatur veniam.', 'vero'),
(189, 86, 2, 'Fugiat quis odio aut exercitationem repellat ', 'velit'),
(190, 87, 3, 'Numquam voluptatem minima.', 'cum'),
(191, 87, 1, 'Perferendis sed aut occaecati corporis.', 'dolores'),
(192, 87, 3, 'Neque placeat rem ullam unde magni atque recu', 'mollitia'),
(193, 88, 3, 'Esse laboriosam laudantium officia quisquam.', 'et'),
(194, 88, 2, 'Eius at officia accusamus perferendis quasi i', 'aliquid'),
(195, 88, 1, 'Vitae quasi inventore harum molestiae esse.', 'enim'),
(196, 90, 2, 'Quas numquam temporibus ex.', 'voluptate'),
(197, 90, 3, 'Nihil consequatur repellat cupiditate.', 'beatae'),
(198, 92, 1, 'Autem tenetur doloribus harum qui voluptate.', 'porro'),
(199, 92, 1, 'Neque quas repellendus quidem repudiandae.', 'rem'),
(200, 92, 1, 'Ducimus impedit aliquam perferendis numquam a', 'dolores'),
(201, 93, 1, 'Aperiam animi delectus nulla eveniet.', 'consectetur'),
(202, 93, 2, 'Corporis voluptatibus mollitia ad.', 'eius'),
(203, 93, 3, 'Ipsam adipisci repellat cum quae natus qui to', 'repellat'),
(204, 93, 1, 'Tempora nisi aperiam veritatis quos ipsum.', 'accusamus'),
(205, 94, 1, 'Quidem magnam doloribus nemo earum ab.', 'aspernatur'),
(206, 94, 1, 'Dolorum dolorem deserunt maxime atque ipsum.', 'voluptatibus'),
(207, 94, 3, 'Quam esse maiores similique sint a pariatur i', 'laborum'),
(208, 94, 1, 'Excepturi excepturi ab.', 'veritatis'),
(209, 94, 1, 'Beatae iusto rem quasi exercitationem culpa.', 'sapiente'),
(210, 95, 1, 'Ipsam incidunt architecto sit libero.', 'sit'),
(211, 95, 1, 'Blanditiis nulla maxime tenetur neque error i', 'esse'),
(212, 95, 3, 'Ad dolores accusamus numquam quos et veritati', 'ipsa'),
(213, 95, 1, 'Optio sequi repudiandae commodi odio nulla qu', 'corrupti'),
(214, 95, 2, 'Nobis id quae natus qui vero officiis labore.', 'ipsum'),
(215, 96, 3, 'Facere facilis itaque alias laudantium alias ', 'deserunt'),
(216, 96, 2, 'Sequi inventore quisquam quas molestias aliqu', 'odio'),
(217, 96, 3, 'Earum mollitia odio quo exercitationem explic', 'deleniti'),
(218, 97, 2, 'Explicabo nihil dolor optio et magni.', 'beatae'),
(219, 97, 3, 'Nobis alias id sit similique.', 'tempore'),
(220, 97, 3, 'Dignissimos optio fugiat nihil corporis neque', 'placeat'),
(221, 97, 2, 'Mollitia velit ullam exercitationem maiores v', 'rerum'),
(222, 97, 1, 'Vel quibusdam exercitationem aliquam similiqu', 'fuga'),
(223, 98, 1, 'Tenetur tempore omnis voluptatum sint.', 'blanditiis'),
(224, 98, 2, 'Nesciunt perspiciatis velit harum veniam libe', 'minus'),
(225, 98, 1, 'Porro facere totam necessitatibus blanditiis ', 'veritatis'),
(226, 98, 1, 'Dicta quasi blanditiis aperiam ipsa a digniss', 'eveniet'),
(227, 98, 3, 'Incidunt illum quos deserunt maiores.', 'error'),
(228, 99, 3, 'Officia est ipsum modi veniam pariatur volupt', 'doloribus'),
(229, 99, 1, 'Asperiores similique delectus deserunt evenie', 'nam'),
(230, 99, 1, 'Voluptas ullam culpa.', 'corporis'),
(231, 99, 3, 'Dolores tenetur quam suscipit et rem cum.', 'cupiditate'),
(232, 100, 1, 'Molestias quo cupiditate laborum.', 'aspernatur'),
(233, 100, 2, 'Reprehenderit quos dolores quod nobis est per', 'dicta'),
(234, 100, 3, 'Veritatis sapiente fuga culpa veritatis adipi', 'laboriosam'),
(235, 101, 1, 'Repellat excepturi distinctio magni modi quae', 'aut'),
(236, 101, 3, 'Quam soluta magni culpa ipsa odio laboriosam.', 'excepturi'),
(237, 101, 3, 'Doloribus soluta debitis sint.', 'non'),
(238, 101, 1, 'Quasi laborum debitis alias impedit non.', 'asperiores'),
(239, 101, 2, 'Odit ipsam magni nobis excepturi odit digniss', 'illo'),
(240, 102, 1, 'Impedit minima occaecati error.', 'voluptas'),
(241, 103, 2, 'Necessitatibus quia aperiam quisquam animi pr', 'praesentium'),
(242, 103, 3, 'Reiciendis accusamus modi pariatur.', 'aspernatur'),
(243, 103, 2, 'Rem quibusdam quae amet culpa.', 'doloribus'),
(244, 104, 3, 'Cupiditate voluptatibus quisquam esse nobis.', 'nam'),
(245, 104, 1, 'Corporis ratione quia doloribus.', 'consequatur'),
(246, 104, 1, 'Beatae dignissimos voluptates voluptate dolor', 'quasi'),
(247, 104, 3, 'Commodi suscipit optio modi.', 'numquam'),
(248, 104, 1, 'Labore qui quaerat dolor hic modi labore.', 'ullam'),
(249, 105, 3, 'Cum soluta molestiae ipsum dolorem adipisci p', 'quas'),
(250, 105, 1, 'Eaque quis similique qui veniam.', 'ea'),
(251, 106, 3, 'Porro velit quis fugit.', 'minima'),
(252, 106, 3, 'Rerum voluptas possimus sunt sequi id nobis.', 'hic'),
(253, 107, 1, 'Unde laudantium laudantium laborum iusto iure', 'modi'),
(254, 107, 2, 'Architecto facilis voluptate voluptatibus.', 'porro'),
(255, 107, 1, 'Autem enim vero nam.', 'perspiciatis'),
(256, 108, 2, 'Ipsum quasi neque non quo hic occaecati.', 'voluptas'),
(257, 108, 1, 'Vitae beatae ex reiciendis quisquam ratione a', 'facere'),
(258, 108, 3, 'Minima laboriosam dolor dolorem.', 'laborum'),
(259, 108, 1, 'Dolore omnis eaque repellat facere adipisci o', 'ab'),
(260, 110, 2, 'Nisi modi voluptatem aperiam quasi.', 'laudantium'),
(261, 110, 1, 'Cumque dolore quae iste velit aperiam ratione', 'mollitia'),
(262, 112, 3, 'Iusto et consectetur ratione tempore recusand', 'tenetur'),
(263, 112, 2, 'Voluptates dolorum quod commodi.', 'dignissimos'),
(264, 112, 2, 'Voluptatum earum facere minus veniam dolores ', 'id'),
(265, 113, 3, 'Tempore dicta nostrum provident itaque itaque', 'modi'),
(266, 114, 3, 'Tempore voluptates nihil cum repellendus dele', 'vitae'),
(267, 116, 1, 'Eius quos in ratione nobis ducimus.', 'doloribus'),
(268, 116, 2, 'Sunt ad veniam.', 'totam'),
(269, 116, 2, 'Debitis saepe recusandae vel neque ea consect', 'neque'),
(270, 116, 3, 'Nostrum in iure eius.', 'nam'),
(271, 116, 1, 'Mollitia quisquam atque officia odio explicab', 'consequuntur'),
(272, 117, 2, 'Reprehenderit nobis perspiciatis a neque ut e', 'laudantium'),
(273, 117, 1, 'Facilis tempore ratione nostrum vitae earum p', 'nemo'),
(274, 117, 2, 'Eaque illo mollitia alias harum.', 'omnis'),
(275, 117, 3, 'Eligendi quod quam earum unde incidunt quia.', 'nulla'),
(276, 117, 3, 'Maxime tenetur nostrum rem.', 'deserunt'),
(277, 118, 1, 'Repellat facilis fugiat unde nihil.', 'quam'),
(278, 118, 1, 'Mollitia molestias ipsum iste odit cumque.', 'modi'),
(279, 120, 2, 'Nam minima placeat repellat adipisci natus.', 'fugit'),
(280, 120, 2, 'At itaque perferendis porro modi vel laborios', 'praesentium'),
(281, 120, 1, 'Aut quia atque facere molestiae.', 'nostrum'),
(282, 120, 2, 'Error porro distinctio dignissimos commodi.', 'voluptas'),
(283, 120, 1, 'Ratione amet soluta laudantium ipsam quod quo', 'sapiente'),
(284, 121, 1, 'Occaecati repellendus non voluptates velit be', 'velit'),
(285, 121, 2, 'Fuga harum blanditiis neque.', 'animi'),
(286, 121, 1, 'Illo aperiam tempora sapiente ad incidunt dol', 'possimus'),
(287, 121, 3, 'Harum vitae voluptatibus natus.', 'ab'),
(288, 122, 2, 'Ex cum hic laborum.', 'impedit'),
(289, 123, 3, 'Esse quas ducimus cum.', 'incidunt'),
(290, 123, 1, 'Veniam molestias iure alias.', 'deserunt'),
(291, 123, 3, 'Explicabo ipsam iste quis.', 'earum'),
(292, 123, 1, 'Corrupti laudantium porro omnis.', 'deleniti'),
(293, 124, 1, 'Maiores quidem minima laboriosam temporibus.', 'nam'),
(294, 124, 2, 'Natus a libero.', 'quo'),
(295, 124, 1, 'Harum molestias dolores nesciunt quae molesti', 'aliquid'),
(296, 125, 3, 'Libero tenetur vitae reiciendis est.', 'libero'),
(297, 127, 1, 'Tempora officia doloribus soluta exercitation', 'reiciendis'),
(298, 127, 1, 'Tempora dignissimos harum nihil qui.', 'quo'),
(299, 128, 3, 'Reiciendis voluptas laudantium eaque providen', 'fugit'),
(300, 128, 2, 'Quod similique voluptatibus nulla iste tenetu', 'illum'),
(301, 129, 2, 'At alias quis dolor.', 'corporis'),
(302, 129, 1, 'Doloremque pariatur qui porro odit est soluta', 'autem'),
(303, 129, 1, 'Optio doloremque non cum delectus consequatur', 'harum'),
(304, 131, 1, 'Possimus corporis eos vitae veniam adipisci i', 'magnam'),
(305, 131, 3, 'Consequatur provident atque.', 'beatae'),
(306, 131, 2, 'Rem nam necessitatibus sed repellat.', 'est'),
(307, 132, 1, 'Aperiam quis occaecati cum.', 'voluptatum'),
(308, 132, 3, 'Minima odit earum repellat quod.', 'quibusdam'),
(309, 132, 3, 'Libero autem deserunt atque vitae.', 'quisquam'),
(310, 132, 3, 'Totam delectus rerum eligendi sed magnam.', 'assumenda'),
(311, 132, 3, 'Fuga suscipit id molestiae facere illo.', 'maiores'),
(312, 133, 3, 'Eius dolorem sit quos debitis doloribus.', 'illum'),
(313, 133, 1, 'Possimus dignissimos enim aliquid repudiandae', 'eos'),
(314, 133, 2, 'Expedita quis facilis quod sit dicta.', 'placeat'),
(315, 133, 3, 'Repellendus consequuntur adipisci laborum.', 'eum'),
(316, 133, 2, 'Cumque temporibus animi eligendi id.', 'minus'),
(317, 134, 1, 'Eum quos ad quasi iste.', 'hic'),
(318, 135, 3, 'Eum veritatis praesentium quia.', 'ipsum'),
(319, 135, 1, 'Quibusdam laudantium odio ullam earum.', 'deleniti'),
(320, 136, 3, 'Quidem commodi dignissimos vitae.', 'saepe'),
(321, 136, 3, 'Quae tenetur sed aspernatur.', 'minima'),
(322, 136, 3, 'Sint quae sint similique vero deleniti unde a', 'maiores'),
(323, 136, 1, 'Quo cumque corporis cupiditate quidem officia', 'sapiente'),
(324, 137, 1, 'Cumque nostrum esse quasi nemo.', 'ducimus'),
(325, 138, 1, 'Ad temporibus debitis officia asperiores.', 'recusandae'),
(326, 141, 2, 'Ratione optio nulla aperiam.', 'eum'),
(327, 141, 1, 'Labore quia amet alias similique perferendis ', 'id'),
(328, 141, 2, 'Quibusdam voluptas nesciunt.', 'alias'),
(329, 141, 1, 'Sunt soluta natus cumque tenetur deserunt ass', 'vel'),
(330, 141, 1, 'Architecto ipsum enim.', 'cumque'),
(331, 142, 3, 'Facilis perspiciatis asperiores delectus alia', 'molestiae'),
(332, 143, 3, 'Quam quisquam voluptatem cumque.', 'laboriosam'),
(333, 144, 2, 'Rem maxime veniam repellendus velit.', 'doloribus'),
(334, 144, 1, 'Deleniti inventore veniam eum.', 'aliquam'),
(335, 145, 1, 'Quia nobis quasi suscipit.', 'dolores'),
(336, 145, 1, 'Ducimus delectus dignissimos vitae nam nihil ', 'cumque'),
(337, 146, 1, 'Saepe voluptatibus ad molestias magni volupta', 'magnam'),
(338, 146, 2, 'Consectetur aut sequi possimus error unde.', 'magnam'),
(339, 147, 2, 'Dolorum beatae rerum vero numquam dolore illo', 'illo'),
(340, 147, 3, 'Quo fuga blanditiis sit qui tenetur.', 'nesciunt'),
(341, 148, 3, 'Dicta harum explicabo eaque.', 'illum'),
(342, 148, 2, 'Vitae possimus beatae accusamus numquam molli', 'unde'),
(343, 149, 3, 'Consequatur voluptatum cupiditate sunt ducimu', 'veritatis'),
(344, 149, 2, 'Ex a quisquam sit.', 'reprehenderit'),
(345, 149, 2, 'Ut ipsam mollitia.', 'quae'),
(346, 150, 1, 'Quasi quam cumque accusamus.', 'explicabo'),
(347, 150, 3, 'Voluptas eveniet accusantium ex eveniet.', 'ullam'),
(348, 152, 1, 'Quo vero ducimus debitis mollitia sequi.', 'voluptate'),
(349, 152, 3, 'Porro quos deleniti labore unde laborum labor', 'velit'),
(350, 152, 1, 'Consequuntur autem nobis perspiciatis.', 'dignissimos'),
(351, 152, 1, 'Sint quasi fugit laudantium excepturi.', 'soluta'),
(352, 154, 3, 'Assumenda illo sunt repellat.', 'ab'),
(353, 154, 2, 'Asperiores hic voluptate repellendus quisquam', 'nemo'),
(354, 154, 1, 'At pariatur quod cum.', 'non'),
(355, 155, 3, 'Fugiat expedita repudiandae exercitationem qu', 'velit'),
(356, 155, 3, 'Dolorum aliquid magnam praesentium nesciunt e', 'porro'),
(357, 156, 3, 'Alias commodi tenetur.', 'mollitia'),
(358, 157, 2, 'Qui sapiente dicta in modi quos ducimus quisq', 'itaque'),
(359, 157, 1, 'Aliquam officia ducimus dolor laboriosam comm', 'sequi'),
(360, 157, 1, 'Delectus provident itaque aspernatur.', 'debitis'),
(361, 157, 2, 'Repudiandae accusamus porro officia similique', 'dolorum'),
(362, 159, 1, 'Reprehenderit mollitia adipisci tempora odio.', 'eaque'),
(363, 159, 1, 'Dolorum qui recusandae aut soluta dignissimos', 'error'),
(364, 160, 2, 'Reprehenderit consequuntur quae.', 'architecto'),
(365, 160, 2, 'Quo deserunt natus totam reprehenderit blandi', 'temporibus'),
(366, 160, 3, 'Rerum repudiandae cupiditate magnam ratione i', 'voluptates'),
(367, 160, 1, 'Voluptate possimus ratione dolore ex tempore ', 'possimus'),
(368, 162, 3, 'Ipsam incidunt in numquam sint.', 'recusandae'),
(369, 163, 3, 'Repudiandae accusamus itaque iusto culpa.', 'soluta'),
(370, 163, 3, 'Quia occaecati consectetur id.', 'exercitationem'),
(371, 163, 2, 'Mollitia quos ipsum earum eos.', 'labore'),
(372, 163, 1, 'Voluptatem similique ducimus.', 'quam'),
(373, 163, 3, 'Esse saepe dolore placeat similique accusamus', 'laudantium'),
(374, 164, 3, 'Nisi quae ad.', 'officia'),
(375, 165, 2, 'Commodi similique optio dolorem non nesciunt ', 'qui'),
(376, 165, 3, 'Accusamus ipsa dolorem odio.', 'eos'),
(377, 165, 3, 'Velit earum mollitia sequi.', 'itaque'),
(378, 165, 1, 'Minima recusandae quibusdam animi.', 'voluptatibus'),
(379, 168, 2, 'Accusantium cumque assumenda id voluptatibus ', 'officiis'),
(380, 168, 3, 'Voluptate labore maiores neque.', 'nobis'),
(381, 168, 3, 'Dolores porro eum autem beatae cum assumenda.', 'totam'),
(382, 168, 2, 'Consequatur nostrum aperiam facilis ab atque ', 'perferendis'),
(383, 168, 1, 'Incidunt distinctio consectetur nisi possimus', 'molestiae'),
(384, 169, 1, 'Inventore sit minima dolorum at doloremque sa', 'nemo'),
(385, 169, 3, 'Unde accusamus ab provident beatae.', 'at'),
(386, 169, 3, 'Modi id modi ab voluptatem corrupti.', 'voluptatum'),
(387, 169, 1, 'Facilis cumque eius quis non id.', 'praesentium'),
(388, 170, 2, 'Nulla nesciunt eius assumenda earum error fug', 'dicta'),
(389, 172, 3, 'Soluta ipsam accusantium distinctio.', 'aspernatur'),
(390, 172, 2, 'Reiciendis minima nisi excepturi at.', 'quam'),
(391, 173, 2, 'Illo illo sint natus.', 'eaque'),
(392, 173, 1, 'Temporibus ex ut pariatur.', 'doloremque'),
(393, 173, 1, 'Excepturi eaque molestias aliquam adipisci.', 'at'),
(394, 173, 2, 'Consequuntur iste ex.', 'nesciunt'),
(395, 174, 3, 'Praesentium iure debitis.', 'hic'),
(396, 174, 3, 'Officia neque repellendus.', 'cum'),
(397, 174, 1, 'Cupiditate eos eveniet commodi.', 'blanditiis'),
(398, 175, 3, 'Sequi omnis suscipit ipsam.', 'officiis'),
(399, 176, 2, 'Delectus quia repudiandae reiciendis repudian', 'similique'),
(400, 176, 3, 'Aliquam fugiat quod quas recusandae quidem an', 'perferendis'),
(401, 176, 2, 'Laudantium dolorum at numquam aliquam vero.', 'pariatur'),
(402, 176, 1, 'Nobis porro rem quidem sunt illum nobis.', 'tenetur'),
(403, 176, 3, 'Possimus recusandae tempora temporibus reicie', 'tenetur'),
(404, 177, 2, 'Officiis soluta illo rerum vitae.', 'itaque'),
(405, 177, 3, 'Ab et eligendi doloremque dolor nulla expedit', 'eum'),
(406, 177, 1, 'Ratione numquam dolorum facilis maxime ullam.', 'harum'),
(407, 177, 3, 'Enim recusandae consequuntur.', 'aliquid'),
(408, 178, 1, 'Ducimus laboriosam blanditiis.', 'error'),
(409, 178, 2, 'Facilis placeat neque amet autem deleniti.', 'ut'),
(410, 178, 1, 'Voluptatum ipsam quis nobis magnam occaecati.', 'quaerat'),
(411, 178, 3, 'Nisi quia rerum officia ab expedita aspernatu', 'eaque'),
(412, 179, 2, 'Sed iste magnam perferendis.', 'excepturi'),
(413, 179, 1, 'Inventore numquam ut voluptate.', 'cupiditate'),
(414, 179, 3, 'Hic praesentium laboriosam dolores.', 'voluptatibus'),
(415, 180, 1, 'Vero veritatis possimus deserunt.', 'voluptates'),
(416, 181, 3, 'Minima at ratione quibusdam.', 'dolores'),
(417, 181, 2, 'Sed magnam nostrum placeat laboriosam.', 'officiis'),
(418, 181, 3, 'Totam soluta tenetur aspernatur.', 'consectetur'),
(419, 181, 3, 'Nisi aspernatur esse voluptates distinctio re', 'necessitatibus'),
(420, 182, 1, 'Eum totam aut.', 'iure'),
(421, 183, 1, 'Iusto doloremque labore cumque asperiores.', 'cum'),
(422, 183, 1, 'Sunt exercitationem distinctio omnis labore.', 'voluptatibus'),
(423, 184, 3, 'Vitae corporis tempora earum necessitatibus.', 'minus'),
(424, 184, 1, 'Cupiditate soluta iste optio consectetur natu', 'occaecati'),
(425, 184, 2, 'Atque excepturi non velit doloremque error ab', 'totam'),
(426, 184, 1, 'Totam sed exercitationem.', 'rem'),
(427, 184, 2, 'Quae nostrum hic nulla eum.', 'quos'),
(428, 185, 2, 'Itaque ratione nesciunt assumenda alias corru', 'aliquam'),
(429, 187, 1, 'Assumenda eum nam porro perspiciatis consequu', 'neque'),
(430, 188, 3, 'Totam sequi at sequi tempore ad ipsum perspic', 'tempore'),
(431, 188, 2, 'Ratione placeat magni praesentium harum recus', 'necessitatibus'),
(432, 188, 3, 'Itaque debitis rerum delectus.', 'recusandae'),
(433, 188, 3, 'Rerum alias qui numquam eligendi magnam ab qu', 'quisquam'),
(434, 189, 3, 'Commodi eligendi a laudantium atque sequi qua', 'architecto'),
(435, 189, 2, 'Commodi harum corrupti at molestias.', 'adipisci'),
(436, 190, 1, 'Delectus accusantium consequatur quod.', 'similique'),
(437, 190, 3, 'Quas cupiditate quo quam laudantium veritatis', 'aperiam'),
(438, 190, 2, 'Quae tempore expedita reiciendis numquam.', 'sed'),
(439, 191, 1, 'Enim cumque libero enim minima unde velit.', 'repellendus'),
(440, 191, 3, 'Nemo harum mollitia occaecati ipsam nihil sae', 'nemo'),
(441, 191, 1, 'Dolore fugit error aut tempora quis expedita.', 'distinctio'),
(442, 193, 3, 'Tenetur est omnis.', 'tempore'),
(443, 194, 2, 'Velit repellendus modi temporibus quibusdam n', 'reiciendis'),
(444, 194, 2, 'Quae assumenda harum veniam.', 'tempore'),
(445, 194, 1, 'Blanditiis explicabo laborum.', 'ut'),
(446, 194, 2, 'Inventore omnis quae.', 'saepe'),
(447, 195, 2, 'Perspiciatis quas eveniet ipsum distinctio as', 'laboriosam'),
(448, 195, 1, 'Adipisci qui totam quod natus fugiat repellen', 'magni'),
(449, 195, 2, 'Libero consequuntur nesciunt molestias soluta', 'sit'),
(450, 195, 2, 'Mollitia maiores similique veritatis qui.', 'fuga'),
(451, 195, 3, 'Provident ab enim.', 'dolores'),
(452, 196, 1, 'Dolorum aperiam fuga animi.', 'debitis'),
(453, 196, 1, 'Asperiores repudiandae occaecati dolorum.', 'ad'),
(454, 197, 1, 'Commodi asperiores et ab amet sunt vel.', 'possimus'),
(455, 197, 3, 'Explicabo aut minima repudiandae officia dolo', 'recusandae'),
(456, 197, 3, 'Tempore eius vero cumque quis.', 'libero'),
(457, 198, 1, 'Ipsa ut rem sed suscipit atque harum.', 'quisquam'),
(458, 199, 2, 'Vero odio alias totam ipsum consequatur.', 'fuga'),
(459, 199, 2, 'Quidem mollitia quidem tenetur magni.', 'excepturi'),
(460, 199, 3, 'Eum et sed ad eos maxime eum.', 'rerum'),
(461, 200, 3, 'Nobis aperiam quaerat minus ullam.', 'ratione'),
(462, 200, 1, 'Provident illum iusto voluptas aut perferendi', 'ea'),
(463, 200, 2, 'Adipisci incidunt sequi natus officiis soluta', 'cupiditate'),
(464, 201, 1, 'Odio delectus nisi et quasi.', 'dicta'),
(465, 201, 3, 'Alias temporibus asperiores dignissimos.', 'non'),
(466, 201, 3, 'Mollitia consectetur ab commodi quibusdam ips', 'quis'),
(467, 201, 3, 'Reprehenderit eveniet odio ipsam sapiente err', 'impedit'),
(468, 202, 1, 'Amet nesciunt ducimus consequatur consectetur', 'repudiandae'),
(469, 202, 1, 'Alias consequuntur harum dicta soluta.', 'animi'),
(470, 203, 3, 'Consequuntur consectetur optio ullam eveniet.', 'omnis'),
(471, 203, 2, 'Earum illum atque facere.', 'quae'),
(472, 203, 3, 'Corrupti sint facilis veritatis.', 'excepturi'),
(473, 203, 3, 'Accusantium nostrum dicta animi earum quas do', 'ut'),
(474, 204, 2, 'Est molestias dolorem vero tenetur.', 'ut'),
(475, 204, 3, 'Alias quidem doloremque voluptatem magnam vel', 'vitae'),
(476, 204, 3, 'Quaerat quod inventore ratione provident.', 'ducimus'),
(477, 205, 1, 'Architecto quibusdam repudiandae sit quisquam', 'reiciendis'),
(478, 205, 2, 'Eaque vitae reprehenderit animi aspernatur.', 'expedita'),
(479, 205, 2, 'Non id cum neque facere.', 'in'),
(480, 205, 1, 'Minus odio distinctio quisquam et ab.', 'maxime'),
(481, 205, 3, 'Minus odio fugiat eveniet.', 'sapiente'),
(482, 207, 1, 'Ratione sit quibusdam culpa laborum quod ulla', 'quod'),
(483, 208, 1, 'Magnam accusantium necessitatibus totam illo ', 'maxime'),
(484, 208, 3, 'Ratione officiis reprehenderit repellendus mo', 'enim'),
(485, 208, 1, 'Mollitia autem praesentium id aut error eos.', 'quae'),
(486, 208, 3, 'Libero fugit eaque adipisci unde labore.', 'totam'),
(487, 208, 3, 'Assumenda molestias dolores accusantium quide', 'accusamus'),
(488, 209, 2, 'Id nulla officia sint corporis autem sapiente', 'rem'),
(489, 209, 1, 'Suscipit deleniti voluptatum excepturi.', 'culpa'),
(490, 209, 1, 'Dolores suscipit neque deleniti eaque.', 'velit'),
(491, 210, 2, 'Cum corporis blanditiis aut.', 'iste'),
(492, 210, 2, 'Hic nulla ab.', 'expedita'),
(493, 210, 2, 'Non necessitatibus similique nam.', 'fuga'),
(494, 211, 3, 'Neque exercitationem voluptate eos.', 'non'),
(495, 211, 1, 'Distinctio accusantium quas fuga vitae.', 'temporibus'),
(496, 211, 2, 'Atque quas velit.', 'consequuntur'),
(497, 211, 3, 'Sed nostrum ducimus inventore dolorum beatae ', 'temporibus'),
(498, 212, 2, 'Corrupti sed voluptatem ut.', 'commodi'),
(499, 212, 3, 'Voluptas reprehenderit eaque nulla blanditiis', 'explicabo'),
(500, 212, 2, 'Ab nam rem officiis officia culpa debitis.', 'sit'),
(501, 212, 3, 'Dolore quibusdam dolores qui dolores at.', 'fugit'),
(502, 215, 1, 'Sit accusamus velit.', 'ratione'),
(503, 216, 1, 'Recusandae unde distinctio aut ea et.', 'veniam'),
(504, 216, 1, 'Eum totam nesciunt incidunt.', 'possimus'),
(505, 216, 1, 'Voluptate quod quia perspiciatis.', 'quae'),
(506, 216, 3, 'Dicta ullam nulla ullam est quo ipsa non.', 'consequuntur'),
(507, 217, 2, 'Voluptatibus officia provident laboriosam asp', 'dolore'),
(508, 217, 1, 'Voluptas at accusamus magnam rem distinctio e', 'fugit'),
(509, 217, 3, 'Necessitatibus veniam ipsum ipsa deleniti mag', 'voluptates'),
(510, 218, 2, 'Tempore quaerat aliquid.', 'culpa'),
(511, 220, 3, 'Quos quasi tempora recusandae asperiores duci', 'fuga'),
(512, 220, 2, 'Maiores repudiandae rerum ex doloremque.', 'harum'),
(513, 221, 2, 'Dolor atque sit in modi consequuntur.', 'laboriosam'),
(514, 221, 3, 'Cupiditate officiis nisi repudiandae voluptat', 'rem'),
(515, 222, 1, 'Eos harum temporibus nulla.', 'quidem'),
(516, 222, 2, 'Incidunt expedita architecto perspiciatis dol', 'vero'),
(517, 223, 1, 'Fuga sunt assumenda nam.', 'assumenda'),
(518, 223, 3, 'Dolorem officia temporibus rem nisi.', 'dignissimos'),
(519, 224, 2, 'Accusantium suscipit deleniti dicta provident', 'nemo'),
(520, 224, 1, 'Alias blanditiis ipsam tempora laboriosam eos', 'voluptates'),
(521, 224, 2, 'Repudiandae voluptate corrupti deleniti nulla', 'voluptate'),
(522, 225, 1, 'Inventore fugit tempore esse.', 'eum'),
(523, 225, 1, 'Nostrum magni hic ipsam totam consectetur com', 'nam'),
(524, 225, 2, 'Nam minima tempore tempore aliquid ipsa.', 'reprehenderit'),
(525, 225, 3, 'Incidunt provident aliquam tempore inventore ', 'nam'),
(526, 226, 1, 'Nam reprehenderit cum tenetur ab.', 'quas'),
(527, 226, 1, 'Ducimus iure minima at nobis debitis error.', 'quibusdam'),
(528, 226, 2, 'Impedit iste quae id fugiat totam.', 'corporis'),
(529, 226, 3, 'Neque fuga delectus odit possimus natus cum.', 'blanditiis'),
(530, 228, 1, 'Nemo deleniti provident deleniti voluptates.', 'laborum'),
(531, 229, 3, 'Asperiores odio quasi cum atque possimus repe', 'facilis'),
(532, 230, 2, 'Voluptatem ea optio distinctio alias natus qu', 'minima'),
(533, 230, 2, 'Doloribus quisquam sapiente rem.', 'perspiciatis'),
(534, 230, 3, 'Reprehenderit quos vitae a.', 'accusantium'),
(535, 231, 1, 'Aliquid ipsa modi aspernatur odit repellat mo', 'tenetur'),
(536, 232, 2, 'Dolor corrupti deleniti fugiat tempora conseq', 'sapiente'),
(537, 232, 2, 'Ipsa odio quam rerum vel.', 'corrupti'),
(538, 233, 2, 'Laudantium odio laudantium voluptas.', 'inventore'),
(539, 233, 2, 'Quae voluptatibus tenetur blanditiis accusamu', 'delectus'),
(540, 233, 3, 'Rerum quis eum corrupti deleniti aliquam.', 'beatae'),
(541, 234, 1, 'Voluptatibus praesentium architecto impedit q', 'dolore'),
(542, 235, 2, 'Illo provident delectus consequuntur esse mod', 'perspiciatis'),
(543, 236, 3, 'Sit tenetur eveniet alias provident sequi dol', 'similique'),
(544, 236, 2, 'Dolorem fugiat soluta dignissimos quod volupt', 'impedit'),
(545, 236, 2, 'Voluptas magnam explicabo sunt consequatur vi', 'iste'),
(546, 236, 1, 'Quis esse ea optio veritatis perferendis moll', 'in'),
(547, 237, 2, 'Architecto ipsa hic molestias vero.', 'animi'),
(548, 237, 2, 'Numquam nesciunt neque praesentium est dolori', 'labore'),
(549, 237, 2, 'Temporibus deleniti facilis molestiae veniam ', 'inventore'),
(550, 237, 1, 'Cumque nam praesentium cumque.', 'velit'),
(551, 237, 1, 'Totam quasi veritatis perspiciatis.', 'sint'),
(552, 238, 2, 'Animi eveniet rem reiciendis repellat repelle', 'ex'),
(553, 239, 3, 'Veniam aperiam provident expedita deserunt.', 'suscipit'),
(554, 241, 1, 'Perspiciatis accusamus saepe explicabo vel.', 'error'),
(555, 241, 2, 'Voluptatum in excepturi vitae ipsa.', 'placeat'),
(556, 241, 2, 'Nobis alias dicta exercitationem in perferend', 'dolore'),
(557, 242, 2, 'Aspernatur similique quo laboriosam voluptate', 'explicabo'),
(558, 242, 2, 'Aut eius aliquid perferendis debitis.', 'fugiat'),
(559, 242, 3, 'Veritatis at quidem vel rerum quas.', 'quod'),
(560, 242, 3, 'Delectus soluta pariatur quasi corporis.', 'delectus'),
(561, 243, 1, 'Doloribus unde dolorem totam.', 'pariatur'),
(562, 243, 2, 'Culpa repudiandae vero sapiente.', 'a'),
(563, 244, 2, 'Fuga modi maiores ea dolor.', 'eos'),
(564, 244, 1, 'Exercitationem ab adipisci voluptates praesen', 'voluptatum'),
(565, 244, 2, 'Magni consequatur porro eum aspernatur volupt', 'ipsa'),
(566, 244, 1, 'Accusantium sint enim porro.', 'blanditiis'),
(567, 244, 2, 'Voluptas dolorum eaque earum suscipit et.', 'beatae'),
(568, 245, 2, 'Eius assumenda quaerat blanditiis totam.', 'expedita'),
(569, 245, 2, 'Omnis aut sapiente modi nostrum.', 'nemo'),
(570, 245, 3, 'Laudantium perferendis exercitationem recusan', 'totam'),
(571, 246, 1, 'Animi exercitationem alias quia.', 'accusamus'),
(572, 246, 3, 'Voluptates reprehenderit amet deserunt ipsam ', 'minima'),
(573, 246, 2, 'Molestias nulla excepturi magnam.', 'illo'),
(574, 246, 2, 'Culpa natus amet totam.', 'quasi'),
(575, 246, 2, 'Eius veniam facilis esse nobis.', 'minima'),
(576, 247, 1, 'Nisi dicta quod porro labore deleniti.', 'blanditiis'),
(577, 247, 3, 'Facere iusto perferendis vero sequi at cupidi', 'vel'),
(578, 247, 3, 'Laudantium porro nulla.', 'quidem'),
(579, 247, 2, 'Dolorum eius quam voluptatibus.', 'consectetur'),
(580, 249, 3, 'Voluptatum nulla consequuntur blanditiis occa', 'assumenda'),
(581, 250, 2, 'Nostrum doloribus id cum quo.', 'alias'),
(582, 250, 2, 'Itaque saepe tempore voluptatem sint.', 'quam'),
(583, 250, 3, 'Commodi distinctio repellendus quis voluptatu', 'voluptates'),
(584, 250, 1, 'Ad occaecati assumenda officiis.', 'modi'),
(585, 251, 2, 'Quam aspernatur natus quia animi accusamus es', 'doloribus'),
(586, 251, 2, 'Occaecati rerum voluptate culpa aliquid nesci', 'sit'),
(587, 251, 3, 'Error necessitatibus officia minima incidunt.', 'ducimus'),
(588, 251, 2, 'Ratione consequatur est eligendi.', 'impedit'),
(589, 252, 3, 'Debitis commodi libero quia autem saepe.', 'quis'),
(590, 252, 3, 'Maxime nisi tenetur cupiditate.', 'explicabo'),
(591, 252, 2, 'Soluta nobis provident harum dolorem.', 'ad'),
(592, 252, 1, 'Et numquam sint.', 'odit'),
(593, 252, 3, 'Ab omnis voluptatibus recusandae quod.', 'illo'),
(594, 253, 1, 'Consectetur quis veritatis error ullam nemo c', 'quisquam'),
(595, 254, 1, 'Suscipit inventore numquam repellendus.', 'ducimus'),
(596, 254, 2, 'Quis perspiciatis voluptatibus quibusdam ulla', 'culpa'),
(597, 255, 1, 'Magnam vitae nesciunt blanditiis.', 'iure'),
(598, 256, 2, 'Voluptas odit dolore laborum explicabo volupt', 'deserunt'),
(599, 256, 2, 'Consequuntur quidem quaerat tempore dolor.', 'modi'),
(600, 256, 3, 'Vero qui eum alias impedit eveniet odio volup', 'pariatur'),
(601, 257, 2, 'Itaque voluptas nesciunt.', 'ipsam'),
(602, 257, 3, 'Numquam quasi illo cumque eveniet laudantium ', 'architecto'),
(603, 257, 2, 'Asperiores reiciendis excepturi ratione disti', 'nesciunt'),
(604, 258, 3, 'Totam expedita assumenda dignissimos.', 'molestias'),
(605, 258, 1, 'Quo saepe laudantium ipsam quam.', 'molestias'),
(606, 259, 1, 'Veniam doloribus aut reiciendis voluptatem.', 'nemo'),
(607, 260, 2, 'Reprehenderit voluptatibus quam est impedit m', 'culpa'),
(608, 260, 2, 'Distinctio sapiente omnis aut deleniti ipsum.', 'repellendus'),
(609, 261, 1, 'Ullam accusamus magnam libero in laboriosam f', 'ut'),
(610, 261, 1, 'Dolorum ut consequatur delectus.', 'laboriosam'),
(611, 261, 1, 'Id possimus perferendis alias.', 'nisi'),
(612, 261, 2, 'Aspernatur eos occaecati neque inventore.', 'dolores'),
(613, 262, 1, 'Facilis minima omnis molestias sit facere duc', 'nostrum'),
(614, 262, 3, 'Fugit doloremque inventore ducimus.', 'cumque'),
(615, 262, 1, 'Consectetur ab quidem architecto.', 'doloribus'),
(616, 262, 3, 'Perspiciatis aut repellendus facere sunt eius', 'nam'),
(617, 263, 1, 'Architecto vitae blanditiis laudantium sit do', 'nulla'),
(618, 263, 3, 'Nisi minima sint aspernatur odit dicta archit', 'quisquam'),
(619, 263, 2, 'Nemo illo temporibus.', 'maiores'),
(620, 263, 3, 'Exercitationem saepe eius placeat inventore u', 'accusamus'),
(621, 264, 2, 'Nobis facilis necessitatibus itaque aliquam a', 'fugiat'),
(622, 264, 2, 'Odit officia laborum.', 'eaque'),
(623, 265, 2, 'At illo consequuntur enim a minus expedita qu', 'quas'),
(624, 265, 1, 'Blanditiis nobis odit facere ab eligendi comm', 'officiis'),
(625, 265, 1, 'Suscipit odit repellendus recusandae numquam.', 'tenetur'),
(626, 265, 1, 'Veritatis itaque soluta ea optio iusto maiore', 'dolorum'),
(627, 265, 2, 'Reprehenderit ullam nihil ipsum ad accusamus ', 'illum'),
(628, 266, 1, 'Itaque porro ut quibusdam velit ipsa.', 'recusandae'),
(629, 266, 2, 'Distinctio minima culpa.', 'enim'),
(630, 266, 3, 'Asperiores sequi aperiam soluta.', 'expedita'),
(631, 266, 1, 'Occaecati repudiandae enim ullam earum dolore', 'sit'),
(632, 266, 1, 'Animi nesciunt id.', 'pariatur'),
(633, 267, 1, 'Occaecati ex autem enim qui consectetur.', 'ab'),
(634, 267, 3, 'At laboriosam sit illum rerum quae.', 'eos'),
(635, 268, 3, 'Officiis blanditiis ad eveniet.', 'iure'),
(636, 268, 1, 'Architecto culpa blanditiis voluptatum esse c', 'non'),
(637, 268, 3, 'Omnis enim at.', 'blanditiis'),
(638, 269, 3, 'Eaque ducimus nemo.', 'vero'),
(639, 269, 1, 'Libero beatae sequi porro in ab voluptatum.', 'atque'),
(640, 269, 1, 'Voluptas earum impedit repellat fugit qui qui', 'maxime'),
(641, 270, 3, 'Alias accusantium error error sunt nostrum.', 'alias'),
(642, 270, 3, 'Et distinctio placeat ex excepturi.', 'aliquam'),
(643, 270, 1, 'Totam nihil enim.', 'molestiae'),
(644, 270, 3, 'Sit voluptatem hic provident.', 'aliquam'),
(645, 270, 3, 'Soluta nisi possimus harum explicabo hic quis', 'accusantium'),
(646, 271, 1, 'Dolore veritatis atque placeat autem.', 'ad'),
(647, 271, 2, 'Expedita doloribus itaque distinctio accusamu', 'odio'),
(648, 271, 2, 'Odio ad rerum debitis beatae ipsam repellat.', 'eius'),
(649, 273, 1, 'Est esse porro quod doloribus accusantium rer', 'maxime'),
(650, 273, 3, 'Quam assumenda provident quae molestiae iste.', 'quo'),
(651, 274, 2, 'Repellat libero maxime.', 'molestias'),
(652, 274, 3, 'Inventore similique impedit eveniet adipisci.', 'ut'),
(653, 274, 3, 'Molestiae recusandae nobis nam labore ipsam.', 'labore'),
(654, 278, 2, 'Cumque possimus architecto adipisci iure cum.', 'fuga'),
(655, 278, 2, 'Ipsum saepe praesentium minima cum ad adipisc', 'architecto'),
(656, 278, 1, 'Odio ab aperiam tenetur.', 'est'),
(657, 279, 2, 'Tempora vitae atque.', 'suscipit'),
(658, 279, 1, 'Molestias sit perferendis architecto soluta m', 'vitae'),
(659, 280, 1, 'Eaque molestiae saepe optio iusto aliquam nam', 'fuga'),
(660, 280, 3, 'Eos ipsum laboriosam reprehenderit repellendu', 'labore'),
(661, 280, 1, 'Laudantium exercitationem earum eligendi labo', 'provident'),
(662, 280, 3, 'Maiores culpa nam maxime numquam vitae quisqu', 'saepe'),
(663, 280, 1, 'Suscipit deserunt veniam eius perspiciatis co', 'commodi'),
(664, 281, 3, 'Quidem dicta sed perferendis facere rerum.', 'natus'),
(665, 282, 2, 'Soluta beatae aliquam optio soluta.', 'repellendus'),
(666, 282, 1, 'Alias nostrum maiores sint soluta nobis fugit', 'odit'),
(667, 283, 2, 'Expedita nulla animi adipisci assumenda sint ', 'odit'),
(668, 283, 1, 'Quasi porro dolorem perspiciatis.', 'nam'),
(669, 283, 2, 'Saepe sit numquam et aliquam suscipit nihil.', 'error'),
(670, 283, 1, 'Voluptas modi iusto error maiores sapiente vo', 'ullam'),
(671, 284, 2, 'Expedita pariatur necessitatibus non nostrum ', 'occaecati'),
(672, 284, 3, 'Harum dolorem voluptates eum aliquam magni.', 'pariatur'),
(673, 284, 3, 'Praesentium quasi temporibus quibusdam verita', 'illum'),
(674, 284, 1, 'Itaque soluta culpa aliquam iusto consequuntu', 'molestiae'),
(675, 285, 2, 'Est alias ullam eum eos debitis corrupti.', 'quidem'),
(676, 285, 1, 'Eos ducimus praesentium repellendus quaerat i', 'nihil'),
(677, 285, 3, 'Inventore dolore accusamus.', 'soluta'),
(678, 286, 1, 'Tempore dolores laborum odio nobis.', 'debitis'),
(679, 286, 3, 'Deleniti qui qui possimus.', 'deserunt'),
(680, 287, 1, 'Animi quod ratione culpa.', 'eaque'),
(681, 287, 2, 'Ducimus impedit dolor.', 'nulla'),
(682, 288, 1, 'Veniam ad ea voluptas ratione amet voluptate ', 'libero'),
(683, 288, 3, 'Commodi repellat rem consequatur.', 'odit'),
(684, 288, 1, 'Architecto assumenda ab cupiditate omnis repr', 'animi'),
(685, 288, 1, 'Vel praesentium architecto quasi id hic.', 'nemo'),
(686, 291, 2, 'Sapiente vero consequuntur iure occaecati ten', 'unde'),
(687, 291, 1, 'Porro iure non fuga id architecto.', 'suscipit'),
(688, 291, 1, 'Laudantium enim reprehenderit distinctio blan', 'natus'),
(689, 291, 1, 'Reprehenderit cumque omnis eos maiores sapien', 'neque'),
(690, 292, 3, 'Similique repudiandae aliquid eaque voluptate', 'nemo'),
(691, 294, 3, 'Adipisci expedita blanditiis culpa.', 'sint'),
(692, 294, 3, 'Esse saepe officia.', 'ut'),
(693, 294, 3, 'Aut cupiditate quaerat sapiente harum.', 'quibusdam'),
(694, 295, 3, 'Consectetur quasi ipsa vel.', 'eum'),
(695, 295, 3, 'Soluta non explicabo dignissimos minus volupt', 'necessitatibus'),
(696, 297, 2, 'Explicabo suscipit nulla beatae.', 'veniam'),
(697, 297, 3, 'Incidunt tenetur deserunt assumenda commodi i', 'maxime'),
(698, 297, 3, 'Sapiente modi dolorum.', 'similique'),
(699, 297, 1, 'Explicabo voluptate cum quia asperiores verit', 'magni'),
(700, 297, 1, 'Magnam commodi repellendus.', 'ipsum'),
(701, 298, 1, 'Dolorem saepe ipsam.', 'suscipit'),
(702, 298, 3, 'Iure vitae impedit eum.', 'voluptatibus'),
(703, 299, 2, 'Veniam necessitatibus nisi dolor temporibus c', 'ab'),
(704, 299, 3, 'Atque fugiat doloribus tenetur sunt at.', 'dolorem'),
(705, 299, 1, 'Molestiae harum enim officia deleniti.', 'suscipit'),
(706, 299, 1, 'At quo suscipit totam possimus sapiente quis.', 'nobis'),
(707, 299, 1, 'Libero laudantium fugiat voluptate laudantium', 'fuga'),
(708, 300, 2, 'Sequi nam ipsam eligendi.', 'mollitia'),
(709, 301, 3, 'Enim ea reiciendis quis amet dignissimos.', 'nostrum'),
(710, 302, 2, 'Omnis quo officiis dicta enim ipsa doloribus.', 'culpa'),
(711, 304, 3, 'Veritatis perferendis consequatur ea harum re', 'maxime'),
(712, 304, 2, 'Autem tenetur quo soluta.', 'nisi'),
(713, 304, 3, 'Quasi numquam iusto.', 'vitae'),
(714, 305, 1, 'Dolor non architecto natus quo dolor.', 'odit'),
(715, 305, 3, 'Veritatis fugit minima cum.', 'neque'),
(716, 305, 1, 'Sed labore earum culpa saepe quos.', 'iusto'),
(717, 305, 2, 'Eum deserunt architecto ipsam atque doloremqu', 'iste'),
(718, 306, 3, 'Repudiandae quidem necessitatibus dolorem odi', 'occaecati'),
(719, 306, 1, 'Autem ullam officia sint eum autem.', 'distinctio'),
(720, 306, 1, 'Saepe tempore explicabo dolore eius sequi exe', 'commodi'),
(721, 306, 1, 'Voluptatum odit libero iste fuga cum praesent', 'maxime'),
(722, 306, 1, 'Aliquid sit fuga molestias nulla quia earum.', 'voluptatibus'),
(723, 307, 1, 'Enim impedit aperiam blanditiis quibusdam.', 'sint'),
(724, 308, 1, 'Omnis neque saepe rem animi minus.', 'quibusdam'),
(725, 308, 1, 'Voluptas fugiat tenetur ea numquam.', 'dolorem'),
(726, 308, 1, 'Quia quas placeat dignissimos perferendis ali', 'dolores'),
(727, 308, 2, 'Dolores laborum iure quasi.', 'incidunt'),
(728, 308, 2, 'Labore doloremque voluptates laudantium quis.', 'doloribus'),
(729, 309, 3, 'Atque quisquam sapiente nisi quos veniam.', 'alias'),
(730, 309, 1, 'Quisquam id est nulla molestiae.', 'hic'),
(731, 310, 1, 'Officia repellendus molestias ex nemo.', 'harum'),
(732, 310, 1, 'Culpa esse ut.', 'voluptas'),
(733, 310, 1, 'Quos accusamus ab.', 'dicta'),
(734, 310, 2, 'Qui iste ut placeat dolorem.', 'pariatur'),
(735, 311, 1, 'Perspiciatis nostrum error excepturi quos.', 'officiis'),
(736, 311, 1, 'Ducimus fuga laboriosam exercitationem magni ', 'voluptate'),
(737, 311, 2, 'Sit laudantium debitis eum maiores.', 'illo'),
(738, 311, 1, 'Corporis vitae facilis.', 'repudiandae'),
(739, 311, 1, 'Voluptatibus id dignissimos ab excepturi at.', 'blanditiis'),
(740, 312, 2, 'Doloribus quibusdam nesciunt exercitationem.', 'reiciendis'),
(741, 313, 3, 'Dolores perferendis officiis molestias neque ', 'tenetur'),
(742, 313, 3, 'Error repudiandae in minus temporibus.', 'non'),
(743, 313, 2, 'Dignissimos nostrum eligendi temporibus digni', 'nisi'),
(744, 314, 2, 'Libero quod eum nobis veniam laboriosam corru', 'temporibus'),
(745, 314, 2, 'Omnis ad voluptates expedita cum.', 'id'),
(746, 314, 3, 'Consequatur tempore asperiores dolor ad.', 'quas'),
(747, 314, 3, 'Exercitationem labore qui voluptas dolores nu', 'quisquam'),
(748, 314, 2, 'Porro doloremque tenetur consectetur esse sit', 'voluptatum'),
(749, 315, 2, 'Natus ipsum maxime doloremque.', 'tempore'),
(750, 315, 1, 'Minima occaecati deleniti ullam.', 'adipisci'),
(751, 315, 2, 'Enim doloribus facilis doloremque officiis.', 'quasi'),
(752, 315, 3, 'Consectetur maxime praesentium ullam.', 'optio'),
(753, 316, 2, 'Veniam vel sed non perferendis.', 'non'),
(754, 316, 3, 'Sint nemo quasi.', 'repudiandae'),
(755, 316, 3, 'Blanditiis quas voluptas recusandae iusto nat', 'quasi'),
(756, 317, 2, 'Impedit fugit nesciunt velit est laborum magn', 'labore'),
(757, 317, 2, 'Cumque distinctio possimus quis tempore.', 'quibusdam'),
(758, 317, 2, 'Tenetur ipsum sunt eaque doloribus laboriosam', 'inventore'),
(759, 318, 2, 'Nam molestiae natus eveniet ut aliquid.', 'inventore'),
(760, 318, 2, 'Eaque praesentium corporis repudiandae.', 'asperiores'),
(761, 318, 1, 'Exercitationem ut adipisci molestiae dolor re', 'iusto'),
(762, 318, 2, 'Repellat quasi quae culpa consequatur.', 'nobis'),
(763, 318, 2, 'Atque mollitia repellat perspiciatis.', 'praesentium'),
(764, 319, 2, 'Quod magnam alias sit quod recusandae similiq', 'modi'),
(765, 319, 2, 'Labore quaerat delectus ea modi.', 'commodi'),
(766, 319, 1, 'Voluptas expedita nostrum.', 'nisi'),
(767, 319, 3, 'Qui quis cupiditate vero sed.', 'ea'),
(768, 320, 1, 'Ratione sit quos quas.', 'voluptates'),
(769, 321, 3, 'Mollitia odit consequuntur possimus eius opti', 'numquam'),
(770, 321, 3, 'Cumque voluptate aliquid temporibus.', 'exercitationem'),
(771, 321, 2, 'Iure sed aspernatur necessitatibus.', 'illo'),
(772, 322, 2, 'Id quod laboriosam itaque.', 'reprehenderit'),
(773, 322, 3, 'Accusantium repellat eius eligendi fuga dicta', 'quaerat'),
(774, 322, 2, 'Non quibusdam consectetur quaerat voluptatum.', 'molestiae'),
(775, 322, 3, 'Deleniti officiis minus voluptates.', 'quam'),
(776, 322, 3, 'Sint similique tenetur ipsa impedit.', 'nam'),
(777, 323, 1, 'Molestiae accusamus beatae asperiores distinc', 'omnis'),
(778, 323, 3, 'Tenetur quasi delectus consectetur deserunt r', 'autem'),
(779, 323, 3, 'Beatae enim adipisci ea deserunt nobis.', 'itaque'),
(780, 325, 2, 'Quasi voluptatum placeat consequatur totam pr', 'recusandae'),
(781, 325, 1, 'Sequi fugiat aspernatur et nam illo.', 'quaerat'),
(782, 326, 2, 'Cupiditate ipsam perspiciatis tempore praesen', 'dolores'),
(783, 328, 1, 'Quam numquam tenetur animi est consequuntur t', 'ullam'),
(784, 329, 3, 'Officia maxime error sit fuga quas ullam.', 'fugit'),
(785, 330, 2, 'Exercitationem voluptatibus quisquam eaque a ', 'facilis'),
(786, 330, 3, 'Modi eos aspernatur corporis repellat atque.', 'architecto'),
(787, 331, 3, 'Debitis esse et quia aliquam iste repellat.', 'corrupti'),
(788, 331, 1, 'Aliquam veritatis ipsam placeat corrupti.', 'dignissimos'),
(789, 331, 2, 'Voluptate sint fugit accusamus ullam.', 'vel'),
(790, 331, 3, 'Consectetur ipsa quos omnis qui itaque.', 'quasi'),
(791, 331, 1, 'Magnam non velit ea facilis.', 'quam'),
(792, 332, 2, 'Aut aliquid incidunt.', 'facere'),
(793, 332, 1, 'Iusto in nesciunt doloremque eveniet dolorum ', 'exercitationem'),
(794, 332, 3, 'Sint nisi esse pariatur dolorem recusandae.', 'placeat'),
(795, 333, 3, 'Adipisci quaerat alias laudantium nesciunt ma', 'possimus'),
(796, 333, 3, 'Pariatur rerum iste dolor excepturi.', 'soluta'),
(797, 334, 3, 'Nam ducimus corporis explicabo voluptatem nes', 'quod'),
(798, 334, 2, 'Corporis a porro id consequatur.', 'consequatur'),
(799, 334, 1, 'Nemo eveniet repellat dolorum accusamus volup', 'iste'),
(800, 334, 1, 'Consequatur quibusdam porro vel.', 'voluptatum'),
(801, 336, 2, 'Quos temporibus fuga quia consectetur.', 'molestiae'),
(802, 336, 2, 'Voluptatibus ea rerum officia.', 'dicta'),
(803, 337, 3, 'Repellendus doloribus dolorem reiciendis comm', 'repudiandae'),
(804, 338, 3, 'Vero nam perferendis deleniti porro quia.', 'beatae'),
(805, 338, 3, 'Atque neque quaerat occaecati dolores nemo po', 'repellendus'),
(806, 339, 3, 'Ab eaque veniam vel blanditiis ducimus omnis.', 'cumque'),
(807, 339, 1, 'Maiores tempora ea eum illum at eum.', 'nostrum'),
(808, 339, 1, 'Minus dolores quaerat quos unde architecto.', 'maxime'),
(809, 339, 2, 'Beatae ullam fuga sed a distinctio laudantium', 'cum'),
(810, 340, 3, 'Commodi saepe sunt atque iusto modi voluptati', 'aliquid'),
(811, 340, 2, 'Minima odit magnam tenetur magni odit quasi.', 'nobis'),
(812, 340, 3, 'Laudantium pariatur officia perspiciatis labo', 'reiciendis'),
(813, 340, 1, 'Maiores officiis recusandae optio quo.', 'itaque'),
(814, 341, 2, 'Nisi provident pariatur placeat officiis quas', 'unde'),
(815, 341, 2, 'Assumenda aspernatur quae molestias nisi.', 'recusandae'),
(816, 342, 1, 'Dolorem asperiores voluptatibus eaque.', 'culpa'),
(817, 342, 3, 'Expedita modi necessitatibus mollitia reicien', 'magni'),
(818, 342, 1, 'Tempora quisquam voluptatum aperiam.', 'iure'),
(819, 342, 3, 'Natus nihil ullam ullam eligendi.', 'dolor'),
(820, 342, 2, 'Voluptas quibusdam necessitatibus veritatis.', 'laudantium'),
(821, 343, 3, 'Eaque recusandae et voluptatem eligendi porro', 'et'),
(822, 343, 3, 'Accusantium fugit reiciendis facilis facilis ', 'ex'),
(823, 344, 2, 'Voluptates veritatis quos.', 'eligendi'),
(824, 347, 2, 'Ipsam aliquid reiciendis aliquam.', 'ratione'),
(825, 347, 2, 'Quos consequuntur quasi consequatur sunt.', 'vero'),
(826, 348, 1, 'Iste ab vel consequuntur excepturi blanditiis', 'ipsa'),
(827, 348, 2, 'Minus aut in consectetur error officia dignis', 'alias'),
(828, 348, 1, 'Cupiditate quisquam id minima.', 'quaerat'),
(829, 352, 2, 'Doloribus unde in quod ad pariatur ea.', 'repellendus'),
(830, 353, 1, 'Illo optio blanditiis sint itaque.', 'dolorem'),
(831, 353, 3, 'Facilis earum laudantium minima.', 'labore'),
(832, 353, 2, 'Libero laudantium quibusdam.', 'magnam'),
(833, 353, 2, 'Iste tempora nihil.', 'inventore'),
(834, 353, 2, 'Iusto pariatur quo deserunt atque atque ex co', 'optio'),
(835, 354, 1, 'Quibusdam iste laborum ullam debitis maiores ', 'laboriosam'),
(836, 354, 2, 'Asperiores nulla nostrum maxime fuga saepe en', 'at'),
(837, 354, 2, 'Corporis commodi dicta repellendus tempora as', 'ipsam'),
(838, 354, 1, 'Aliquid dignissimos atque sint maxime.', 'dignissimos'),
(839, 354, 3, 'Reiciendis dolore fuga occaecati.', 'accusamus'),
(840, 355, 2, 'Error rerum excepturi vitae dignissimos iure ', 'molestiae'),
(841, 355, 3, 'Unde dolorum occaecati architecto laudantium ', 'possimus'),
(842, 355, 1, 'Voluptates ipsa inventore eius voluptatibus c', 'autem'),
(843, 355, 3, 'Iste error officiis voluptatem iure modi.', 'nisi'),
(844, 356, 1, 'Quo aliquid quia quae ullam sunt ad tempora.', 'maxime'),
(845, 356, 3, 'Eius vitae quidem ea quam quo molestiae aperi', 'ut'),
(846, 356, 2, 'Iusto omnis dolorem ratione quibusdam totam a', 'voluptate'),
(847, 356, 1, 'Dolor dignissimos in cumque nam magnam maxime', 'sapiente'),
(848, 357, 1, 'Debitis hic exercitationem in officiis eos du', 'quam'),
(849, 358, 3, 'Soluta similique ipsum.', 'laudantium'),
(850, 358, 2, 'Aspernatur minus veniam perferendis.', 'voluptatibus'),
(851, 358, 3, 'Natus autem aliquid eveniet delectus maxime.', 'aliquam'),
(852, 359, 2, 'Labore eaque qui veritatis laboriosam.', 'esse'),
(853, 359, 2, 'Libero perspiciatis consequatur doloremque cu', 'libero'),
(854, 359, 3, 'Velit at iste commodi quae architecto.', 'quaerat'),
(855, 359, 1, 'Et ducimus quasi architecto error.', 'ea'),
(856, 359, 3, 'Quos rerum temporibus molestias minus dolorum', 'totam'),
(857, 360, 3, 'Excepturi numquam quos inventore laudantium v', 'repudiandae'),
(858, 360, 1, 'Odio autem aut in vero recusandae a.', 'culpa'),
(859, 360, 1, 'Ea sunt dolorem dolores minus.', 'incidunt'),
(860, 360, 2, 'Ex ipsa vero voluptatibus.', 'dicta'),
(861, 360, 1, 'Necessitatibus odio vel.', 'quidem'),
(862, 361, 2, 'Tempora earum a amet praesentium quae enim oc', 'perferendis'),
(863, 361, 2, 'Inventore facere accusamus repudiandae.', 'saepe'),
(864, 361, 1, 'Consequuntur a itaque perferendis amet volupt', 'repellat'),
(865, 362, 1, 'Perferendis animi harum distinctio odio exerc', 'quam'),
(866, 362, 1, 'Consequuntur excepturi accusantium maiores.', 'ut'),
(867, 362, 3, 'Facilis temporibus sequi nihil esse.', 'eum'),
(868, 365, 3, 'Nobis molestias voluptates cumque ut temporib', 'sed'),
(869, 365, 1, 'Deleniti suscipit voluptates exercitationem s', 'officiis'),
(870, 365, 3, 'Sed soluta nemo in saepe sapiente.', 'voluptates'),
(871, 366, 3, 'Nisi et et asperiores.', 'rem'),
(872, 366, 3, 'Quod voluptate fuga officiis explicabo ab.', 'odit'),
(873, 366, 2, 'Labore veritatis laboriosam magnam vel.', 'quaerat'),
(874, 367, 1, 'Nulla ipsa consequuntur.', 'magni'),
(875, 369, 3, 'Officia quas sapiente possimus sit nobis.', 'aliquid'),
(876, 370, 1, 'Maiores consequatur nostrum veritatis.', 'earum'),
(877, 371, 3, 'Perspiciatis laudantium in reprehenderit eos ', 'ipsum'),
(878, 371, 2, 'Expedita veritatis ipsum tenetur accusamus ei', 'quae'),
(879, 372, 2, 'Pariatur dolorem dignissimos.', 'culpa'),
(880, 372, 3, 'Assumenda numquam odit nisi repellat molestia', 'tenetur'),
(881, 374, 2, 'Quam vitae totam doloremque magnam.', 'dignissimos'),
(882, 374, 1, 'Eligendi rerum repellat.', 'non'),
(883, 375, 2, 'Aut hic a incidunt.', 'ipsam'),
(884, 375, 1, 'Sequi quas minima vero hic.', 'laborum'),
(885, 375, 2, 'Possimus quasi totam aliquam atque accusantiu', 'numquam'),
(886, 375, 2, 'Aliquid aut eos impedit itaque odit.', 'similique'),
(887, 375, 1, 'Similique odit exercitationem amet repellendu', 'earum'),
(888, 376, 3, 'Facere ab corporis voluptas aperiam harum.', 'quis'),
(889, 377, 1, 'Non velit voluptatem ea mollitia eligendi.', 'saepe'),
(890, 378, 1, 'Accusamus molestias nemo sed.', 'veniam'),
(891, 378, 3, 'Doloremque quo sunt recusandae in molestiae d', 'deleniti'),
(892, 379, 3, 'Iure suscipit itaque magni quia.', 'molestiae'),
(893, 379, 3, 'Repudiandae deserunt adipisci iure voluptas c', 'impedit'),
(894, 379, 3, 'Unde non quos voluptate architecto quidem.', 'esse'),
(895, 379, 1, 'Dolorem nesciunt sit quod pariatur deserunt.', 'eligendi'),
(896, 379, 1, 'Ad odit cum soluta laudantium.', 'placeat'),
(897, 380, 2, 'Eaque fuga illo iure dignissimos.', 'incidunt'),
(898, 380, 3, 'Quis pariatur officiis quos sunt consequuntur', 'dolore'),
(899, 380, 1, 'Unde ipsa aspernatur facere commodi.', 'deleniti'),
(900, 382, 1, 'Repellat aut sit.', 'facilis'),
(901, 382, 3, 'Animi eius commodi animi nostrum vitae.', 'ipsum'),
(902, 383, 1, 'Vero atque praesentium maiores fugit.', 'soluta'),
(903, 383, 3, 'Ipsam quia atque quisquam.', 'quam'),
(904, 384, 2, 'Ex voluptatum harum doloribus minima consequu', 'reprehenderit'),
(905, 384, 3, 'Temporibus provident occaecati doloribus dolo', 'dolor'),
(906, 385, 1, 'Maxime dicta repudiandae molestias quisquam p', 'debitis'),
(907, 385, 1, 'Reprehenderit repellat enim repudiandae eum a', 'accusamus'),
(908, 386, 3, 'Quibusdam beatae porro quidem eum.', 'distinctio'),
(909, 386, 2, 'Iste id sunt earum laudantium odio.', 'maiores'),
(910, 386, 3, 'Voluptatibus tenetur maiores vitae.', 'repellendus'),
(911, 386, 1, 'Consequatur harum in neque reprehenderit.', 'officiis'),
(912, 386, 2, 'Quidem officiis quaerat cupiditate nostrum si', 'accusamus'),
(913, 387, 2, 'Dolor alias doloremque vitae ad quaerat.', 'excepturi'),
(914, 387, 2, 'Quam unde nostrum quidem.', 'libero'),
(915, 387, 2, 'Dolor ratione explicabo illum reiciendis.', 'fugit'),
(916, 389, 3, 'Eaque architecto corrupti blanditiis perspici', 'eveniet'),
(917, 389, 1, 'Magni quaerat nobis iste at.', 'molestias'),
(918, 389, 1, 'Ad pariatur ex consequatur asperiores illo hi', 'quos'),
(919, 392, 3, 'Nam aut animi minus quibusdam.', 'molestias'),
(920, 392, 1, 'Itaque fuga nisi exercitationem aut ad.', 'nesciunt'),
(921, 392, 2, 'Aliquid necessitatibus eveniet sapiente sapie', 'incidunt'),
(922, 393, 3, 'In neque aperiam perferendis nihil ipsum id.', 'accusantium'),
(923, 393, 1, 'Nam nam et hic.', 'dolorem'),
(924, 393, 3, 'Quia in exercitationem fuga voluptas corporis', 'sunt'),
(925, 393, 1, 'In necessitatibus nam.', 'est'),
(926, 394, 2, 'Ullam est enim dicta fugiat recusandae simili', 'vel'),
(927, 394, 1, 'Facilis perferendis distinctio.', 'unde'),
(928, 394, 3, 'Minus repellendus aliquam similique dolore fu', 'aperiam'),
(929, 394, 2, 'Tempora nulla officiis rem quod ducimus excep', 'porro'),
(930, 395, 1, 'Iste reiciendis laborum dolorum culpa dolorem', 'consectetur'),
(931, 395, 2, 'Enim natus labore nulla totam earum ipsa ipsa', 'magni'),
(932, 395, 2, 'Molestias voluptas atque.', 'doloribus'),
(933, 398, 2, 'Vero repudiandae itaque earum minima laudanti', 'aliquam'),
(934, 398, 1, 'Ad illum voluptatibus doloremque labore dolor', 'recusandae'),
(935, 399, 2, 'Neque eius necessitatibus optio quasi.', 'dolorem'),
(936, 399, 3, 'Unde consequatur mollitia ipsam.', 'fugit'),
(937, 399, 1, 'Architecto suscipit perspiciatis.', 'eum'),
(938, 401, 2, 'Error pariatur ratione cumque.', 'sed'),
(939, 403, 3, 'Aliquam eaque quidem natus nam dolores ducimu', 'repellat'),
(940, 404, 2, 'Recusandae dignissimos atque quos officia ut.', 'sint'),
(941, 404, 3, 'Inventore et beatae optio eaque eaque ad odit', 'fugiat'),
(942, 404, 1, 'Doloribus minus minima dicta sapiente dolorib', 'aliquid'),
(943, 404, 1, 'Totam minus numquam consequatur quaerat at la', 'consectetur'),
(944, 404, 3, 'Nam eum facere tempora quasi.', 'in'),
(945, 405, 1, 'Recusandae asperiores fuga culpa itaque tenet', 'temporibus'),
(946, 405, 3, 'Sint id illo iusto reiciendis accusamus.', 'sint'),
(947, 406, 3, 'Doloremque blanditiis nisi eligendi.', 'itaque'),
(948, 406, 3, 'Eveniet eos voluptatibus adipisci recusandae ', 'aperiam'),
(949, 406, 3, 'Sint aperiam alias.', 'ullam'),
(950, 407, 2, 'Autem dicta reiciendis illo.', 'hic'),
(951, 407, 3, 'Perferendis quos beatae placeat consequatur p', 'eaque'),
(952, 407, 3, 'At earum consectetur animi iusto autem quam.', 'sapiente'),
(953, 407, 3, 'Harum doloremque ipsa odit totam.', 'voluptatem'),
(954, 407, 2, 'Aspernatur dolorem dolore explicabo voluptatu', 'dolores'),
(955, 408, 3, 'Pariatur perspiciatis minus ipsam assumenda r', 'reprehenderit'),
(956, 408, 3, 'Dolore veniam ea quidem.', 'dolore'),
(957, 408, 2, 'Sunt in dolore architecto excepturi eveniet v', 'quos'),
(958, 408, 1, 'Magnam harum ipsum adipisci quos modi.', 'a'),
(959, 408, 2, 'Et voluptatibus consequatur culpa alias moles', 'illum'),
(960, 409, 1, 'Atque cumque nulla temporibus voluptates.', 'voluptate'),
(961, 409, 1, 'Error soluta ullam quaerat sit sed.', 'error'),
(962, 410, 2, 'Qui magni tempora.', 'voluptatum'),
(963, 410, 1, 'Dolorum quasi unde hic maxime nesciunt magnam', 'iste'),
(964, 412, 3, 'Vero similique ab quo eos eum.', 'iste'),
(965, 414, 2, 'Veniam cum rerum quam exercitationem.', 'libero'),
(966, 414, 3, 'Libero modi occaecati culpa veniam itaque.', 'vero'),
(967, 420, 3, 'Sapiente tenetur autem mollitia recusandae al', 'tempore'),
(968, 420, 3, 'Vero blanditiis explicabo animi ipsam reprehe', 'inventore'),
(969, 421, 2, 'Unde omnis repudiandae natus et aliquam.', 'magni'),
(970, 421, 2, 'Blanditiis autem sequi animi esse eveniet neq', 'rerum'),
(971, 421, 1, 'Magnam nisi occaecati culpa accusantium deser', 'eos'),
(972, 422, 1, 'Voluptatem placeat facere at.', 'laborum'),
(973, 422, 3, 'Accusamus corporis molestiae perspiciatis vel', 'laborum'),
(974, 423, 2, 'Voluptatum quas et.', 'qui'),
(975, 423, 1, 'Non ipsum aliquam non.', 'dicta'),
(976, 423, 1, 'Doloremque soluta rem quibusdam saepe labore ', 'nesciunt'),
(977, 423, 1, 'Fugiat quam ut ea.', 'dicta'),
(978, 423, 3, 'Deleniti rem rerum similique cum.', 'corporis'),
(979, 424, 3, 'Voluptatem ex eaque recusandae nihil officia.', 'distinctio'),
(980, 424, 2, 'Veritatis ducimus quo id.', 'veritatis'),
(981, 424, 3, 'Consequuntur officiis harum in.', 'ad'),
(982, 424, 1, 'Distinctio explicabo dolor occaecati.', 'deleniti'),
(983, 424, 2, 'Fugiat velit iste ipsa reprehenderit corporis', 'aperiam'),
(984, 427, 2, 'Fuga explicabo rerum deserunt omnis nulla.', 'molestiae'),
(985, 427, 1, 'Reiciendis veniam ratione nesciunt perferendi', 'quos'),
(986, 427, 1, 'Aliquid porro nulla perferendis ratione.', 'excepturi'),
(987, 427, 2, 'Qui quaerat sunt dolores pariatur consequuntu', 'omnis'),
(988, 427, 1, 'Id autem quibusdam doloremque.', 'minus'),
(989, 428, 3, 'Odit rerum iusto debitis corrupti iusto quo.', 'libero'),
(990, 428, 3, 'Aut tenetur consequatur doloribus optio quos.', 'quae'),
(991, 428, 2, 'Iure aperiam delectus laborum unde sed deleni', 'tenetur'),
(992, 428, 1, 'Cum saepe eaque ipsum quisquam asperiores.', 'impedit'),
(993, 428, 2, 'Modi veniam magnam incidunt.', 'vero'),
(994, 429, 1, 'Eius aperiam occaecati illum.', 'vero'),
(995, 429, 1, 'Enim pariatur quidem.', 'non'),
(996, 431, 3, 'Eaque quae illo doloribus ullam.', 'praesentium'),
(997, 431, 3, 'Consequuntur quasi recusandae quod ut similiq', 'error'),
(998, 431, 1, 'Quisquam quibusdam pariatur quasi quam veniam', 'laudantium'),
(999, 432, 3, 'Iste veritatis ullam aliquid nam.', 'hic'),
(1000, 432, 2, 'Fugiat quaerat vitae quibusdam.', 'repudiandae'),
(1001, 432, 2, 'Voluptatem nihil ipsam.', 'quae'),
(1002, 432, 2, 'Deserunt iusto iure consequatur.', 'totam'),
(1003, 432, 1, 'Ducimus debitis suscipit unde autem recusanda', 'dolor'),
(1004, 433, 3, 'Voluptatem distinctio ab quisquam occaecati.', 'odio'),
(1005, 434, 3, 'Natus dolor quas sequi illo.', 'sit'),
(1006, 434, 3, 'Accusantium rem minima autem sapiente.', 'pariatur'),
(1007, 434, 3, 'Eveniet cumque maxime dolores illo cumque.', 'ad'),
(1008, 435, 3, 'Nostrum sunt vitae magni incidunt praesentium', 'possimus'),
(1009, 435, 1, 'Facere sint adipisci quod.', 'odit'),
(1010, 435, 1, 'Ipsa voluptate quidem praesentium eos placeat', 'occaecati'),
(1011, 435, 2, 'Iste assumenda ullam repudiandae recusandae p', 'perspiciatis'),
(1012, 436, 1, 'Minus veniam tempore facilis esse quos fuga.', 'quae'),
(1013, 436, 3, 'Eum iure autem quibusdam quae nesciunt reicie', 'iusto'),
(1014, 437, 3, 'Corrupti reprehenderit dignissimos doloremque', 'adipisci'),
(1015, 437, 2, 'Ad ea eos ipsum blanditiis modi sint.', 'tenetur'),
(1016, 438, 3, 'Illo vel accusantium voluptates.', 'sequi'),
(1017, 438, 3, 'Veniam molestiae modi illum vero.', 'cupiditate'),
(1018, 438, 2, 'Quam esse cupiditate incidunt.', 'porro'),
(1019, 439, 3, 'Totam nemo sed labore maxime.', 'voluptatum'),
(1020, 439, 3, 'Quos blanditiis a.', 'sequi'),
(1021, 439, 2, 'Corporis ratione facilis quisquam quidem dolo', 'quam'),
(1022, 442, 1, 'Non cupiditate porro vel nisi.', 'excepturi'),
(1023, 443, 1, 'Optio ullam ducimus reprehenderit qui.', 'veniam'),
(1024, 443, 2, 'Ipsa modi non quis excepturi minima nihil.', 'laborum'),
(1025, 445, 2, 'Odio nobis quod quisquam recusandae nemo ad.', 'eum'),
(1026, 445, 3, 'Minus dolore laborum blanditiis facere odit.', 'assumenda'),
(1027, 445, 1, 'Commodi blanditiis eius dolorum.', 'officiis'),
(1028, 445, 2, 'Rerum delectus porro rem.', 'et'),
(1029, 446, 1, 'Quam omnis deleniti consectetur nulla sunt il', 'perferendis'),
(1030, 446, 2, 'Eos architecto repellat quia officia quae eos', 'quia'),
(1031, 446, 2, 'Magni non expedita odit culpa incidunt molest', 'esse'),
(1032, 446, 3, 'Voluptate beatae tempore porro molestias illu', 'non'),
(1033, 446, 1, 'Expedita delectus architecto et inventore ius', 'dolore'),
(1034, 447, 1, 'Eligendi alias cupiditate ducimus nisi dolori', 'nam'),
(1035, 447, 3, 'At sed corrupti animi doloribus debitis offic', 'quisquam'),
(1036, 447, 2, 'Porro maiores ratione eos delectus quibusdam ', 'voluptatem'),
(1037, 447, 2, 'Aliquid necessitatibus dolorem maxime vitae p', 'amet'),
(1038, 447, 3, 'Assumenda maiores quae tenetur.', 'quibusdam'),
(1039, 448, 3, 'Qui dolor officiis numquam.', 'fuga'),
(1040, 448, 1, 'Quam provident sint alias asperiores.', 'consequatur'),
(1041, 448, 2, 'Dolore pariatur sit.', 'nostrum'),
(1042, 448, 2, 'Enim necessitatibus unde rem perspiciatis eve', 'ullam'),
(1043, 448, 3, 'Ipsam recusandae consequuntur in.', 'cum'),
(1044, 449, 1, 'Numquam qui veritatis reprehenderit.', 'adipisci'),
(1045, 449, 2, 'Repellendus officiis ipsum nemo magnam.', 'qui'),
(1046, 450, 3, 'Ea sapiente ut iusto excepturi commodi sapien', 'ut'),
(1047, 450, 1, 'Iusto magni possimus illum laboriosam.', 'maiores'),
(1048, 451, 2, 'Ratione maxime reiciendis deserunt saepe prov', 'corrupti'),
(1049, 451, 3, 'Vitae voluptatum nemo odio vero exercitatione', 'natus'),
(1050, 451, 2, 'Molestiae corporis voluptatum laborum.', 'minima'),
(1051, 451, 1, 'Quod corrupti aspernatur quibusdam quis alias', 'enim'),
(1052, 453, 1, 'Consectetur eius voluptates rem.', 'rerum'),
(1053, 453, 2, 'Alias autem eos.', 'officiis'),
(1054, 453, 1, 'Ut eaque accusamus dignissimos aut nemo eos.', 'officiis'),
(1055, 454, 2, 'Cumque modi iusto officia dolorum.', 'velit'),
(1056, 454, 1, 'Velit earum facere dolore.', 'voluptatibus'),
(1057, 455, 1, 'Repudiandae exercitationem a similique fugiat', 'quis'),
(1058, 455, 1, 'Aliquam quaerat officia animi repellendus vol', 'officiis'),
(1059, 455, 3, 'Nisi voluptate asperiores nulla fugiat facili', 'quaerat'),
(1060, 456, 2, 'Voluptates consequuntur eligendi nemo ullam.', 'corrupti'),
(1061, 456, 1, 'Dolorum at eum ullam.', 'expedita'),
(1062, 456, 3, 'Nemo placeat nisi.', 'assumenda'),
(1063, 456, 1, 'Officiis iusto aut aliquam optio tempore at i', 'nostrum'),
(1064, 457, 1, 'Sapiente officiis a laudantium autem.', 'expedita'),
(1065, 457, 3, 'Officiis alias aspernatur praesentium totam.', 'voluptatum'),
(1066, 457, 3, 'Quasi sed cum quis modi eaque.', 'mollitia'),
(1067, 457, 3, 'Hic sapiente blanditiis.', 'sint'),
(1068, 458, 3, 'Tempore quis quibusdam odio cupiditate consec', 'culpa'),
(1069, 458, 3, 'Delectus quia quia facilis.', 'ut'),
(1070, 458, 2, 'Molestias maiores fugiat dignissimos ut minim', 'voluptatibus'),
(1071, 458, 2, 'Magni corrupti nam dolore ullam ullam ex.', 'fuga'),
(1072, 459, 1, 'Fugiat enim harum voluptate similique.', 'optio'),
(1073, 459, 3, 'Non commodi commodi ipsam mollitia.', 'quas'),
(1074, 459, 3, 'Facilis placeat inventore nemo doloremque pro', 'praesentium'),
(1075, 459, 3, 'Aliquam dolor repellendus possimus nemo velit', 'repellat'),
(1076, 459, 1, 'Nihil adipisci deleniti recusandae provident.', 'modi'),
(1077, 460, 1, 'Suscipit fugit praesentium dolorum harum.', 'quaerat'),
(1078, 460, 2, 'Quasi commodi repudiandae eius.', 'consequatur'),
(1079, 461, 1, 'Vero possimus sunt dolorem autem qui alias pe', 'saepe'),
(1080, 461, 1, 'Magnam ullam ducimus minus.', 'corrupti'),
(1081, 461, 1, 'Ratione blanditiis nisi.', 'sint'),
(1082, 462, 3, 'Blanditiis eum recusandae optio.', 'facilis'),
(1083, 462, 3, 'Possimus ipsam odit doloremque nobis qui.', 'saepe'),
(1084, 463, 2, 'Suscipit vitae esse earum modi dignissimos at', 'eum'),
(1085, 464, 1, 'Possimus quaerat ipsum velit.', 'impedit'),
(1086, 465, 3, 'Quo fuga fugit beatae doloribus sit voluptate', 'fugiat'),
(1087, 465, 3, 'Sit maiores consequatur.', 'atque'),
(1088, 465, 2, 'Pariatur iste fuga.', 'enim'),
(1089, 466, 2, 'Labore minima repudiandae quisquam ipsum face', 'ex'),
(1090, 467, 2, 'Quaerat facilis tempore reprehenderit officia', 'nisi'),
(1091, 467, 2, 'Et commodi error facere modi.', 'enim'),
(1092, 467, 1, 'Praesentium tempora blanditiis eaque.', 'cum'),
(1093, 467, 1, 'Aut laudantium quod sed.', 'deleniti'),
(1094, 467, 2, 'Labore beatae rerum molestias quos.', 'sapiente'),
(1095, 468, 2, 'Delectus cupiditate adipisci in.', 'aspernatur'),
(1096, 469, 2, 'Fugit at numquam veniam consequuntur veritati', 'facere'),
(1097, 469, 1, 'Non inventore nemo nostrum.', 'nemo'),
(1098, 470, 3, 'Ut doloremque sapiente magnam enim recusandae', 'recusandae'),
(1099, 470, 1, 'Sed laboriosam nam inventore qui.', 'veniam'),
(1100, 470, 2, 'Eius blanditiis asperiores consectetur.', 'adipisci'),
(1101, 470, 2, 'Aliquid harum eos ea impedit ex at.', 'dolore'),
(1102, 471, 3, 'Mollitia molestiae facere.', 'consequuntur'),
(1103, 471, 3, 'Libero consectetur repellendus.', 'dolores'),
(1104, 471, 2, 'Explicabo culpa adipisci eligendi minus omnis', 'labore'),
(1105, 471, 2, 'Tempore recusandae quas distinctio.', 'voluptatibus'),
(1106, 472, 3, 'Ipsam sed unde doloremque.', 'ex'),
(1107, 472, 3, 'Iusto vero iure veritatis repudiandae nemo de', 'laboriosam'),
(1108, 472, 1, 'Eaque aliquam libero quis ea.', 'nobis'),
(1109, 472, 1, 'Quam eum architecto quia aperiam.', 'officiis'),
(1110, 472, 2, 'Sed vel at quasi nisi.', 'commodi'),
(1111, 473, 2, 'Aliquid nisi quia nesciunt eum.', 'quos'),
(1112, 473, 3, 'Enim quae impedit ipsam.', 'fuga'),
(1113, 473, 1, 'Vitae corrupti ducimus est quis modi enim.', 'quasi'),
(1114, 474, 2, 'Est asperiores exercitationem numquam.', 'non'),
(1115, 475, 3, 'Fuga neque exercitationem id at.', 'culpa'),
(1116, 475, 3, 'Consequatur minima adipisci quam debitis at.', 'ratione'),
(1117, 475, 1, 'Molestiae repellendus quod eveniet nulla.', 'aliquam'),
(1118, 475, 3, 'Sit aut atque totam quia iste cupiditate.', 'vel'),
(1119, 475, 1, 'Aliquam laboriosam necessitatibus deserunt pr', 'vel'),
(1120, 476, 3, 'Quos quae qui nihil.', 'ullam'),
(1121, 477, 2, 'Perspiciatis ratione iusto inventore.', 'cum'),
(1122, 477, 2, 'Non laborum sequi.', 'praesentium'),
(1123, 477, 3, 'Minima sit minus ab explicabo facere consecte', 'magnam'),
(1124, 477, 1, 'Officia quidem praesentium rerum aspernatur m', 'asperiores'),
(1125, 477, 3, 'Nihil quis nostrum minima.', 'recusandae'),
(1126, 478, 3, 'Rem quaerat sit laboriosam saepe.', 'sequi'),
(1127, 479, 3, 'In iusto at asperiores suscipit occaecati.', 'occaecati'),
(1128, 479, 1, 'Itaque modi laborum eligendi.', 'ducimus'),
(1129, 479, 2, 'Laboriosam quas fugit aperiam quas consectetu', 'perspiciatis'),
(1130, 479, 2, 'Incidunt reiciendis aperiam vitae dolorem aut', 'quisquam'),
(1131, 479, 3, 'Aperiam molestiae maxime.', 'numquam'),
(1132, 480, 2, 'Expedita quod quibusdam ipsum quae.', 'soluta'),
(1133, 480, 1, 'Quasi modi provident ducimus omnis fugit volu', 'dicta'),
(1134, 480, 3, 'Dolorum est neque officia veritatis excepturi', 'molestiae'),
(1135, 480, 2, 'Eaque maiores placeat ullam numquam soluta.', 'aut'),
(1136, 481, 1, 'Provident aspernatur quae maxime iure.', 'earum'),
(1137, 482, 2, 'Quibusdam aliquam quod veniam.', 'illum'),
(1138, 483, 2, 'Ipsam sint quas ex.', 'inventore'),
(1139, 483, 3, 'Voluptatibus impedit nobis asperiores iusto a', 'reprehenderit'),
(1140, 483, 2, 'Nulla voluptatibus sed accusantium.', 'eligendi'),
(1141, 483, 2, 'Odio amet nobis necessitatibus.', 'possimus'),
(1142, 484, 1, 'Deserunt blanditiis quis quam.', 'quisquam'),
(1143, 484, 1, 'Quo illo voluptates culpa.', 'reprehenderit'),
(1144, 485, 3, 'Quidem culpa fugit laborum laborum.', 'mollitia'),
(1145, 485, 3, 'Est delectus ipsam ipsum sit tenetur vitae.', 'et'),
(1146, 485, 3, 'Totam placeat dolores.', 'repudiandae'),
(1147, 485, 3, 'Eligendi molestiae libero minima consectetur ', 'odit'),
(1148, 486, 1, 'Deserunt quasi nihil debitis suscipit exceptu', 'id'),
(1149, 487, 1, 'Error est veniam error in maxime.', 'impedit'),
(1150, 487, 3, 'Officia veniam nostrum.', 'explicabo'),
(1151, 487, 1, 'In nihil est quaerat corporis.', 'itaque'),
(1152, 487, 2, 'Deleniti recusandae quasi eaque eaque.', 'accusamus'),
(1153, 488, 2, 'Maxime consectetur et sed facere.', 'iure'),
(1154, 488, 1, 'Placeat hic atque hic.', 'molestiae'),
(1155, 488, 2, 'Consectetur suscipit nostrum fuga sunt.', 'cum'),
(1156, 491, 2, 'Voluptate aliquam unde iure nesciunt odit.', 'fuga'),
(1157, 492, 2, 'Sapiente quaerat nemo occaecati ad quaerat.', 'velit'),
(1158, 492, 3, 'Dolorem reiciendis at quaerat voluptates nequ', 'nostrum'),
(1159, 492, 2, 'Nam amet enim ea eaque.', 'vel'),
(1160, 492, 1, 'Accusantium facilis vero.', 'quod'),
(1161, 493, 2, 'Animi accusamus veniam maxime provident.', 'nesciunt'),
(1162, 493, 3, 'Nulla accusamus id voluptas porro.', 'aliquid'),
(1163, 493, 3, 'Vitae fuga voluptate minima molestiae.', 'sequi'),
(1164, 494, 1, 'A odit modi praesentium.', 'ea'),
(1165, 494, 1, 'Eveniet iusto doloribus consequuntur assumend', 'blanditiis'),
(1166, 495, 1, 'Sunt quasi consectetur reprehenderit non ea.', 'voluptas'),
(1167, 495, 2, 'Aperiam voluptatum at qui.', 'quae'),
(1168, 495, 3, 'Ipsam placeat debitis aut alias minus invento', 'quidem'),
(1169, 495, 1, 'Minima at aliquam quas incidunt.', 'suscipit'),
(1170, 495, 2, 'Reiciendis non voluptatem nostrum ipsa ea.', 'dolore'),
(1171, 496, 2, 'Quidem voluptatum eos ea veniam ratione debit', 'odit'),
(1172, 496, 1, 'Ipsa debitis veniam dolorum.', 'quisquam'),
(1173, 496, 2, 'Quas officia architecto nostrum.', 'reiciendis'),
(1174, 496, 3, 'Dignissimos distinctio ut delectus.', 'ex'),
(1175, 496, 1, 'Similique quos ab vero.', 'adipisci'),
(1176, 497, 1, 'Porro voluptatum recusandae quia nostrum assu', 'eius'),
(1177, 497, 1, 'Sequi perspiciatis soluta officiis consequunt', 'blanditiis'),
(1178, 498, 1, 'Dolor unde voluptatum nihil illo optio.', 'expedita'),
(1179, 499, 1, 'Dolorem expedita maxime aliquam.', 'esse'),
(1180, 499, 2, 'Enim quidem tempora.', 'vero'),
(1181, 500, 2, 'Quos eius ea unde.', 'placeat'),
(1182, 500, 1, 'Architecto ab laborum nemo minus eum doloribu', 'assumenda'),
(1183, 501, 1, 'Amet vitae corrupti harum.', 'explicabo'),
(1184, 501, 1, 'Atque tempora doloribus tempore inventore.', 'iste'),
(1185, 501, 1, 'Maiores voluptate doloribus.', 'dolores'),
(1186, 501, 1, 'Sunt occaecati nisi iure officia facilis.', 'pariatur'),
(1187, 502, 3, 'Nulla vitae suscipit distinctio cum autem acc', 'beatae'),
(1188, 502, 2, 'Quod dicta consectetur ratione nostrum.', 'pariatur'),
(1189, 502, 2, 'Magni aliquam cum facilis ullam doloremque co', 'tempora'),
(1190, 503, 2, 'Modi quae ad numquam consectetur.', 'placeat'),
(1191, 503, 2, 'Repudiandae ducimus fuga quis id rerum dolor ', 'impedit'),
(1192, 505, 1, 'Consequatur eveniet dicta ipsum.', 'reiciendis'),
(1193, 505, 2, 'Assumenda ex aut voluptatibus consectetur err', 'perferendis'),
(1194, 505, 2, 'Quod autem placeat dolorum tenetur sed.', 'similique'),
(1195, 505, 1, 'Nemo at aut dolorem aliquam.', 'voluptatem'),
(1196, 505, 3, 'Expedita sint voluptate rerum quo.', 'doloremque'),
(1197, 507, 3, 'Ipsa sunt molestiae sapiente.', 'reiciendis'),
(1198, 508, 1, 'Minima earum unde non occaecati.', 'quisquam'),
(1199, 509, 1, 'Quis reiciendis officiis nostrum iusto laboru', 'architecto'),
(1200, 509, 2, 'Provident non voluptate provident.', 'laudantium'),
(1201, 510, 1, 'Placeat voluptatum quod perferendis.', 'aliquid'),
(1202, 510, 3, 'Modi itaque consequatur sapiente beatae.', 'ex'),
(1203, 510, 3, 'Quam ducimus error distinctio eveniet itaque.', 'illo'),
(1204, 511, 2, 'Voluptatibus alias vel iste provident at pari', 'odit'),
(1205, 511, 3, 'Maiores pariatur amet.', 'necessitatibus'),
(1206, 511, 2, 'Beatae in fugiat maxime repellat.', 'blanditiis'),
(1207, 512, 3, 'Voluptates vero repellendus id facere magni v', 'nihil'),
(1208, 513, 2, 'Beatae aut iure et asperiores rem.', 'aut'),
(1209, 513, 3, 'Sed perferendis doloremque facere maiores.', 'nisi'),
(1210, 513, 3, 'Voluptatum inventore expedita ad laudantium p', 'nihil'),
(1211, 513, 2, 'Rem optio magnam maiores.', 'dolores'),
(1212, 514, 3, 'Rem fugiat repellendus aut.', 'totam'),
(1213, 514, 2, 'Rem ratione perspiciatis nobis voluptatem nis', 'quos'),
(1214, 514, 3, 'Dolores provident nihil possimus ratione iust', 'ab'),
(1215, 514, 1, 'Veniam ipsa tenetur occaecati cupiditate volu', 'minima'),
(1216, 515, 2, 'Doloribus impedit nulla tempora.', 'omnis'),
(1217, 515, 3, 'Illum veniam omnis repellat voluptatibus itaq', 'incidunt'),
(1218, 515, 2, 'Eos blanditiis ipsa quia culpa aut recusandae', 'vero'),
(1219, 516, 1, 'Temporibus alias dolores a ut modi.', 'ducimus'),
(1220, 516, 2, 'Illo nesciunt error voluptatibus.', 'voluptas'),
(1221, 516, 1, 'Ullam neque a explicabo nemo ullam.', 'suscipit'),
(1222, 516, 3, 'Recusandae iusto repellat corporis provident ', 'laboriosam'),
(1223, 516, 2, 'Et officia qui eos enim dignissimos sed.', 'tempora'),
(1224, 517, 3, 'Necessitatibus porro aut error dolorem dolor.', 'debitis'),
(1225, 517, 1, 'Corrupti fugiat nulla officiis.', 'fugit'),
(1226, 518, 1, 'Esse voluptate magnam quos mollitia ea amet.', 'blanditiis'),
(1227, 518, 3, 'Molestias itaque inventore repellendus error ', 'deserunt'),
(1228, 518, 3, 'Est ex culpa.', 'quae'),
(1229, 519, 3, 'Molestiae quis labore iure reprehenderit earu', 'commodi'),
(1230, 520, 2, 'Voluptas officia minus aspernatur.', 'dolorem'),
(1231, 520, 3, 'Aut natus asperiores necessitatibus perferend', 'maiores'),
(1232, 520, 2, 'Explicabo qui nemo totam mollitia ducimus.', 'corrupti'),
(1233, 520, 2, 'Voluptatem possimus aut accusantium fugit bla', 'sit'),
(1234, 521, 2, 'Nemo dolores ad sequi placeat nisi.', 'ipsam'),
(1235, 521, 2, 'Doloremque dolores delectus rem.', 'iure'),
(1236, 521, 3, 'Saepe quia non minima.', 'nemo'),
(1237, 521, 1, 'Quas ducimus in veniam molestias.', 'vitae'),
(1238, 523, 1, 'Animi deleniti fugiat qui natus nesciunt illu', 'temporibus'),
(1239, 524, 3, 'Non molestiae ipsum quo.', 'eligendi'),
(1240, 525, 2, 'Incidunt est aspernatur illo quaerat illum.', 'officia'),
(1241, 526, 3, 'Similique labore similique atque ipsum volupt', 'ducimus'),
(1242, 526, 2, 'Quia qui porro molestiae doloremque cupiditat', 'quibusdam'),
(1243, 526, 3, 'Ratione culpa hic doloribus ipsa recusandae a', 'provident'),
(1244, 526, 1, 'Voluptatum animi in qui repellendus aspernatu', 'facere'),
(1245, 526, 1, 'Laboriosam nam vel illo nesciunt explicabo ne', 'mollitia'),
(1246, 529, 1, 'Sequi quia ipsum blanditiis rerum.', 'occaecati'),
(1247, 529, 1, 'Vel in quis vero maxime fuga a consequuntur.', 'hic'),
(1248, 529, 2, 'Nam repellendus saepe fugiat.', 'asperiores'),
(1249, 529, 3, 'Illum numquam laudantium commodi asperiores a', 'eum'),
(1250, 529, 1, 'At soluta sapiente laboriosam quis optio.', 'iure'),
(1251, 530, 2, 'Quas voluptatum rem molestiae.', 'veniam'),
(1252, 530, 2, 'Ullam praesentium odit praesentium.', 'nostrum'),
(1253, 530, 1, 'Exercitationem repudiandae voluptatibus.', 'iste'),
(1254, 530, 2, 'Odio fugit tempora eligendi dolorem consequun', 'totam'),
(1255, 531, 2, 'Distinctio consectetur ullam nostrum.', 'praesentium'),
(1256, 533, 1, 'Nostrum dignissimos incidunt hic.', 'alias'),
(1257, 533, 2, 'Sint dolore tempore alias.', 'deserunt'),
(1258, 533, 1, 'Eius aliquid sit cupiditate ut dolorum.', 'neque'),
(1259, 533, 2, 'Enim sit facere vitae explicabo modi.', 'quae'),
(1260, 534, 2, 'Tenetur facere provident praesentium eveniet ', 'perspiciatis'),
(1261, 534, 2, 'Ullam delectus iure consequatur cumque ea qua', 'consectetur'),
(1262, 534, 2, 'Quae cum dolor culpa consequatur earum.', 'omnis'),
(1263, 534, 3, 'Numquam id nisi consectetur unde cum fuga.', 'nisi'),
(1264, 534, 2, 'Dicta hic expedita magni delectus.', 'impedit'),
(1265, 535, 3, 'Placeat rerum vitae vel non architecto evenie', 'voluptatum'),
(1266, 535, 1, 'In assumenda deleniti doloribus fugiat pariat', 'doloribus'),
(1267, 535, 2, 'Eveniet necessitatibus iure ea.', 'vero'),
(1268, 535, 3, 'Unde optio distinctio modi odit.', 'asperiores'),
(1269, 535, 1, 'Magnam amet quae animi.', 'excepturi'),
(1270, 536, 1, 'Iure voluptates voluptatibus consectetur amet', 'natus'),
(1271, 537, 3, 'Molestias aspernatur veritatis itaque nisi.', 'reprehenderit'),
(1272, 538, 2, 'Cupiditate vero maiores cupiditate modi magni', 'ducimus'),
(1273, 538, 3, 'Ratione eum nihil ab asperiores quisquam recu', 'rerum'),
(1274, 538, 3, 'Necessitatibus quibusdam esse quo molestiae r', 'ea'),
(1275, 538, 2, 'Sequi blanditiis voluptates error harum.', 'impedit'),
(1276, 538, 1, 'Delectus harum voluptatum.', 'odio'),
(1277, 539, 3, 'Voluptas officia voluptatum blanditiis saepe.', 'harum'),
(1278, 539, 1, 'Animi laborum aspernatur a doloremque laborum', 'facere'),
(1279, 540, 1, 'Tempora at fugit temporibus aliquid error min', 'laboriosam'),
(1280, 540, 1, 'Reprehenderit beatae molestias deserunt.', 'eligendi'),
(1281, 540, 2, 'Natus aspernatur sapiente dolorum optio ut.', 'maxime'),
(1282, 541, 3, 'Quod quo magnam soluta dolores cumque molesti', 'neque'),
(1283, 541, 1, 'Excepturi quaerat impedit incidunt.', 'perferendis'),
(1284, 541, 3, 'Deserunt eligendi fugiat facere accusantium v', 'sed'),
(1285, 541, 1, 'Commodi perspiciatis recusandae.', 'dolorem'),
(1286, 541, 3, 'Aspernatur nam architecto doloremque quos.', 'ut'),
(1287, 543, 3, 'Recusandae impedit nihil optio necessitatibus', 'neque'),
(1288, 543, 2, 'Ea vel sunt explicabo porro.', 'tempore'),
(1289, 543, 1, 'Consequatur tenetur exercitationem vitae occa', 'dolorum'),
(1290, 543, 3, 'Ea vel quaerat temporibus quos maxime.', 'eos'),
(1291, 544, 2, 'Cum explicabo in reprehenderit.', 'veniam'),
(1292, 544, 2, 'Ut neque pariatur reprehenderit eum.', 'cumque'),
(1293, 544, 3, 'Eos facere sint sequi nisi.', 'quaerat'),
(1294, 545, 1, 'Quas similique ipsum sit ad ducimus.', 'velit'),
(1295, 545, 2, 'Aperiam accusamus vel debitis facilis eaque l', 'quae'),
(1296, 545, 3, 'Quo porro alias eligendi.', 'nisi'),
(1297, 545, 3, 'Sunt consequuntur accusantium fuga placeat of', 'eveniet'),
(1298, 545, 1, 'Molestiae laborum temporibus.', 'tempore'),
(1299, 546, 3, 'Quas quia quidem ex cumque incidunt.', 'quos'),
(1300, 546, 1, 'Esse adipisci perspiciatis reiciendis velit i', 'quam'),
(1301, 546, 1, 'Et veniam quos fugiat quos adipisci.', 'ratione'),
(1302, 547, 1, 'Officiis ullam sunt occaecati distinctio quam', 'non'),
(1303, 549, 3, 'Culpa aspernatur quod incidunt.', 'recusandae'),
(1304, 549, 2, 'Eum provident doloribus suscipit voluptatibus', 'ad'),
(1305, 550, 1, 'Natus sint hic.', 'praesentium'),
(1306, 550, 2, 'Sed minima dignissimos distinctio at ratione.', 'magni'),
(1307, 550, 3, 'Tempore quaerat quas aut tempore ipsum perspi', 'quasi'),
(1308, 551, 3, 'Voluptatem in blanditiis expedita vel nisi in', 'laboriosam'),
(1309, 552, 3, 'Ratione aut accusamus molestiae iure molestia', 'voluptatibus'),
(1310, 552, 1, 'Accusamus culpa odio hic.', 'numquam'),
(1311, 552, 2, 'Commodi ex dolorem numquam doloribus libero c', 'nisi'),
(1312, 553, 2, 'Consequuntur dolorem veritatis suscipit possi', 'illum'),
(1313, 553, 2, 'Veritatis aut vero unde voluptas deserunt exc', 'deserunt'),
(1314, 553, 3, 'Dolores numquam a reprehenderit voluptatibus ', 'suscipit'),
(1315, 553, 1, 'Nam facilis aliquam sint libero.', 'accusamus'),
(1316, 554, 3, 'Voluptatum id veniam eaque eum accusantium.', 'impedit'),
(1317, 556, 1, 'Aliquam alias autem ullam.', 'tenetur'),
(1318, 556, 1, 'Ratione numquam ratione dolores ea ratione.', 'eaque'),
(1319, 557, 3, 'Aliquam minus rerum quos quam pariatur repreh', 'labore'),
(1320, 557, 3, 'Iste reiciendis omnis quo totam sequi dolores', 'qui'),
(1321, 557, 1, 'Enim harum cumque et cumque repellat.', 'voluptatum'),
(1322, 557, 2, 'Veniam corporis accusantium quas sapiente cul', 'placeat'),
(1323, 557, 3, 'Quae maiores ducimus voluptas nihil.', 'asperiores'),
(1324, 558, 3, 'Consectetur voluptate odio saepe sequi eos.', 'amet'),
(1325, 558, 1, 'Officia non maxime reprehenderit.', 'debitis'),
(1326, 558, 3, 'Eum optio eaque.', 'occaecati'),
(1327, 558, 2, 'Quasi eveniet dicta at corporis.', 'nam'),
(1328, 559, 2, 'Repellat ex commodi quas.', 'facilis'),
(1329, 559, 1, 'Reprehenderit nam quibusdam ipsum incidunt.', 'commodi'),
(1330, 559, 2, 'Recusandae tempora debitis.', 'amet'),
(1331, 561, 1, 'Est occaecati quaerat recusandae voluptas.', 'excepturi'),
(1332, 561, 2, 'Dolorum corrupti atque tempora sequi est illo', 'quas'),
(1333, 561, 3, 'Sequi totam a dignissimos provident voluptate', 'debitis'),
(1334, 562, 1, 'Similique vel repudiandae molestias eos imped', 'saepe'),
(1335, 562, 3, 'Veniam deserunt maiores.', 'sed'),
(1336, 562, 1, 'Architecto aut ea tempore esse repellendus.', 'officia'),
(1337, 562, 3, 'Nesciunt nobis dicta.', 'unde'),
(1338, 562, 1, 'Praesentium eveniet quasi repellat eum.', 'voluptate'),
(1339, 566, 3, 'Necessitatibus harum quis corporis.', 'est'),
(1340, 566, 1, 'Ullam vel ea a modi enim.', 'aliquid'),
(1341, 566, 1, 'Occaecati sed iusto laudantium.', 'numquam'),
(1342, 566, 2, 'Minima id reprehenderit accusantium.', 'tempora'),
(1343, 567, 2, 'Ipsa cumque cumque soluta facilis.', 'assumenda'),
(1344, 567, 3, 'Facilis adipisci odio sunt voluptatem iure es', 'culpa'),
(1345, 568, 1, 'Laborum vero ab error vero architecto beatae ', 'omnis'),
(1346, 568, 2, 'Provident ab sunt facilis fugiat dolores quod', 'ipsam'),
(1347, 568, 3, 'Distinctio voluptatem velit autem culpa nulla', 'tenetur'),
(1348, 568, 2, 'Cum porro minus officia tempora magnam labori', 'quia'),
(1349, 568, 3, 'In consequatur nulla illo ratione ipsa.', 'perspiciatis'),
(1350, 569, 3, 'Non accusantium architecto sequi distinctio.', 'ullam'),
(1351, 569, 3, 'Maxime natus magni iste fuga.', 'facilis'),
(1352, 569, 3, 'Veritatis optio assumenda quo numquam.', 'sunt'),
(1353, 569, 1, 'Reiciendis corrupti maiores ratione officia v', 'dolore'),
(1354, 570, 1, 'Sapiente amet repellendus.', 'molestias'),
(1355, 570, 3, 'Delectus quam aliquam quisquam aperiam dicta.', 'quae'),
(1356, 570, 3, 'Quasi ratione illo quisquam porro.', 'magni'),
(1357, 570, 3, 'Eos inventore pariatur reiciendis veritatis.', 'quidem'),
(1358, 570, 2, 'Ipsa sunt distinctio provident.', 'ad'),
(1359, 571, 2, 'Id perspiciatis rem quisquam alias excepturi.', 'ab'),
(1360, 571, 3, 'Optio voluptatem possimus inventore sapiente ', 'quis'),
(1361, 571, 2, 'Distinctio rerum numquam dolores eum debitis ', 'quo'),
(1362, 572, 2, 'Eius eaque quisquam necessitatibus aspernatur', 'harum'),
(1363, 572, 3, 'Ipsam occaecati tenetur qui quia molestiae ne', 'vitae'),
(1364, 572, 3, 'Beatae quibusdam alias deleniti sapiente fugi', 'tenetur'),
(1365, 573, 3, 'Sint exercitationem inventore.', 'perspiciatis'),
(1366, 573, 2, 'Iste recusandae repudiandae non nemo.', 'nisi'),
(1367, 573, 3, 'Enim ea accusamus deleniti.', 'eaque'),
(1368, 573, 1, 'Ex cum alias saepe sit tempore.', 'suscipit'),
(1369, 573, 1, 'Totam rerum iusto nisi.', 'quas'),
(1370, 574, 2, 'Reprehenderit magni quos esse tempora facere ', 'dolore'),
(1371, 574, 3, 'Nostrum blanditiis voluptatum nihil laborum t', 'at'),
(1372, 574, 1, 'Voluptate nobis maxime ducimus iste.', 'qui'),
(1373, 575, 3, 'Omnis temporibus delectus repellat labore ani', 'at'),
(1374, 575, 1, 'Doloremque blanditiis provident explicabo del', 'non'),
(1375, 576, 2, 'Repellat quo consequuntur unde amet.', 'architecto'),
(1376, 576, 2, 'Quia nostrum neque eligendi ut maxime expedit', 'reprehenderit'),
(1377, 576, 1, 'Qui autem aperiam est veritatis atque.', 'illo'),
(1378, 576, 2, 'Inventore dignissimos tempore suscipit fugit ', 'maiores'),
(1379, 577, 2, 'Officia omnis iure deleniti laboriosam molest', 'at'),
(1380, 577, 2, 'Quas quasi id consectetur quo fugiat.', 'reprehenderit'),
(1381, 577, 1, 'Fugit debitis atque eum impedit praesentium v', 'facere'),
(1382, 577, 1, 'Sint laborum inventore.', 'sequi'),
(1383, 578, 3, 'Minima ipsam deleniti possimus ad.', 'porro'),
(1384, 578, 1, 'Nihil voluptatum quam nihil.', 'quam'),
(1385, 578, 2, 'Vero vel at.', 'accusantium'),
(1386, 578, 1, 'Numquam nihil maxime vero.', 'eos'),
(1387, 578, 3, 'Iure neque accusamus inventore eaque natus.', 'saepe'),
(1388, 579, 3, 'Id nesciunt reiciendis unde quo aspernatur qu', 'soluta'),
(1389, 579, 1, 'A officia error et assumenda.', 'exercitationem'),
(1390, 579, 3, 'Iusto odit tenetur voluptatem.', 'quisquam'),
(1391, 579, 1, 'At consequatur aliquid accusantium.', 'maxime'),
(1392, 580, 2, 'Magni odio nostrum aliquid officia repellendu', 'non'),
(1393, 580, 1, 'Et laboriosam corrupti aspernatur tempora.', 'quasi'),
(1394, 580, 1, 'Modi iste ad suscipit quaerat.', 'recusandae'),
(1395, 581, 1, 'Iusto cumque dolores quisquam delectus autem ', 'debitis'),
(1396, 581, 2, 'Consectetur ipsum fuga reiciendis quis quidem', 'quaerat'),
(1397, 581, 3, 'Deserunt dolorem culpa ut aperiam officiis de', 'eveniet'),
(1398, 582, 1, 'Delectus tenetur officiis accusantium volupta', 'omnis'),
(1399, 582, 2, 'Nostrum reprehenderit unde omnis.', 'corporis'),
(1400, 582, 2, 'Repudiandae architecto vitae nulla quibusdam ', 'accusantium'),
(1401, 582, 1, 'Hic fugit dignissimos dicta.', 'sed'),
(1402, 582, 1, 'Eos exercitationem iusto consequuntur esse fu', 'pariatur'),
(1403, 583, 3, 'Provident voluptatum aspernatur asperiores.', 'illo'),
(1404, 583, 2, 'Fuga illo sequi odio natus dolorem.', 'assumenda'),
(1405, 583, 3, 'Reiciendis dolores deleniti impedit officia.', 'consectetur'),
(1406, 583, 3, 'Est reiciendis ipsam laudantium repellendus v', 'voluptatum'),
(1407, 583, 2, 'Magnam consequuntur reprehenderit suscipit mi', 'aliquid'),
(1408, 584, 1, 'Incidunt officia nesciunt occaecati vitae.', 'soluta'),
(1409, 584, 1, 'Facilis culpa labore maiores.', 'voluptatibus'),
(1410, 586, 1, 'Doloremque dolores dignissimos neque minus.', 'harum'),
(1411, 586, 1, 'Libero libero quam eaque.', 'qui'),
(1412, 586, 1, 'Unde delectus hic quam beatae.', 'magni'),
(1413, 586, 2, 'Atque asperiores unde.', 'illo'),
(1414, 587, 2, 'Quidem necessitatibus quasi dolorem dolores v', 'quo'),
(1415, 587, 1, 'Consequatur eveniet asperiores ratione assume', 'iure'),
(1416, 587, 1, 'Quidem quae odit commodi fuga.', 'modi'),
(1417, 587, 3, 'Minima perspiciatis omnis sapiente deleniti d', 'quis'),
(1418, 588, 3, 'Ratione perspiciatis quam quia molestiae reru', 'voluptate'),
(1419, 588, 1, 'Consectetur deleniti nulla dicta molestias.', 'ut'),
(1420, 589, 1, 'Officia rerum dolorum a.', 'aliquam'),
(1421, 589, 3, 'Illum at facere harum neque harum non.', 'ab'),
(1422, 590, 3, 'Dolorem reiciendis incidunt in tenetur quas.', 'nam'),
(1423, 590, 1, 'Impedit soluta nam nemo ipsum.', 'qui'),
(1424, 590, 1, 'Vero natus rem iure non iusto error.', 'porro'),
(1425, 592, 3, 'Molestias omnis a quasi quibusdam.', 'sunt'),
(1426, 592, 1, 'Maxime voluptatibus maiores illo adipisci com', 'beatae'),
(1427, 592, 2, 'Consectetur perspiciatis fuga quaerat sit nec', 'doloribus'),
(1428, 592, 2, 'Voluptatibus impedit quas labore corrupti ips', 'labore'),
(1429, 592, 2, 'Laborum ducimus ad assumenda labore.', 'accusamus'),
(1430, 593, 2, 'Voluptas corrupti doloremque commodi sit.', 'laudantium'),
(1431, 593, 2, 'Mollitia autem fugit recusandae aliquid.', 'voluptas'),
(1432, 594, 2, 'Ad voluptates cumque harum.', 'saepe'),
(1433, 594, 3, 'Quis corporis minima incidunt ullam doloremqu', 'placeat'),
(1434, 594, 3, 'Pariatur porro at necessitatibus doloremque i', 'eius'),
(1435, 594, 2, 'Eius corporis ipsa eos dolorum debitis incidu', 'dolorem'),
(1436, 594, 2, 'Odit vero facilis voluptatum fuga beatae.', 'voluptates'),
(1437, 595, 3, 'Minima dolorem sit quae odit dolores dolorum.', 'placeat'),
(1438, 595, 3, 'Consequatur sed saepe nobis.', 'libero'),
(1439, 595, 3, 'Eveniet voluptatem nam illum suscipit sequi c', 'quibusdam'),
(1440, 595, 1, 'Veritatis facere sit qui.', 'eveniet'),
(1441, 596, 2, 'Iure cupiditate ab perspiciatis eum ipsum.', 'distinctio'),
(1442, 596, 2, 'Assumenda illo distinctio optio sit.', 'voluptates'),
(1443, 596, 1, 'Omnis sapiente ipsa quae aperiam.', 'dolore'),
(1444, 596, 1, 'Assumenda occaecati aperiam assumenda aliquam', 'velit'),
(1445, 597, 3, 'Id non incidunt.', 'quas'),
(1446, 598, 1, 'Similique ipsam delectus aperiam.', 'cum'),
(1447, 598, 3, 'Quidem ducimus iste.', 'eum'),
(1448, 598, 3, 'Libero fugit itaque.', 'hic'),
(1449, 598, 1, 'Dolore fugit saepe soluta.', 'molestiae'),
(1450, 599, 3, 'Officiis animi exercitationem adipisci quos d', 'ipsum'),
(1451, 600, 1, 'Distinctio beatae repellat omnis accusantium.', 'quisquam'),
(1452, 600, 3, 'Quidem nam nostrum similique.', 'aliquam'),
(1453, 600, 1, 'Cum amet numquam numquam.', 'totam'),
(1454, 600, 1, 'Consectetur quidem quaerat hic possimus.', 'totam'),
(1455, 602, 2, 'Non qui modi nemo cumque ullam.', 'minus'),
(1456, 602, 1, 'Dolorem ducimus voluptatem nemo magnam unde d', 'alias'),
(1457, 602, 2, 'Animi omnis dolorem at deserunt dignissimos a', 'sunt'),
(1458, 602, 2, 'Consequuntur aspernatur ad laudantium dolore.', 'laudantium'),
(1459, 602, 3, 'Laborum atque qui excepturi non vitae nemo.', 'deserunt'),
(1460, 603, 3, 'Vitae minus aliquid non.', 'deleniti'),
(1461, 604, 2, 'Laudantium illum blanditiis nobis hic.', 'sequi'),
(1462, 604, 2, 'Et repellendus itaque impedit iste quod.', 'debitis'),
(1463, 606, 3, 'Necessitatibus delectus quaerat tenetur.', 'unde'),
(1464, 610, 2, 'Officia nostrum maiores totam.', 'et'),
(1465, 610, 2, 'Iste minus vitae tempora.', 'voluptas'),
(1466, 610, 1, 'Quos laborum perferendis expedita odio dolore', 'delectus'),
(1467, 611, 1, 'A amet nisi ipsa dolor unde.', 'nulla'),
(1468, 611, 2, 'Porro quae reiciendis.', 'perferendis'),
(1469, 611, 2, 'Dignissimos debitis dignissimos accusantium p', 'eveniet'),
(1470, 611, 3, 'Nihil libero beatae.', 'amet'),
(1471, 611, 3, 'Animi sequi cupiditate temporibus.', 'debitis'),
(1472, 612, 3, 'Laboriosam hic veniam.', 'blanditiis'),
(1473, 612, 3, 'Tempore cum voluptatum laborum quo.', 'ex'),
(1474, 613, 3, 'Adipisci error ut sit doloremque nostrum.', 'magnam'),
(1475, 614, 1, 'Veritatis ab quas quaerat.', 'quos'),
(1476, 614, 3, 'Illo dignissimos officiis excepturi eos.', 'iusto'),
(1477, 614, 2, 'Similique asperiores expedita distinctio nihi', 'fuga'),
(1478, 614, 1, 'Ipsam tenetur molestias hic ab.', 'nobis'),
(1479, 614, 2, 'Ratione repudiandae necessitatibus quam.', 'voluptate'),
(1480, 615, 1, 'Expedita est magni voluptatem placeat molesti', 'excepturi'),
(1481, 615, 3, 'Repudiandae dolorem perferendis explicabo eve', 'doloribus'),
(1482, 615, 1, 'Vitae magnam quisquam consequuntur dolorem te', 'at'),
(1483, 615, 2, 'Veniam maiores reprehenderit temporibus.', 'suscipit'),
(1484, 615, 2, 'Sed ab cupiditate possimus.', 'sint'),
(1485, 617, 3, 'Blanditiis earum vitae incidunt hic necessita', 'facere'),
(1486, 617, 1, 'Blanditiis distinctio mollitia consequuntur v', 'dolore'),
(1487, 617, 2, 'Minus perspiciatis ducimus beatae recusandae ', 'facere'),
(1488, 617, 1, 'Quaerat hic nobis ea.', 'consectetur'),
(1489, 617, 3, 'In praesentium mollitia nihil laborum archite', 'illo'),
(1490, 618, 1, 'Optio ea autem aperiam illum veniam reiciendi', 'molestias'),
(1491, 619, 1, 'Accusamus ad sint voluptas facere magnam.', 'atque'),
(1492, 620, 1, 'Ducimus consectetur aliquid libero.', 'nihil'),
(1493, 620, 3, 'Tempora quos sapiente asperiores impedit aper', 'asperiores'),
(1494, 620, 1, 'Incidunt cumque libero libero.', 'rerum'),
(1495, 620, 1, 'Doloribus nemo ipsum vel sunt accusamus.', 'quae'),
(1496, 620, 1, 'Praesentium ipsam quam.', 'natus'),
(1497, 621, 3, 'Quos quam nobis necessitatibus.', 'repellat'),
(1498, 621, 2, 'Sit quos aperiam totam atque fugiat ipsa.', 'quaerat'),
(1499, 621, 2, 'Quisquam exercitationem ullam ratione dolorem', 'minus'),
(1500, 621, 2, 'Doloremque dignissimos quod consequatur.', 'blanditiis'),
(1501, 622, 3, 'Fugiat commodi repudiandae nobis.', 'reiciendis'),
(1502, 622, 1, 'Atque corporis aut unde magni in at.', 'perferendis'),
(1503, 622, 3, 'Ipsa tempora animi veritatis earum cumque tem', 'temporibus'),
(1504, 622, 1, 'Dolores commodi adipisci quos omnis assumenda', 'ab'),
(1505, 622, 2, 'Illo inventore magnam hic.', 'vitae'),
(1506, 623, 2, 'Fugiat saepe suscipit aspernatur.', 'vero'),
(1507, 623, 2, 'Atque molestias nemo nulla ipsam alias.', 'nisi'),
(1508, 623, 1, 'Odit accusamus at ut nihil laudantium.', 'culpa'),
(1509, 623, 2, 'Quia molestias fugiat mollitia voluptates com', 'sint'),
(1510, 624, 2, 'Molestiae autem doloremque distinctio praesen', 'facilis'),
(1511, 624, 1, 'Illum distinctio et provident numquam facere ', 'assumenda'),
(1512, 624, 3, 'Impedit fuga nesciunt aliquam.', 'quaerat'),
(1513, 624, 3, 'Fugiat autem deserunt dolor qui in.', 'aspernatur'),
(1514, 625, 3, 'Impedit saepe et voluptate.', 'laborum'),
(1515, 625, 1, 'Neque inventore numquam culpa ex suscipit neq', 'in'),
(1516, 625, 1, 'Ut accusantium sit minima.', 'consectetur'),
(1517, 625, 2, 'Reprehenderit enim quos ipsa necessitatibus n', 'unde'),
(1518, 627, 2, 'Repellat doloremque iste rem aliquam natus.', 'magnam'),
(1519, 627, 3, 'Sint consectetur labore nulla.', 'similique'),
(1520, 627, 1, 'Tempore earum dignissimos similique eaque inc', 'dolorum'),
(1521, 627, 2, 'Explicabo ullam deserunt blanditiis quisquam ', 'dolore'),
(1522, 631, 1, 'Harum est placeat aperiam odit amet.', 'excepturi'),
(1523, 631, 2, 'Illo consectetur dolore consequatur rerum qui', 'nam'),
(1524, 633, 2, 'Recusandae eos doloremque blanditiis qui expl', 'vel'),
(1525, 633, 1, 'Fugiat molestias ullam libero tempore fugit q', 'natus'),
(1526, 634, 2, 'Illo officia consequatur dolore corrupti eaqu', 'nam'),
(1527, 634, 3, 'Delectus nisi recusandae commodi quisquam qua', 'sed'),
(1528, 634, 2, 'Quidem a accusantium itaque itaque aliquam.', 'accusantium'),
(1529, 634, 3, 'Nemo repellat deleniti eaque libero.', 'hic'),
(1530, 634, 3, 'Amet nobis non illum.', 'repudiandae'),
(1531, 635, 1, 'Tempora quo quis exercitationem non error.', 'quam'),
(1532, 638, 3, 'Quo nulla nisi facilis ipsum quo.', 'et'),
(1533, 638, 3, 'Fuga culpa ipsum reprehenderit officia.', 'dolorem'),
(1534, 638, 1, 'Quam id alias.', 'neque'),
(1535, 638, 1, 'Eos cum eveniet molestias exercitationem labo', 'molestiae'),
(1536, 639, 3, 'Nisi perferendis qui nihil voluptate libero v', 'dicta'),
(1537, 639, 2, 'Ratione sapiente perferendis doloribus at pla', 'minus'),
(1538, 640, 2, 'Totam iste neque quibusdam sapiente dolores d', 'fugiat'),
(1539, 640, 3, 'Itaque dolorum recusandae maxime exercitation', 'fugiat'),
(1540, 641, 1, 'Quidem itaque magni quia.', 'facere'),
(1541, 641, 2, 'Natus placeat culpa minus earum magni quasi.', 'iusto'),
(1542, 641, 1, 'Quisquam suscipit quia eaque.', 'nemo'),
(1543, 642, 3, 'Est at modi.', 'eius'),
(1544, 642, 3, 'Nemo distinctio ea porro ipsam tenetur ducimu', 'sapiente'),
(1545, 643, 2, 'Veritatis odio illum deserunt deserunt aperia', 'blanditiis'),
(1546, 643, 3, 'Deserunt vero tempora consequuntur fuga quod ', 'harum'),
(1547, 643, 2, 'Numquam expedita delectus porro.', 'iste'),
(1548, 643, 2, 'Aspernatur soluta asperiores reprehenderit.', 'perferendis'),
(1549, 644, 2, 'Optio dolore dolor autem eaque rerum enim ass', 'cupiditate'),
(1550, 644, 3, 'Sit temporibus assumenda eius.', 'dignissimos'),
(1551, 644, 2, 'Ut maiores officiis beatae neque doloribus re', 'odit'),
(1552, 644, 1, 'Soluta nulla ratione doloribus odit quasi nob', 'ab'),
(1553, 646, 1, 'Minima laboriosam consectetur quod.', 'commodi'),
(1554, 647, 2, 'Ipsum ducimus illum dicta quos ab.', 'repellendus'),
(1555, 648, 2, 'Provident a quisquam perspiciatis odit.', 'occaecati'),
(1556, 648, 3, 'Blanditiis nesciunt nihil optio.', 'perferendis'),
(1557, 648, 1, 'In vitae placeat.', 'libero'),
(1558, 648, 1, 'Deserunt inventore tempora blanditiis nemo la', 'modi'),
(1559, 649, 1, 'Non quod eius dolore.', 'tempore'),
(1560, 649, 3, 'Dolorum dicta provident aspernatur porro.', 'soluta'),
(1561, 649, 2, 'Voluptatibus veritatis placeat nam adipisci r', 'deserunt'),
(1562, 649, 1, 'Beatae accusamus possimus autem libero sapien', 'nemo'),
(1563, 649, 3, 'Quod expedita nihil eius ad.', 'illum'),
(1564, 650, 2, 'Ipsam numquam reprehenderit numquam ex dolor ', 'consequatur'),
(1565, 650, 1, 'Omnis fuga ipsam esse.', 'tenetur'),
(1566, 650, 1, 'Odit ex et illo ullam unde aspernatur invento', 'laudantium'),
(1567, 650, 2, 'Vero vel voluptatibus impedit.', 'facere'),
(1568, 651, 2, 'Ipsa voluptatum laudantium laboriosam volupta', 'iste'),
(1569, 653, 2, 'Eveniet cupiditate quidem expedita illum blan', 'consectetur'),
(1570, 653, 1, 'Fuga distinctio ea voluptatum aperiam a.', 'consequuntur'),
(1571, 653, 1, 'Ipsam ipsam doloribus sed magni nisi.', 'sed'),
(1572, 653, 2, 'Quo id neque veritatis aliquam quasi.', 'illum'),
(1573, 653, 1, 'Ut minus magnam cumque quae.', 'inventore'),
(1574, 654, 2, 'Ex ratione nemo dolorem laudantium aliquam ea', 'odit'),
(1575, 654, 3, 'Sequi similique dicta hic.', 'placeat'),
(1576, 654, 1, 'Ducimus eum impedit modi quos itaque.', 'consequuntur'),
(1577, 655, 3, 'Nobis veritatis eaque.', 'minus'),
(1578, 655, 3, 'Fugit velit officia aspernatur.', 'repellendus'),
(1579, 655, 3, 'Accusantium eum quo nostrum voluptas possimus', 'fuga'),
(1580, 656, 1, 'Eligendi veritatis quibusdam expedita molesti', 'odit'),
(1581, 656, 2, 'Velit dolores cum deleniti recusandae enim.', 'ipsam'),
(1582, 657, 1, 'Voluptatibus hic eum dolorem natus.', 'quibusdam'),
(1583, 657, 3, 'Expedita exercitationem numquam voluptatibus.', 'atque'),
(1584, 658, 1, 'Distinctio deserunt similique dolorum in aliq', 'deserunt'),
(1585, 658, 1, 'Ut aliquam cum.', 'pariatur'),
(1586, 658, 2, 'Beatae similique cum rerum tempore aliquid.', 'officia'),
(1587, 658, 2, 'Necessitatibus totam aut at voluptate veritat', 'praesentium'),
(1588, 659, 2, 'Dolorum repellendus adipisci tempore animi.', 'quos'),
(1589, 659, 1, 'Et mollitia quis culpa sequi.', 'esse'),
(1590, 659, 1, 'Doloribus sed suscipit aperiam.', 'alias'),
(1591, 660, 3, 'Rerum eum saepe earum deleniti.', 'voluptas'),
(1592, 660, 1, 'Soluta dignissimos nobis neque a.', 'nihil'),
(1593, 660, 3, 'Ex modi optio.', 'dolores'),
(1594, 660, 3, 'Commodi debitis rem corporis nisi nam.', 'id'),
(1595, 661, 1, 'Voluptatibus fuga consequuntur ullam beatae o', 'dolorem'),
(1596, 661, 1, 'Officiis nulla accusamus consequatur ut.', 'cupiditate'),
(1597, 661, 1, 'Cum quibusdam voluptate ratione laudantium ra', 'ea'),
(1598, 661, 2, 'Voluptatem magni quaerat voluptas maiores vol', 'eligendi'),
(1599, 662, 3, 'Asperiores facilis omnis quisquam ipsa harum.', 'suscipit'),
(1600, 662, 2, 'Adipisci architecto expedita eum excepturi.', 'inventore'),
(1601, 663, 2, 'Quos culpa occaecati enim.', 'tempore'),
(1602, 663, 3, 'Asperiores quod alias.', 'quas'),
(1603, 663, 1, 'Nostrum reprehenderit quasi a nulla iste tota', 'labore'),
(1604, 663, 2, 'Quis autem saepe ex iure pariatur veniam.', 'quod'),
(1605, 663, 3, 'Magni dolorum debitis dolores debitis ducimus', 'incidunt'),
(1606, 664, 2, 'Possimus ad illo distinctio error eligendi qu', 'sunt'),
(1607, 664, 3, 'Facilis ipsum ea at.', 'pariatur'),
(1608, 664, 1, 'Ut libero laboriosam architecto asperiores of', 'impedit'),
(1609, 664, 2, 'Ducimus laboriosam corrupti quidem adipisci q', 'eum'),
(1610, 665, 3, 'Reprehenderit aliquid neque culpa cum aut.', 'vitae'),
(1611, 665, 3, 'Quod delectus nemo.', 'officiis'),
(1612, 665, 3, 'Voluptatum sed porro.', 'harum'),
(1613, 665, 3, 'Nesciunt consectetur nulla.', 'sapiente'),
(1614, 665, 3, 'Illum aperiam rerum ex omnis dolor.', 'velit'),
(1615, 666, 1, 'Necessitatibus natus magni ex.', 'veritatis'),
(1616, 666, 2, 'Ratione porro expedita sequi.', 'vel'),
(1617, 666, 3, 'Aliquid minus animi.', 'voluptatem'),
(1618, 667, 2, 'Nobis pariatur est illum nobis exercitationem', 'ab'),
(1619, 667, 1, 'Ad adipisci asperiores nisi.', 'quas'),
(1620, 668, 2, 'Laborum necessitatibus laborum deserunt archi', 'ducimus'),
(1621, 668, 3, 'Tenetur omnis at sapiente repellendus.', 'totam'),
(1622, 669, 1, 'Modi iure beatae sapiente voluptates.', 'alias'),
(1623, 669, 2, 'Laudantium minima fugit minus impedit.', 'adipisci'),
(1624, 670, 3, 'Labore eligendi sint.', 'quidem'),
(1625, 670, 3, 'Iste quasi corporis minus.', 'saepe'),
(1626, 670, 1, 'Ad minus rem reprehenderit dolor reprehenderi', 'velit'),
(1627, 670, 1, 'Error placeat eaque.', 'ea'),
(1628, 670, 2, 'Dolores quaerat veniam occaecati omnis odit d', 'non'),
(1629, 671, 3, 'Quod itaque quas.', 'eveniet'),
(1630, 671, 3, 'Veniam adipisci aliquid doloribus.', 'quaerat'),
(1631, 672, 1, 'Sed architecto necessitatibus at.', 'animi'),
(1632, 673, 2, 'Possimus sapiente eum accusamus eligendi.', 'iure'),
(1633, 673, 2, 'Rerum aut laborum amet vero recusandae id.', 'id'),
(1634, 674, 3, 'Eius sunt ipsam repellat sit ratione at volup', 'ipsa'),
(1635, 674, 2, 'Necessitatibus aperiam at animi.', 'quia'),
(1636, 674, 3, 'Saepe atque vitae minima quo inventore.', 'similique'),
(1637, 674, 3, 'Animi ipsum accusamus iusto similique dolorib', 'autem'),
(1638, 674, 2, 'Modi eaque voluptatem dignissimos.', 'est'),
(1639, 675, 1, 'Quisquam vero voluptates adipisci corrupti.', 'voluptates'),
(1640, 675, 3, 'A animi repellat dolore.', 'perspiciatis'),
(1641, 675, 1, 'Aspernatur id totam repellat deleniti blandit', 'culpa'),
(1642, 675, 1, 'Sunt quo nobis magni voluptatem exercitatione', 'quaerat'),
(1643, 675, 2, 'Neque laudantium expedita officiis eos.', 'similique'),
(1644, 676, 3, 'Sapiente alias natus accusamus necessitatibus', 'ullam'),
(1645, 676, 3, 'Sed fuga cumque recusandae debitis.', 'molestias'),
(1646, 676, 2, 'Ullam sed minus dolorum.', 'sunt'),
(1647, 676, 3, 'Provident voluptas eligendi omnis ipsa soluta', 'iure'),
(1648, 676, 2, 'Aut non architecto quibusdam perspiciatis asp', 'delectus'),
(1649, 677, 1, 'Sunt neque nihil doloremque officiis ex quisq', 'praesentium'),
(1650, 677, 2, 'Officiis enim architecto magnam voluptatem.', 'adipisci'),
(1651, 677, 1, 'Rerum expedita natus itaque voluptatibus quis', 'cum'),
(1652, 677, 3, 'Reprehenderit laboriosam facere debitis persp', 'similique'),
(1653, 678, 3, 'Unde exercitationem atque aut.', 'ea'),
(1654, 678, 3, 'Qui mollitia architecto quis unde labore.', 'quis'),
(1655, 678, 3, 'Ipsa labore fugiat repellat vel adipisci.', 'error'),
(1656, 679, 3, 'Distinctio repellendus et ratione ullam venia', 'ea'),
(1657, 679, 2, 'Ipsum id et mollitia ex enim.', 'illum'),
(1658, 679, 3, 'Neque ea rem dolore officia.', 'ullam'),
(1659, 679, 2, 'Unde labore perspiciatis ea.', 'dolorem'),
(1660, 681, 2, 'Ducimus quos iste tenetur.', 'illum'),
(1661, 681, 3, 'Error labore numquam iure veritatis alias.', 'nemo'),
(1662, 681, 3, 'Impedit nulla consectetur voluptatem iste qui', 'laboriosam'),
(1663, 682, 3, 'Et pariatur quos porro iste.', 'eveniet'),
(1664, 683, 1, 'Incidunt error repudiandae cumque.', 'neque'),
(1665, 683, 2, 'Culpa consectetur voluptas veniam aspernatur ', 'amet'),
(1666, 683, 2, 'Commodi labore et ad.', 'iusto'),
(1667, 684, 3, 'Libero consequatur quibusdam.', 'fugit'),
(1668, 684, 2, 'Iusto nisi molestias.', 'iure'),
(1669, 685, 2, 'Ex doloremque excepturi molestiae.', 'impedit'),
(1670, 685, 2, 'Necessitatibus ipsum animi commodi.', 'esse'),
(1671, 685, 2, 'Aspernatur voluptatum blanditiis maxime inven', 'eum'),
(1672, 685, 2, 'Voluptate voluptatum libero accusantium.', 'illum'),
(1673, 686, 3, 'Rerum consequatur doloremque.', 'omnis'),
(1674, 686, 2, 'Quisquam iste ratione corrupti reprehenderit.', 'omnis'),
(1675, 686, 1, 'Voluptas ipsum fugiat laborum optio consectet', 'voluptatibus'),
(1676, 686, 3, 'Doloribus quos eligendi nam minus.', 'porro'),
(1677, 687, 2, 'Doloremque quibusdam incidunt iste repellat p', 'impedit'),
(1678, 688, 2, 'Porro nesciunt in fuga velit officia soluta.', 'quibusdam'),
(1679, 688, 2, 'Dolorem provident veniam eligendi accusantium', 'pariatur'),
(1680, 689, 2, 'Quas vel fugiat laboriosam ad qui.', 'dolores'),
(1681, 690, 2, 'Explicabo minima odio amet.', 'eveniet'),
(1682, 690, 1, 'Autem fuga veritatis illo officiis optio.', 'facilis'),
(1683, 690, 1, 'Similique occaecati illum possimus.', 'rem'),
(1684, 690, 3, 'Exercitationem illo perspiciatis maiores.', 'dolorem'),
(1685, 690, 2, 'Quisquam ipsam veritatis quod numquam.', 'aut'),
(1686, 691, 3, 'Optio dolorum animi nisi quos perspiciatis.', 'maiores'),
(1687, 691, 1, 'Reprehenderit quasi maiores.', 'distinctio'),
(1688, 692, 3, 'In delectus suscipit minima voluptatibus aut.', 'mollitia'),
(1689, 692, 1, 'Doloribus enim incidunt pariatur nesciunt ut ', 'veniam'),
(1690, 693, 3, 'Nulla nemo dolore accusantium sapiente asperi', 'dolores'),
(1691, 693, 1, 'Eius pariatur nulla illum eum hic repellendus', 'illo'),
(1692, 693, 3, 'Mollitia in voluptatibus at similique maiores', 'laudantium'),
(1693, 693, 3, 'Iste voluptates cupiditate quas aliquam disti', 'accusantium'),
(1694, 693, 1, 'Velit beatae officia exercitationem minus odi', 'ratione'),
(1695, 694, 3, 'Laboriosam corporis vero dicta pariatur minim', 'dolores'),
(1696, 695, 2, 'Vitae eligendi ad totam harum.', 'ducimus'),
(1697, 695, 1, 'At modi aperiam doloremque beatae.', 'quaerat'),
(1698, 695, 2, 'Blanditiis inventore veritatis ratione rerum ', 'magnam'),
(1699, 696, 2, 'Porro molestias soluta magni.', 'sunt'),
(1700, 696, 1, 'Expedita molestiae facere accusantium corpori', 'rem'),
(1701, 697, 1, 'Reiciendis nobis repellat nisi neque temporib', 'sapiente'),
(1702, 697, 1, 'Est aliquid unde earum pariatur vero porro al', 'beatae'),
(1703, 697, 1, 'Voluptatem facilis blanditiis odio sed magni ', 'voluptatibus'),
(1704, 697, 2, 'Praesentium et impedit ipsam occaecati qui eu', 'corporis'),
(1705, 698, 2, 'Perspiciatis quia sed recusandae molestiae to', 'deserunt'),
(1706, 698, 2, 'Recusandae labore mollitia voluptatum.', 'animi'),
(1707, 698, 1, 'Provident quidem nemo.', 'nisi'),
(1708, 700, 3, 'Veniam natus modi.', 'voluptatem'),
(1709, 700, 3, 'Facilis occaecati a debitis nostrum nemo adip', 'placeat'),
(1710, 700, 3, 'Maxime magnam ducimus.', 'officiis'),
(1711, 700, 1, 'Quos sunt ipsam quasi repellat est enim et.', 'labore'),
(1712, 701, 3, 'Similique velit veniam corporis quae.', 'veritatis'),
(1713, 701, 3, 'Nesciunt reprehenderit nobis impedit quod cul', 'fugiat'),
(1714, 702, 3, 'Illo consequuntur rerum.', 'quia'),
(1715, 702, 3, 'Commodi possimus non explicabo ipsam providen', 'nulla'),
(1716, 702, 1, 'Facilis harum quos nesciunt aut.', 'voluptate'),
(1717, 702, 3, 'Aperiam eveniet blanditiis vero.', 'aspernatur'),
(1718, 704, 3, 'Harum esse autem occaecati placeat illo.', 'reprehenderit'),
(1719, 704, 1, 'Est tempore ea facilis ullam pariatur.', 'dignissimos'),
(1720, 704, 1, 'Sapiente consequatur aliquid cupiditate.', 'omnis'),
(1721, 705, 2, 'Accusamus laboriosam placeat accusamus.', 'ad'),
(1722, 705, 1, 'Corrupti nulla fugiat velit.', 'harum'),
(1723, 705, 3, 'Libero beatae mollitia fugiat.', 'voluptas'),
(1724, 705, 2, 'Alias delectus quia omnis corrupti consequatu', 'illum'),
(1725, 706, 2, 'Quam tempore tempore adipisci recusandae fuga', 'harum'),
(1726, 706, 2, 'Beatae laboriosam doloribus expedita rerum fu', 'similique'),
(1727, 706, 2, 'Fuga et amet suscipit labore.', 'libero'),
(1728, 707, 3, 'Doloremque nisi eveniet at omnis quo.', 'reprehenderit'),
(1729, 707, 3, 'Perspiciatis id quae illo numquam excepturi v', 'amet'),
(1730, 707, 2, 'Fuga quos ratione quibusdam odio neque.', 'amet'),
(1731, 707, 1, 'Sunt tenetur possimus.', 'at'),
(1732, 707, 1, 'Ut commodi enim beatae dolor.', 'a'),
(1733, 708, 2, 'Porro iste aliquid repudiandae ratione vel.', 'impedit'),
(1734, 708, 1, 'Ratione eligendi perspiciatis debitis numquam', 'nostrum'),
(1735, 709, 2, 'Voluptatum explicabo nisi ea ullam.', 'nulla'),
(1736, 709, 2, 'Ipsam molestiae explicabo ea laborum minus ve', 'eaque'),
(1737, 709, 2, 'Dolor vero impedit quos.', 'illum'),
(1738, 710, 2, 'Iusto culpa soluta tenetur sapiente repudiand', 'molestias'),
(1739, 710, 1, 'Aperiam officia aut minus quis.', 'cum'),
(1740, 711, 1, 'Repudiandae ipsa praesentium aspernatur ex.', 'vel'),
(1741, 711, 3, 'Id ipsum occaecati earum similique cupiditate', 'aperiam'),
(1742, 711, 1, 'Quis quam omnis iste cupiditate suscipit.', 'repellendus'),
(1743, 711, 2, 'Natus voluptate quisquam.', 'error'),
(1744, 712, 2, 'Saepe neque non ad officiis tempora sapiente.', 'est'),
(1745, 712, 2, 'Consequuntur impedit culpa laboriosam.', 'in'),
(1746, 713, 3, 'Cum expedita harum debitis hic odio quod.', 'voluptatibus'),
(1747, 713, 1, 'Explicabo dolore nostrum officia aut.', 'veniam'),
(1748, 714, 2, 'Incidunt laudantium nostrum amet.', 'placeat'),
(1749, 714, 2, 'Sint hic esse ratione.', 'debitis'),
(1750, 715, 2, 'Magni quo illum expedita sapiente blanditiis ', 'architecto'),
(1751, 715, 1, 'Eius asperiores blanditiis iste animi volupta', 'ex'),
(1752, 715, 2, 'Iusto tempora doloribus modi architecto quo.', 'aliquid'),
(1753, 715, 1, 'Sed dolor veritatis error.', 'modi'),
(1754, 716, 1, 'Iure nostrum itaque earum error in similique.', 'ab'),
(1755, 717, 1, 'Vel repellat provident repellendus repellendu', 'labore'),
(1756, 719, 1, 'Voluptatem corporis porro dolor laboriosam pl', 'reiciendis'),
(1757, 719, 1, 'Perspiciatis ipsam nulla iusto.', 'sed'),
(1758, 719, 1, 'Tempora a natus.', 'tenetur'),
(1759, 719, 2, 'Qui numquam veniam dignissimos.', 'aliquid'),
(1760, 719, 2, 'Consequatur labore necessitatibus cum quas ip', 'blanditiis'),
(1761, 721, 3, 'Optio quos id ducimus unde maxime.', 'non'),
(1762, 722, 2, 'Quisquam magnam corporis odit voluptas esse.', 'sequi'),
(1763, 723, 2, 'Neque dolorum officia praesentium quisquam co', 'consequatur'),
(1764, 723, 1, 'Reprehenderit aspernatur corporis nobis reici', 'consequuntur'),
(1765, 724, 1, 'Modi amet sint consequuntur cumque sapiente.', 'assumenda'),
(1766, 724, 2, 'Dicta magni nostrum harum quo magnam.', 'porro'),
(1767, 724, 2, 'Dicta hic nemo nam laudantium ea.', 'assumenda'),
(1768, 724, 1, 'Optio quam praesentium eum laborum ea.', 'eveniet'),
(1769, 725, 2, 'Rem vitae quae adipisci nobis ipsam sunt.', 'voluptate'),
(1770, 725, 1, 'Dolorum officiis amet soluta id fugiat dignis', 'rem'),
(1771, 725, 1, 'Incidunt voluptate deleniti temporibus quis.', 'aspernatur'),
(1772, 725, 3, 'Repellat sit et culpa nulla.', 'quibusdam'),
(1773, 725, 2, 'Recusandae expedita facilis sunt labore sint ', 'dolor'),
(1774, 726, 3, 'Quam labore sed reprehenderit quae repellat u', 'facere'),
(1775, 726, 3, 'Eius eius repellendus vitae molestias.', 'ex'),
(1776, 728, 1, 'Assumenda enim quas sapiente magni.', 'voluptatum'),
(1777, 728, 3, 'Ut inventore facere animi voluptate minima ul', 'placeat'),
(1778, 728, 3, 'Culpa vel dignissimos iusto enim perferendis ', 'ducimus'),
(1779, 728, 3, 'Asperiores dicta labore exercitationem id rep', 'deserunt'),
(1780, 728, 2, 'Vitae aut aliquid veritatis quod maxime odit.', 'similique'),
(1781, 730, 1, 'Tempora exercitationem molestiae deserunt eaq', 'fugiat'),
(1782, 730, 3, 'Id totam beatae provident facilis optio hic.', 'in'),
(1783, 730, 1, 'Dolorum ex tempora inventore repellat sint na', 'sunt'),
(1784, 731, 3, 'Iste perferendis libero ducimus nemo quaerat ', 'consequatur'),
(1785, 731, 2, 'Deserunt explicabo nisi laudantium.', 'voluptatum'),
(1786, 732, 2, 'Provident porro sit distinctio officiis dicta', 'ducimus'),
(1787, 733, 3, 'Quisquam quod deleniti odit officia minus.', 'cum'),
(1788, 734, 1, 'Quia maiores consectetur eum.', 'dolorum'),
(1789, 734, 1, 'Odio hic facere hic nostrum.', 'aliquam'),
(1790, 734, 1, 'Minus consectetur necessitatibus labore minim', 'quibusdam'),
(1791, 734, 2, 'Soluta ab unde voluptatem sapiente.', 'dolor'),
(1792, 734, 3, 'Neque quaerat deleniti distinctio debitis id ', 'velit'),
(1793, 735, 3, 'Mollitia eaque nemo quibusdam natus dolores d', 'voluptatem'),
(1794, 735, 2, 'Officia nihil nostrum assumenda voluptas sint', 'suscipit'),
(1795, 735, 1, 'Cum nostrum laudantium neque maiores expedita', 'a'),
(1796, 735, 3, 'Omnis eius exercitationem magni necessitatibu', 'impedit'),
(1797, 735, 1, 'Adipisci eaque reiciendis praesentium distinc', 'laudantium'),
(1798, 736, 3, 'Atque aliquam quia accusantium rem.', 'sint'),
(1799, 737, 1, 'Maxime totam amet quibusdam consequatur adipi', 'animi'),
(1800, 738, 1, 'Voluptatum accusantium commodi earum magni.', 'eaque'),
(1801, 739, 1, 'Quidem voluptate eos alias.', 'nobis'),
(1802, 739, 1, 'Aliquam laborum error minima illum.', 'beatae'),
(1803, 739, 3, 'Hic tempora esse eos tempore tenetur.', 'minus'),
(1804, 739, 2, 'Exercitationem voluptate cumque perferendis n', 'velit'),
(1805, 740, 3, 'Molestias doloremque beatae odio.', 'accusantium'),
(1806, 740, 2, 'Minima sunt rem laudantium officiis magnam.', 'nostrum'),
(1807, 740, 1, 'Aliquam ipsum at ex voluptates corporis natus', 'dolorum'),
(1808, 740, 1, 'Voluptatum mollitia ratione officiis beatae s', 'illo'),
(1809, 740, 3, 'Labore adipisci at.', 'possimus'),
(1810, 741, 1, 'Atque eligendi velit voluptatibus facere vel ', 'impedit'),
(1811, 742, 3, 'Voluptas aperiam distinctio molestiae beatae ', 'veniam'),
(1812, 742, 3, 'Quod cumque tempore rerum placeat fugiat.', 'aspernatur'),
(1813, 742, 3, 'Facilis accusantium ipsum esse.', 'quos'),
(1814, 742, 1, 'Ducimus voluptatum quibusdam fuga.', 'est'),
(1815, 742, 3, 'Eveniet consectetur dolores mollitia repellat', 'quae'),
(1816, 743, 1, 'Delectus sequi iste atque nisi id.', 'impedit'),
(1817, 743, 3, 'Nihil magni occaecati commodi dolorem.', 'modi'),
(1818, 743, 3, 'Unde eaque architecto ipsam inventore repelle', 'voluptate'),
(1819, 744, 3, 'Ex blanditiis sed dicta veritatis natus quam ', 'iste'),
(1820, 744, 1, 'Pariatur aliquid quisquam officiis voluptates', 'esse'),
(1821, 744, 2, 'Quam quod a sunt facilis tempore fuga ullam.', 'porro'),
(1822, 747, 2, 'Dignissimos ipsam nobis minus accusantium.', 'sapiente'),
(1823, 748, 1, 'Harum blanditiis optio tempora.', 'repellendus'),
(1824, 748, 2, 'Ad quis itaque dolorem.', 'ratione'),
(1825, 748, 3, 'Consequuntur nisi ab.', 'recusandae'),
(1826, 749, 2, 'Explicabo sunt modi.', 'possimus'),
(1827, 749, 3, 'Voluptatem blanditiis velit numquam sit disti', 'voluptate'),
(1828, 749, 3, 'Libero odit dolore maxime fugiat a.', 'veniam'),
(1829, 750, 3, 'Cum laborum cupiditate soluta cupiditate.', 'occaecati'),
(1830, 750, 1, 'Amet iste facere recusandae occaecati sed.', 'tempora'),
(1831, 751, 1, 'Ad nulla at sunt.', 'aliquid'),
(1832, 751, 2, 'Dicta beatae porro eligendi.', 'ex'),
(1833, 751, 3, 'Culpa eligendi iure minus rerum a.', 'nesciunt'),
(1834, 751, 3, 'Fugit asperiores dolorum vero consequuntur.', 'fugit'),
(1835, 751, 1, 'Tenetur autem quae culpa.', 'beatae'),
(1836, 752, 1, 'Nam dignissimos cum iure minima fuga minus.', 'soluta'),
(1837, 752, 2, 'Dolorem dicta aperiam cumque nam molestiae ei', 'provident'),
(1838, 752, 3, 'Temporibus molestias ducimus possimus.', 'recusandae'),
(1839, 753, 2, 'Recusandae libero ipsa ullam dolore suscipit.', 'alias'),
(1840, 753, 3, 'Facilis asperiores doloribus distinctio.', 'laboriosam'),
(1841, 753, 1, 'Aliquid exercitationem voluptas quo suscipit ', 'at'),
(1842, 754, 3, 'Delectus minima alias eos.', 'itaque'),
(1843, 754, 3, 'Quisquam autem nisi quam sequi mollitia.', 'atque'),
(1844, 754, 3, 'Veritatis tenetur minima.', 'porro'),
(1845, 756, 3, 'Ipsum sint vitae.', 'exercitationem'),
(1846, 756, 3, 'Necessitatibus dolorem odio in quas.', 'sed'),
(1847, 756, 1, 'Quaerat voluptatibus quo quidem culpa.', 'placeat'),
(1848, 757, 2, 'Qui iusto magnam illo molestiae laboriosam qu', 'vero'),
(1849, 757, 3, 'Corrupti eius voluptatem soluta laborum.', 'veritatis'),
(1850, 758, 2, 'Quas perferendis sint sapiente excepturi haru', 'quasi'),
(1851, 758, 1, 'Eveniet distinctio optio repellendus sapiente', 'officia'),
(1852, 760, 3, 'Optio est rerum.', 'suscipit'),
(1853, 760, 2, 'Dicta ab ipsam dolores.', 'exercitationem'),
(1854, 760, 1, 'Aliquam explicabo impedit doloribus esse impe', 'dolores'),
(1855, 761, 1, 'Explicabo et autem incidunt sed optio magni.', 'nam'),
(1856, 761, 1, 'Tempora dicta totam perspiciatis temporibus r', 'praesentium'),
(1857, 762, 2, 'Ut minima exercitationem repellat distinctio.', 'error'),
(1858, 762, 1, 'Molestias officiis accusamus dolor vel.', 'facilis'),
(1859, 762, 1, 'Reiciendis consequuntur iusto ducimus cum.', 'quod'),
(1860, 762, 1, 'Commodi sit odio quo.', 'ratione'),
(1861, 762, 1, 'Dolorem sint adipisci.', 'officia'),
(1862, 763, 2, 'Explicabo aperiam delectus magnam error ullam', 'mollitia'),
(1863, 763, 1, 'Corporis ab quis molestias libero repudiandae', 'dolorum'),
(1864, 763, 1, 'Numquam distinctio exercitationem sunt quae d', 'porro'),
(1865, 764, 1, 'Molestiae atque nisi laborum eaque.', 'enim'),
(1866, 764, 2, 'Repudiandae consequatur veniam minus at neces', 'ullam'),
(1867, 765, 1, 'Illum assumenda illum quasi.', 'illum'),
(1868, 765, 2, 'Odio quia quaerat corporis.', 'similique'),
(1869, 765, 3, 'Natus ut voluptatem itaque aspernatur.', 'assumenda'),
(1870, 765, 3, 'Atque expedita amet excepturi a sapiente.', 'vitae'),
(1871, 766, 2, 'Quae voluptatem porro magnam eum mollitia.', 'beatae'),
(1872, 766, 2, 'Quas iure cum perferendis reiciendis.', 'aut'),
(1873, 766, 2, 'Nesciunt quibusdam illo ipsam maiores repelle', 'amet'),
(1874, 766, 1, 'Reprehenderit magnam alias eveniet ipsum inve', 'dolore'),
(1875, 766, 2, 'Aliquam tenetur voluptatibus ullam consequunt', 'temporibus'),
(1876, 767, 2, 'Aliquid voluptatibus neque laboriosam soluta.', 'eaque'),
(1877, 767, 1, 'Cupiditate doloribus dolores quo modi eaque.', 'debitis'),
(1878, 767, 3, 'Magni id tempore illo ad odio.', 'non'),
(1879, 767, 1, 'Numquam ad nesciunt eos consequatur ipsa magn', 'beatae'),
(1880, 767, 2, 'Veniam nihil accusantium maiores.', 'deleniti'),
(1881, 768, 2, 'Pariatur repellat ratione necessitatibus saep', 'nulla'),
(1882, 768, 2, 'Iure ad quod ad expedita optio.', 'officia'),
(1883, 769, 3, 'Dignissimos saepe ratione soluta quis necessi', 'nam'),
(1884, 769, 2, 'Alias debitis distinctio quo omnis.', 'laborum'),
(1885, 769, 1, 'Asperiores itaque assumenda dolore minus pari', 'atque'),
(1886, 769, 2, 'Deserunt optio sint delectus occaecati iusto ', 'omnis'),
(1887, 773, 1, 'Quo quis reiciendis perferendis cum eveniet v', 'eius'),
(1888, 774, 2, 'Blanditiis amet cum praesentium.', 'facilis'),
(1889, 776, 1, 'Alias explicabo temporibus aut.', 'natus'),
(1890, 776, 3, 'Blanditiis neque error.', 'beatae'),
(1891, 776, 2, 'Consectetur laudantium eligendi optio aperiam', 'incidunt'),
(1892, 776, 1, 'Minus enim sed ducimus.', 'explicabo'),
(1893, 777, 3, 'Sapiente dicta nulla vitae architecto.', 'enim'),
(1894, 778, 2, 'Ea molestias reiciendis doloremque accusantiu', 'pariatur'),
(1895, 778, 3, 'Perspiciatis aliquam beatae facere ut.', 'corrupti'),
(1896, 778, 1, 'Quod sed delectus inventore qui dolor quibusd', 'libero'),
(1897, 778, 3, 'Cumque sint amet hic officiis saepe rem eveni', 'hic'),
(1898, 778, 2, 'Harum maiores perspiciatis eveniet voluptate ', 'provident'),
(1899, 779, 1, 'Voluptates eum a explicabo.', 'quos'),
(1900, 779, 1, 'Voluptatem labore id debitis quo atque placea', 'iusto'),
(1901, 779, 1, 'Cum fuga quos cupiditate.', 'soluta'),
(1902, 780, 1, 'Occaecati ratione fugiat distinctio ut.', 'pariatur'),
(1903, 781, 1, 'Corporis id odit neque occaecati.', 'dolores'),
(1904, 781, 2, 'Officiis esse ea soluta.', 'perferendis'),
(1905, 781, 3, 'Harum vel rem natus aliquam ipsum.', 'libero'),
(1906, 781, 2, 'At cum eos odit eos non iste.', 'velit'),
(1907, 781, 3, 'Debitis quod dolor illum.', 'provident'),
(1908, 782, 3, 'Fugit minima suscipit illum.', 'dignissimos'),
(1909, 783, 1, 'Libero aliquid architecto modi laboriosam.', 'blanditiis'),
(1910, 783, 2, 'Ullam officia aspernatur eligendi id.', 'at'),
(1911, 783, 2, 'Fuga saepe veritatis quis beatae officiis vol', 'provident'),
(1912, 784, 1, 'Rem excepturi neque.', 'doloribus'),
(1913, 784, 3, 'Consequuntur ducimus officia pariatur repella', 'ipsum'),
(1914, 784, 2, 'Veritatis rerum sapiente occaecati in numquam', 'alias'),
(1915, 785, 2, 'Pariatur harum assumenda est ea dignissimos r', 'ipsam'),
(1916, 785, 2, 'Reiciendis velit sed.', 'autem'),
(1917, 785, 3, 'Nesciunt vitae eligendi laborum illo sequi.', 'nesciunt'),
(1918, 785, 2, 'Eius consequatur natus maxime incidunt molest', 'commodi'),
(1919, 785, 3, 'Reprehenderit omnis ad corrupti debitis volup', 'provident'),
(1920, 786, 1, 'Quaerat magnam sequi architecto corporis.', 'similique'),
(1921, 787, 1, 'Fuga molestias alias.', 'vitae'),
(1922, 787, 2, 'Ab dignissimos quasi rerum.', 'autem'),
(1923, 787, 2, 'Odit architecto animi nostrum.', 'maxime'),
(1924, 788, 3, 'Sapiente dicta accusamus repudiandae natus vi', 'laborum'),
(1925, 788, 2, 'Accusamus ad similique blanditiis illum.', 'voluptate'),
(1926, 788, 1, 'Quasi corrupti accusantium reprehenderit adip', 'inventore'),
(1927, 789, 3, 'Ex tenetur eligendi amet repudiandae quae.', 'aliquam'),
(1928, 789, 1, 'Cupiditate quia corrupti voluptate provident.', 'nostrum'),
(1929, 789, 3, 'Qui eos impedit animi.', 'rerum'),
(1930, 789, 1, 'Quam quas rerum veniam.', 'non'),
(1931, 789, 3, 'Illum dolorum enim ipsam repudiandae itaque u', 'sunt'),
(1932, 790, 1, 'Quam impedit natus maiores.', 'nobis'),
(1933, 791, 2, 'Deleniti numquam aliquid magnam molestiae mol', 'tempore'),
(1934, 792, 2, 'Id dolore odit soluta sunt.', 'quas'),
(1935, 792, 2, 'Saepe magni officia dolores.', 'occaecati'),
(1936, 792, 1, 'Laboriosam consequatur ea harum quisquam mini', 'repellat'),
(1937, 792, 3, 'Ut animi ex aliquam.', 'quo'),
(1938, 792, 2, 'Officiis sunt reprehenderit rem explicabo seq', 'occaecati'),
(1939, 793, 3, 'Quia accusantium similique aut necessitatibus', 'laudantium'),
(1940, 794, 2, 'Architecto eveniet maxime debitis blanditiis ', 'natus'),
(1941, 794, 3, 'Dolorum labore nostrum ut deleniti.', 'corporis'),
(1942, 794, 2, 'Distinctio praesentium aut consectetur perfer', 'expedita'),
(1943, 794, 1, 'Consequatur sint exercitationem illum.', 'nam'),
(1944, 795, 3, 'Eaque vitae a suscipit.', 'nam'),
(1945, 795, 2, 'Totam qui esse ipsa expedita commodi eos.', 'aperiam'),
(1946, 795, 1, 'Exercitationem consectetur quisquam totam off', 'iure'),
(1947, 795, 2, 'Blanditiis occaecati enim quia.', 'neque'),
(1948, 795, 3, 'Ipsam autem voluptates earum accusamus sunt.', 'ullam'),
(1949, 798, 1, 'Asperiores nostrum omnis.', 'cupiditate'),
(1950, 798, 2, 'Similique veniam maxime.', 'ab'),
(1951, 798, 1, 'Exercitationem laborum quibusdam deserunt imp', 'veritatis'),
(1952, 798, 2, 'Distinctio deserunt laboriosam debitis quas c', 'earum'),
(1953, 799, 2, 'Enim ipsam illo eveniet.', 'excepturi'),
(1954, 799, 2, 'Architecto quia minima sequi inventore commod', 'eaque'),
(1955, 799, 3, 'Maiores nisi ea aliquam nulla ipsum voluptatu', 'maiores'),
(1956, 800, 1, 'Saepe consequatur sapiente recusandae laborum', 'quis'),
(1957, 800, 1, 'Quam tempora omnis qui.', 'modi'),
(1958, 800, 1, 'Sequi quo debitis repellendus impedit expedit', 'ea'),
(1959, 800, 1, 'Sed quis dignissimos doloribus.', 'odit'),
(1960, 800, 3, 'Asperiores autem officiis.', 'saepe'),
(1961, 801, 3, 'Quisquam explicabo omnis possimus.', 'beatae'),
(1962, 803, 1, 'Fugit quae aperiam et non.', 'occaecati'),
(1963, 803, 2, 'Reprehenderit facilis dicta esse reprehenderi', 'doloremque'),
(1964, 803, 1, 'Quo dignissimos alias deleniti totam veniam.', 'quae'),
(1965, 803, 3, 'Molestiae doloribus accusamus ipsum.', 'aut'),
(1966, 803, 2, 'Hic beatae possimus laudantium.', 'sapiente'),
(1967, 806, 2, 'Aut modi laboriosam repellat aut quos.', 'expedita'),
(1968, 806, 3, 'Aliquid cupiditate consequatur quidem nulla.', 'ipsum'),
(1969, 806, 3, 'Eligendi a ex ad.', 'eligendi'),
(1970, 806, 2, 'Ea accusamus corporis atque minima cum commod', 'ab'),
(1971, 806, 2, 'Neque commodi eius tempora eos dolore rerum.', 'ad'),
(1972, 807, 3, 'Id aperiam dolores quasi officia.', 'voluptates'),
(1973, 809, 3, 'Nihil alias esse debitis eum eum.', 'totam'),
(1974, 810, 2, 'Saepe sed magni molestias.', 'eum'),
(1975, 810, 1, 'Quod animi porro ad.', 'quibusdam'),
(1976, 810, 3, 'Vitae velit laboriosam.', 'quos'),
(1977, 811, 1, 'Eaque consectetur officiis eum laboriosam ear', 'recusandae'),
(1978, 811, 1, 'Vel beatae beatae minus.', 'totam'),
(1979, 811, 3, 'Impedit delectus debitis consequuntur explica', 'aspernatur'),
(1980, 812, 1, 'Officiis aperiam aliquid repellat.', 'eligendi'),
(1981, 813, 2, 'Libero enim perspiciatis nemo adipisci sit.', 'voluptatibus'),
(1982, 813, 1, 'Odit hic aspernatur.', 'laboriosam'),
(1983, 813, 3, 'Dolorum nisi optio tenetur iste ducimus susci', 'officia'),
(1984, 814, 2, 'Officiis ad incidunt nulla nostrum.', 'architecto'),
(1985, 814, 2, 'Alias perferendis rerum tempore ex.', 'magnam'),
(1986, 814, 1, 'Suscipit aspernatur tempora architecto provid', 'consequuntur'),
(1987, 816, 2, 'Excepturi modi pariatur ea optio distinctio p', 'officia'),
(1988, 816, 2, 'Deserunt minima expedita consequuntur eos.', 'modi'),
(1989, 817, 1, 'Doloribus sit totam recusandae.', 'incidunt'),
(1990, 817, 3, 'Doloribus cum saepe enim quod aliquid molesti', 'adipisci'),
(1991, 818, 2, 'Totam ducimus rerum occaecati.', 'ducimus'),
(1992, 818, 1, 'Et recusandae aut magni numquam dolore offici', 'optio'),
(1993, 818, 1, 'Maiores expedita mollitia dolor necessitatibu', 'minus'),
(1994, 818, 3, 'Placeat nobis dicta vel fugit.', 'possimus'),
(1995, 818, 3, 'Vel id tempore cupiditate porro.', 'temporibus'),
(1996, 819, 1, 'Nihil pariatur impedit veniam iste.', 'sapiente'),
(1997, 819, 2, 'Fugit neque ad.', 'expedita'),
(1998, 819, 2, 'Eum blanditiis iusto inventore molestiae.', 'libero'),
(1999, 819, 3, 'Sint eius tempora incidunt quam laborum fugit', 'mollitia'),
(2000, 819, 2, 'In enim est fuga molestias inventore minus.', 'saepe'),
(2001, 820, 1, 'Ducimus ullam repudiandae odio error.', 'molestiae'),
(2002, 820, 1, 'Ab atque nobis architecto.', 'occaecati'),
(2003, 821, 3, 'Dolores quae fugiat illo expedita commodi ill', 'sit'),
(2004, 822, 2, 'Magni harum harum nesciunt error.', 'quos'),
(2005, 822, 3, 'Quod odit distinctio perferendis asperiores a', 'ipsam'),
(2006, 822, 1, 'Id voluptas repellendus repellat vero repudia', 'facilis'),
(2007, 823, 1, 'Illum mollitia velit quisquam tempore exercit', 'dicta'),
(2008, 824, 3, 'Delectus nesciunt debitis molestias.', 'eveniet'),
(2009, 825, 1, 'Quaerat voluptatem quis.', 'quasi'),
(2010, 826, 2, 'Sequi architecto cumque totam blanditiis prae', 'sint'),
(2011, 826, 2, 'Assumenda odio recusandae totam temporibus.', 'officia'),
(2012, 826, 3, 'Hic sunt fugit vitae sapiente.', 'facere'),
(2013, 827, 2, 'Soluta quo voluptas veniam blanditiis.', 'tenetur'),
(2014, 827, 1, 'Accusantium dignissimos iste quasi.', 'ex'),
(2015, 828, 2, 'Quis veniam debitis labore nisi blanditiis po', 'consequuntur'),
(2016, 828, 2, 'Nulla autem voluptas architecto aliquid.', 'enim'),
(2017, 828, 1, 'At odit quasi temporibus qui adipisci consequ', 'quisquam'),
(2018, 828, 2, 'Nihil aperiam veritatis expedita enim.', 'natus'),
(2019, 828, 1, 'Esse voluptatem deleniti quam possimus.', 'qui'),
(2020, 829, 1, 'Tempore impedit sunt magni eos quis.', 'neque'),
(2021, 829, 1, 'Consectetur architecto expedita soluta adipis', 'explicabo'),
(2022, 829, 2, 'Ad ut architecto sunt.', 'aliquam'),
(2023, 830, 3, 'Illum laudantium esse facilis soluta.', 'quisquam'),
(2024, 830, 3, 'Earum hic numquam quo nihil dolore voluptas.', 'quaerat'),
(2025, 832, 1, 'Harum quas reiciendis quae deserunt.', 'quidem'),
(2026, 832, 2, 'Animi voluptates autem earum.', 'inventore'),
(2027, 832, 2, 'Quas nisi suscipit exercitationem.', 'soluta'),
(2028, 832, 2, 'Voluptate blanditiis natus corrupti.', 'quae'),
(2029, 832, 3, 'Quae deleniti repudiandae quod porro exercita', 'dolorum'),
(2030, 833, 1, 'Molestias quas iste facere.', 'unde'),
(2031, 834, 2, 'Accusamus impedit dolorem nam.', 'corrupti'),
(2032, 834, 3, 'Voluptatum quisquam esse autem ea beatae solu', 'eos'),
(2033, 835, 2, 'Distinctio magni velit dolor inventore impedi', 'esse'),
(2034, 835, 2, 'Consequuntur tempore numquam magni cumque dol', 'voluptatum'),
(2035, 835, 1, 'Necessitatibus molestias ab eos maxime perfer', 'dicta'),
(2036, 835, 2, 'Ad maxime voluptatem quasi.', 'deserunt'),
(2037, 836, 1, 'Eius soluta dignissimos commodi vel.', 'dolor'),
(2038, 836, 3, 'Sed error dignissimos repellat asperiores ear', 'labore'),
(2039, 837, 3, 'Dolores quae tempora molestiae sed harum.', 'et'),
(2040, 837, 3, 'Alias quaerat libero tenetur.', 'qui'),
(2041, 839, 1, 'Veritatis alias in eos facilis molestias id.', 'delectus'),
(2042, 839, 2, 'Illo qui voluptas magnam nihil est voluptates', 'id'),
(2043, 841, 1, 'Architecto eius est.', 'earum'),
(2044, 842, 3, 'Maiores quos ratione facilis reprehenderit in', 'odit'),
(2045, 842, 2, 'Expedita a ipsam eius magnam aliquam quia qua', 'deleniti'),
(2046, 843, 1, 'Ipsa iste dolorem facere provident unde provi', 'aut'),
(2047, 843, 1, 'Eveniet eum voluptates.', 'quo'),
(2048, 844, 3, 'Error soluta molestiae facilis aliquam.', 'perspiciatis'),
(2049, 844, 2, 'Sunt esse asperiores quas eligendi.', 'cupiditate'),
(2050, 845, 3, 'Voluptatem laudantium sapiente dicta sapiente', 'saepe'),
(2051, 845, 1, 'Voluptatum nemo a architecto quos.', 'magni'),
(2052, 845, 2, 'Ullam asperiores et.', 'ad'),
(2053, 845, 1, 'Porro adipisci non nihil error.', 'magnam'),
(2054, 846, 1, 'Similique delectus hic quos magnam.', 'explicabo'),
(2055, 846, 2, 'Harum magnam quisquam.', 'eum'),
(2056, 846, 1, 'Unde recusandae occaecati repellat repudianda', 'adipisci'),
(2057, 846, 3, 'Corrupti eveniet enim.', 'voluptates'),
(2058, 847, 2, 'Accusamus corporis blanditiis.', 'quam'),
(2059, 847, 3, 'Aliquid mollitia dicta vero quaerat facilis d', 'autem'),
(2060, 847, 3, 'Magni in doloremque consectetur similique.', 'iure'),
(2061, 847, 3, 'Esse ullam facere recusandae eveniet.', 'optio'),
(2062, 847, 2, 'In facilis harum nihil excepturi.', 'at'),
(2063, 848, 2, 'Reprehenderit mollitia aperiam earum culpa pr', 'nam'),
(2064, 848, 2, 'Ipsa modi vel quam natus.', 'libero'),
(2065, 848, 2, 'Laboriosam distinctio repudiandae minus aperi', 'nam'),
(2066, 849, 3, 'Nesciunt atque beatae expedita explicabo corr', 'eius'),
(2067, 849, 2, 'Quisquam tenetur quas et rerum.', 'perspiciatis'),
(2068, 849, 1, 'Omnis neque tenetur eius alias.', 'libero'),
(2069, 849, 2, 'Odit nemo error illum animi placeat.', 'blanditiis'),
(2070, 850, 1, 'Impedit velit repellat ipsa ratione.', 'necessitatibus'),
(2071, 850, 3, 'Minima natus earum quo consequatur dignissimo', 'doloribus'),
(2072, 850, 3, 'Unde tempore vitae fugiat.', 'vero'),
(2073, 850, 3, 'Sequi id beatae iusto expedita.', 'vel'),
(2074, 851, 1, 'Reprehenderit repellat dicta deleniti dolorum', 'voluptas'),
(2075, 851, 2, 'Corporis culpa quas.', 'quasi'),
(2076, 851, 3, 'Harum eaque cupiditate.', 'dolores'),
(2077, 852, 2, 'Culpa eligendi aperiam rem quod.', 'amet'),
(2078, 852, 1, 'Quae in vel sunt ea nesciunt.', 'suscipit'),
(2079, 853, 3, 'Numquam laudantium ratione quam officia labor', 'impedit'),
(2080, 854, 1, 'Tempore excepturi sunt laudantium inventore f', 'iure'),
(2081, 854, 1, 'Incidunt pariatur sequi nostrum deserunt.', 'quaerat'),
(2082, 854, 3, 'Doloremque placeat esse fugit est.', 'quam'),
(2083, 854, 3, 'Similique dolore mollitia perspiciatis expedi', 'delectus'),
(2084, 855, 2, 'Eligendi eaque tempore earum libero quidem op', 'recusandae'),
(2085, 856, 2, 'Veritatis tempore quam corrupti.', 'incidunt'),
(2086, 857, 1, 'Ea laudantium laborum quam eaque recusandae.', 'recusandae'),
(2087, 857, 2, 'Mollitia fugit est earum dolorum.', 'distinctio'),
(2088, 857, 3, 'Ad autem quibusdam deserunt hic.', 'cumque'),
(2089, 858, 2, 'Assumenda vero accusantium sit aperiam fuga.', 'dolorem'),
(2090, 858, 3, 'Amet aut sunt nobis aliquid ea.', 'id'),
(2091, 858, 3, 'Explicabo illum quaerat inventore placeat con', 'hic'),
(2092, 859, 3, 'Quae ratione quaerat maiores.', 'natus'),
(2093, 859, 1, 'Eveniet et et ipsam in nulla voluptatibus.', 'voluptatibus'),
(2094, 860, 1, 'Nisi vero voluptates eius delectus reiciendis', 'et'),
(2095, 860, 1, 'Quaerat distinctio nobis ipsam exercitationem', 'reiciendis'),
(2096, 860, 3, 'Repudiandae aliquam cumque voluptas officia c', 'architecto'),
(2097, 861, 1, 'Consectetur quam asperiores aliquam facere pl', 'suscipit'),
(2098, 861, 3, 'Pariatur hic delectus aliquam assumenda.', 'repellat'),
(2099, 861, 2, 'Sit quod optio quasi fugiat sed ea.', 'quisquam'),
(2100, 861, 2, 'Non architecto saepe rem.', 'soluta'),
(2101, 861, 2, 'Dicta mollitia repellendus perspiciatis.', 'vel'),
(2102, 862, 1, 'In soluta eius aperiam tempore aut quaerat.', 'aliquid'),
(2103, 863, 3, 'Neque perspiciatis distinctio error.', 'dignissimos'),
(2104, 863, 1, 'Tempore officiis dolore ipsam aut suscipit.', 'ab'),
(2105, 864, 3, 'Porro a eius nesciunt cupiditate esse.', 'pariatur'),
(2106, 864, 2, 'Animi culpa quo commodi exercitationem nisi o', 'quam'),
(2107, 865, 2, 'Velit aliquam cupiditate.', 'vitae'),
(2108, 865, 3, 'Natus magni laboriosam occaecati officia porr', 'rerum'),
(2109, 866, 1, 'Totam inventore necessitatibus.', 'pariatur'),
(2110, 866, 3, 'Fugiat tempora non unde.', 'autem'),
(2111, 866, 3, 'Magni quod earum nobis fuga.', 'tempora'),
(2112, 867, 3, 'Soluta expedita harum debitis.', 'excepturi'),
(2113, 867, 3, 'Error aliquam consequuntur reprehenderit.', 'reprehenderit'),
(2114, 867, 2, 'Perspiciatis non velit itaque.', 'voluptas'),
(2115, 868, 1, 'Saepe eligendi sed reiciendis quos cupiditate', 'accusantium'),
(2116, 868, 2, 'Quasi dolorem ullam dicta fuga autem cupidita', 'voluptatibus'),
(2117, 869, 3, 'Harum neque ipsam aut perferendis pariatur ve', 'quam'),
(2118, 869, 3, 'Aliquam blanditiis asperiores nisi.', 'dolor'),
(2119, 869, 2, 'Delectus beatae ea placeat sit dolore.', 'in'),
(2120, 869, 3, 'Ullam voluptates culpa.', 'necessitatibus'),
(2121, 870, 2, 'Corrupti nam excepturi quia deserunt rerum fa', 'sit'),
(2122, 870, 1, 'Ratione iste veniam nemo.', 'maiores'),
(2123, 870, 2, 'Id omnis maiores consequatur perspiciatis exe', 'repudiandae'),
(2124, 870, 2, 'Quod voluptates quas alias aspernatur ullam.', 'impedit'),
(2125, 872, 1, 'Id cumque corporis amet cupiditate minus at v', 'accusamus'),
(2126, 872, 3, 'Odit vitae beatae soluta.', 'sequi'),
(2127, 873, 1, 'Ratione molestias quos numquam illo.', 'ratione'),
(2128, 874, 3, 'Quod sint pariatur aperiam ipsa ex.', 'culpa'),
(2129, 874, 3, 'Soluta facilis placeat repellendus.', 'eius'),
(2130, 874, 1, 'Repellendus odit quo dolore sit saepe iste od', 'magni'),
(2131, 874, 1, 'Distinctio deleniti iure reprehenderit offici', 'totam'),
(2132, 875, 1, 'Nisi laboriosam reprehenderit numquam culpa.', 'quasi'),
(2133, 875, 1, 'Quae cupiditate minima atque velit beatae dol', 'fuga'),
(2134, 875, 3, 'Dicta id repellat corporis.', 'commodi'),
(2135, 875, 2, 'Saepe sed labore optio distinctio aliquam.', 'repudiandae'),
(2136, 875, 2, 'Voluptates sint incidunt ratione.', 'quam'),
(2137, 876, 2, 'Ut atque ea saepe a impedit repellat nostrum.', 'voluptatem'),
(2138, 876, 1, 'Est similique quaerat cum.', 'nemo'),
(2139, 876, 1, 'Incidunt quidem dolorum quis maiores.', 'error'),
(2140, 876, 3, 'Ea id dolore dolorem tempora veritatis.', 'occaecati'),
(2141, 876, 1, 'Ullam totam tempore temporibus iusto deserunt', 'aliquam'),
(2142, 877, 1, 'Pariatur odit quo odio.', 'voluptatibus'),
(2143, 877, 1, 'Consequuntur repellat autem modi.', 'dolores'),
(2144, 877, 2, 'Delectus eligendi numquam ut.', 'quae'),
(2145, 877, 3, 'Eius laudantium cumque hic.', 'impedit'),
(2146, 878, 1, 'Corrupti laboriosam pariatur neque magni.', 'nesciunt'),
(2147, 878, 1, 'Quibusdam perspiciatis animi.', 'fugit'),
(2148, 878, 3, 'Veritatis est laboriosam illo ipsum corporis.', 'similique'),
(2149, 878, 2, 'Ipsam voluptates laudantium ipsam provident q', 'facilis'),
(2150, 878, 3, 'Deserunt quos earum.', 'ut'),
(2151, 879, 2, 'Nesciunt dicta expedita saepe eius quidem.', 'iste'),
(2152, 879, 3, 'Expedita dignissimos porro tempora eum facili', 'quo'),
(2153, 879, 1, 'Repellendus repellendus nam ipsam.', 'nam'),
(2154, 879, 1, 'Minima nihil commodi nam placeat ut.', 'dolores'),
(2155, 879, 1, 'Doloremque asperiores eaque asperiores sit al', 'quasi'),
(2156, 881, 2, 'Nobis cupiditate voluptatum sit dicta eveniet', 'dolore'),
(2157, 882, 2, 'Sequi accusamus sit numquam laborum.', 'quibusdam'),
(2158, 882, 3, 'Quaerat odit sit a porro eaque.', 'culpa'),
(2159, 882, 3, 'Tempora dicta repellendus incidunt facilis ip', 'veniam'),
(2160, 882, 2, 'A culpa labore cumque magnam veritatis ab.', 'pariatur'),
(2161, 883, 3, 'Quidem assumenda minima corporis ipsa ipsum.', 'numquam'),
(2162, 883, 3, 'Fugit numquam officia est nobis excepturi.', 'labore'),
(2163, 883, 1, 'Distinctio perferendis est illum tempora inve', 'odio'),
(2164, 883, 2, 'Voluptas sint magni deserunt esse.', 'perferendis'),
(2165, 883, 2, 'Reiciendis dolorem eaque ea earum id.', 'ab'),
(2166, 884, 3, 'Amet mollitia ut aperiam.', 'sunt'),
(2167, 884, 1, 'Veritatis sunt tempora rem assumenda.', 'numquam'),
(2168, 884, 3, 'Neque totam cupiditate asperiores eos aliquam', 'a'),
(2169, 885, 3, 'A omnis consequatur iste numquam nulla.', 'facilis'),
(2170, 885, 3, 'Sunt modi voluptatibus eveniet quae ab.', 'praesentium'),
(2171, 885, 3, 'Laborum sequi dolore vitae labore harum volup', 'veniam'),
(2172, 886, 1, 'Vero dicta amet totam odio odio necessitatibu', 'consequatur'),
(2173, 886, 1, 'Temporibus aliquam praesentium eligendi cum.', 'veniam'),
(2174, 886, 1, 'Temporibus quaerat perferendis hic.', 'asperiores'),
(2175, 887, 2, 'Dicta tenetur occaecati esse sint error.', 'libero'),
(2176, 887, 1, 'Iure maiores temporibus ratione mollitia quib', 'eveniet'),
(2177, 887, 3, 'Voluptate voluptatum accusamus velit.', 'ad'),
(2178, 888, 3, 'Magnam ipsa eos vero.', 'explicabo'),
(2179, 888, 1, 'Expedita laudantium amet vero.', 'magnam'),
(2180, 888, 3, 'Delectus eveniet ipsum fugit.', 'quis'),
(2181, 888, 3, 'Facere ea repudiandae temporibus.', 'est'),
(2182, 889, 1, 'Impedit accusantium quae error dignissimos.', 'sunt'),
(2183, 889, 1, 'Fugit facilis maxime aliquam nostrum totam.', 'fugit'),
(2184, 889, 1, 'Tempora ipsum molestiae saepe.', 'nulla'),
(2185, 889, 3, 'Ipsam quibusdam iste perspiciatis at rerum es', 'suscipit'),
(2186, 890, 1, 'Praesentium nemo veniam deleniti.', 'quis'),
(2187, 890, 1, 'Natus asperiores quidem odit.', 'molestias'),
(2188, 890, 2, 'A assumenda provident eos officia.', 'qui'),
(2189, 890, 2, 'Earum perspiciatis in ad voluptatum.', 'necessitatibus'),
(2190, 890, 2, 'Sapiente in quia ullam.', 'perspiciatis'),
(2191, 892, 3, 'Nesciunt repellat tempore consectetur.', 'quaerat'),
(2192, 893, 1, 'Ab ipsam tempore sed porro natus provident.', 'necessitatibus'),
(2193, 895, 2, 'Earum nostrum cumque corrupti fugit ratione p', 'neque'),
(2194, 895, 3, 'Repellat delectus esse.', 'explicabo'),
(2195, 896, 1, 'Eum dolorem consequuntur assumenda.', 'repellat'),
(2196, 896, 2, 'Culpa recusandae vero architecto.', 'repellat'),
(2197, 896, 2, 'Molestiae laborum veniam fuga.', 'eum'),
(2198, 896, 3, 'Doloribus quia veritatis labore eligendi arch', 'quos'),
(2199, 898, 3, 'Alias pariatur optio rem eius ipsum minima.', 'impedit'),
(2200, 898, 1, 'Veritatis eveniet neque perferendis modi sed ', 'quisquam'),
(2201, 900, 3, 'Accusamus velit alias fugit iure neque culpa.', 'culpa'),
(2202, 900, 1, 'Non quasi corrupti perferendis.', 'expedita');
INSERT INTO achievement(id, part, qty, type_of_achievement, date_aquired, person_id)
VALUES(1, 29, 1,'غيبي', '1979-05-04', 74),
(2, 14, 13,'غيبي', '2013-03-04', 23),
(3, 13, 5,'غيبي', '1980-02-21', 65),
(4, 1, 14,'غيبي', '1998-03-31', 69),
(5, 4, 20,'غيبي', '1973-10-11', 36),
(6, 16, 8,'تلاوة', '2013-10-18', 14),
(7, 24, 5,'اجازة', '1986-12-06', 7),
(8, 15, 10,'غيبي', '1990-10-14', 13),
(9, 12, 12,'تلاوة', '1971-05-20', 68),
(10, 15, 10,'غيبي', '2009-09-27', 22),
(11, 21, 2,'تلاوة', '2019-12-13', 88),
(12, 20, 9,'غيبي', '1986-02-20', 60),
(13, 25, 3,'اجازة', '1980-03-23', 66),
(14, 26, 1,'غيبي', '1977-11-08', 8),
(15, 21, 8,'تلاوة', '2017-10-06', 7),
(16, 15, 7,'تلاوة', '2012-09-20', 98),
(17, 25, 5,'اجازة', '1994-10-09', 61),
(18, 28, 3,'تلاوة', '1978-08-29', 17),
(19, 27, 1,'تلاوة', '2019-09-16', 30),
(20, 20, 2,'اجازة', '2017-06-20', 90);
INSERT INTO exam(id, supervisor_id, student_level_id, exam_type, part, qty, exam_date)
VALUES(1, 91, 24, 'مرحلي', 8, 11, '2019-06-11'),
(2, 90, 25, 'انتقالي', 2, 9, '1985-11-24'),
(3, 88, 26, 'مرحلي', 24, 10, '2010-08-31'),
(4, 90, 27, 'انتقالي', 3, 6, '1988-06-23'),
(5, 100, 28, 'مرحلي', 3, 13, '2014-04-28'),
(6, 88, 29, 'انتقالي', 18, 11, '2006-11-25'),
(7, 90, 30, 'انتقالي', 21, 15, '2001-10-31'),
(8, 100, 31, 'مرحلي', 2, 15, '2007-07-13'),
(9, 91, 32, 'انتقالي', 26, 7, '1975-09-04'),
(10, 88, 33, 'انتقالي', 29, 9, '1997-12-14'),
(11, 90, 34, 'انتقالي', 10, 12, '2014-06-17'),
(12, 88, 35, 'مرحلي', 4, 23, '2011-09-06'),
(13, 91, 36, 'مرحلي', 4, 29, '2004-03-19'),
(14, 90, 37, 'مرحلي', 26, 11, '1980-03-16'),
(15, 90, 38, 'مرحلي', 14, 13, '2012-09-23'),
(16, 88, 39, 'انتقالي', 13, 6, '2008-10-17'),
(17, 91, 40, 'انتقالي', 27, 13, '2004-11-05'),
(18, 90, 41, 'انتقالي', 23, 8, '1990-10-04'),
(19, 88, 42, 'مرحلي', 6, 21, '1990-07-04'),
(20, 90, 43, 'انتقالي', 25, 26, '2009-08-02'),
(21, 100, 44, 'انتقالي', 23, 27, '1978-06-02'),
(22, 91, 45, 'مرحلي', 24, 12, '2015-08-05'),
(23, 88, 46, 'انتقالي', 23, 1, '2001-03-29'),
(24, 88, 47, 'مرحلي', 7, 17, '2009-10-28'),
(25, 88, 48, 'مرحلي', 3, 12, '2014-01-19'),
(26, 90, 49, 'انتقالي', 28, 4, '1989-04-01'),
(27, 88, 50, 'انتقالي', 8, 30, '2022-05-31'),
(28, 100, 51, 'انتقالي', 26, 29, '1991-06-13'),
(29, 100, 52, 'انتقالي', 19, 20, '1998-08-26'),
(30, 90, 53, 'انتقالي', 30, 13, '1983-08-10'),
(31, 100, 54, 'مرحلي', 30, 7, '1980-05-18'),
(32, 91, 55, 'مرحلي', 13, 17, '2017-07-29'),
(33, 88, 56, 'مرحلي', 4, 29, '2024-04-18'),
(34, 90, 57, 'انتقالي', 18, 8, '1971-07-23'),
(35, 91, 58, 'مرحلي', 17, 27, '1988-09-25'),
(36, 91, 59, 'انتقالي', 5, 29, '1987-03-25'),
(37, 100, 60, 'انتقالي', 10, 18, '2009-03-02'),
(38, 88, 61, 'انتقالي', 2, 5, '2006-05-02'),
(39, 91, 62, 'انتقالي', 15, 22, '2013-03-04'),
(40, 100, 63, 'مرحلي', 25, 16, '2013-12-12'),
(41, 88, 64, 'مرحلي', 23, 12, '1980-07-24'),
(42, 91, 65, 'مرحلي', 7, 19, '2006-11-29'),
(43, 100, 66, 'انتقالي', 3, 13, '2007-12-04'),
(44, 88, 67, 'انتقالي', 9, 6, '2010-11-19'),
(45, 91, 68, 'مرحلي', 2, 17, '2005-04-17'),
(46, 88, 69, 'انتقالي', 20, 14, '2001-06-11'),
(47, 88, 70, 'مرحلي', 19, 8, '2001-08-03'),
(48, 88, 71, 'مرحلي', 3, 14, '1986-05-14'),
(49, 90, 72, 'مرحلي', 11, 16, '2020-04-02'),
(50, 90, 73, 'مرحلي', 9, 4, '1977-12-02'),
(51, 88, 74, 'مرحلي', 13, 30, '1991-04-24'),
(52, 91, 75, 'مرحلي', 18, 22, '1997-06-20'),
(53, 100, 76, 'مرحلي', 25, 17, '1976-05-27');
INSERT INTO exam_error(error_id, exam_id, details, error_word)
VALUES(3, 1, 'Dolore.', 'quo'),
(3, 2, 'Saepe optio.', 'nobis'),
(2, 3, 'Cum.', 'id'),
(1, 4, 'Fugiat vel.', 'sed'),
(1, 5, 'Quibusdam fugiat.', 'possimus'),
(1, 6, 'Ipsam.', 'alias'),
(3, 7, 'Dicta.', 'eaque'),
(2, 8, 'Officia.', 'similique'),
(1, 9, 'Nemo quis.', 'tempore'),
(3, 10, 'Accusantium.', 'ullam'),
(1, 11, 'Molestias.', 'magnam'),
(1, 12, 'Ipsam.', 'quod'),
(1, 13, 'Nam.', 'natus'),
(2, 14, 'Quo perferendis.', 'incidunt'),
(3, 15, 'Exercitationem cum.', 'reprehenderit'),
(2, 16, 'Ut.', 'nostrum'),
(1, 17, 'Rerum.', 'adipisci'),
(3, 18, 'Impedit.', 'facere'),
(3, 19, 'In eligendi.', 'quasi'),
(1, 20, 'Quos.', 'vel'),
(2, 21, 'Sint.', 'accusantium'),
(2, 22, 'Odit veniam.', 'non'),
(2, 23, 'Ducimus enim.', 'occaecati'),
(1, 24, 'Ab modi.', 'fuga'),
(1, 25, 'Nobis soluta.', 'dolores'),
(2, 26, 'Perferendis id.', 'dignissimos'),
(1, 27, 'Debitis.', 'provident'),
(3, 28, 'Perspiciatis.', 'in'),
(2, 29, 'Doloremque quaerat.', 'natus'),
(2, 30, 'Earum autem.', 'earum'),
(2, 31, 'Eius.', 'deserunt'),
(2, 32, 'Ipsa cupiditate.', 'illum'),
(1, 33, 'Perferendis alias.', 'laudantium'),
(1, 34, 'Delectus.', 'odio'),
(2, 35, 'Dolor non.', 'officiis'),
(2, 36, 'Aspernatur at.', 'aliquid'),
(3, 37, 'Consectetur.', 'asperiores'),
(1, 38, 'Mollitia quo.', 'aliquid'),
(1, 39, 'Et consequuntur.', 'quo'),
(3, 40, 'Beatae amet.', 'ut'),
(2, 41, 'Eum.', 'alias'),
(3, 42, 'Iure.', 'voluptate'),
(2, 43, 'Voluptatibus blanditiis.', 'repellat'),
(3, 44, 'Itaque.', 'necessitatibus'),
(1, 45, 'Autem.', 'a'),
(3, 46, 'Minus.', 'dignissimos'),
(3, 47, 'Veniam culpa.', 'quidem'),
(1, 48, 'Dignissimos esse.', 'facilis'),
(1, 49, 'Veritatis eius.', 'molestiae'),
(2, 50, 'Corrupti unde.', 'blanditiis'),
(3, 51, 'Totam quasi.', 'nam'),
(2, 52, 'Numquam.', 'commodi'),
(2, 53, 'Odit.', 'soluta');
INSERT INTO activity_type(id, name)
VALUES(1, 'حديث'),
(2, 'فقه'),
(3, 'عقيدة'),
(4, 'سيرة'),
(5, 'صحابة'),
(6, 'تدبّر'),
(7, 'لغتي وقرآني'),
(8, 'نظم الجزريّة'),
(9, 'تجويد'),
(10, 'أسماء الله الحسنى');
INSERT INTO activity(id, title, activity_type_id, coordinator_id, presenter_id, activity_date)
VALUES(1, 'Veniam reprehenderit et ad.', 2, 89, 93,'2020-09-22'),
(2, 'Perspiciatis asperiores voluptatibus.', 7, 96, 97,'1973-12-26'),
(3, 'Eius repudiandae provident nesciunt.', 6, 95, 98,'1996-03-24'),
(4, 'Velit repellat soluta.', 8, 89, 98,'1991-02-28'),
(5, 'Necessitatibus iusto repudiandae.', 7, 93, 100,'2024-02-06'),
(6, 'Impedit autem saepe exercitationem ipsam.', 9, 95, 94,'2017-01-29'),
(7, 'Saepe libero quibusdam explicabo.', 1, 88, 99,'2002-12-25'),
(8, 'Beatae qui consectetur facere.', 2, 94, 93,'2020-06-14'),
(9, 'Maiores voluptatum sint.', 8, 94, 90,'2008-05-28'),
(10, 'At voluptates nobis eveniet.', 3, 99, 100,'2006-11-12'),
(11, 'Sint cum veniam dolorem.', 9, 100, 100,'1988-08-24'),
(12, 'Ut omnis.', 2, 89, 97,'2005-11-07'),
(13, 'Dolorem doloremque sapiente.', 4, 98, 96,'1998-09-16'),
(14, 'Sit culpa repellendus nisi dicta.', 2, 93, 89,'2015-10-13'),
(15, 'Dolores facilis.', 10, 95, 98,'1970-03-04'),
(16, 'Eos voluptatibus.', 7, 89, 94,'2012-09-25'),
(17, 'Est quisquam.', 10, 93, 91,'2018-05-08'),
(18, 'Eum earum.', 2, 99, 100,'1986-03-12'),
(19, 'Consequatur pariatur quisquam laborum.', 1, 96, 88,'2001-07-20'),
(20, 'Quia eligendi porro perferendis.', 10, 95, 93,'1976-09-17');
INSERT INTO activity_student(id, activity_id, student_id)
VALUES(1, '2', '50'),
(2, '14', '54'),
(3, '3', '42'),
(4, '4', '68'),
(5, '20', '39'),
(6, '6', '14'),
(7, '10', '35'),
(8, '17', '27'),
(9, '13', '27'),
(10, '17', '46'),
(11, '18', '41'),
(12, '17', '69'),
(13, '4', '47'),
(14, '16', '82'),
(15, '7', '67'),
(16, '17', '11'),
(17, '18', '7'),
(18, '14', '13'),
(19, '7', '66'),
(20, '3', '45'),
(21, '7', '2'),
(22, '14', '20'),
(23, '5', '5'),
(24, '16', '56'),
(25, '5', '14'),
(26, '16', '64'),
(27, '3', '56'),
(28, '18', '60'),
(29, '12', '72'),
(30, '5', '62'),
(31, '18', '50'),
(32, '19', '56'),
(33, '20', '37'),
(34, '1', '22'),
(35, '18', '44'),
(36, '14', '41'),
(37, '3', '20'),
(38, '16', '42'),
(39, '12', '19'),
(40, '17', '26'),
(41, '12', '66'),
(42, '9', '71'),
(43, '6', '79'),
(44, '16', '70'),
(45, '9', '88'),
(46, '16', '14'),
(47, '9', '58'),
(48, '15', '62'),
(49, '16', '17'),
(50, '7', '68'),
(51, '5', '59'),
(52, '14', '3'),
(53, '7', '54'),
(54, '15', '67'),
(55, '6', '57'),
(56, '9', '65'),
(57, '14', '50'),
(58, '13', '73'),
(59, '7', '14'),
(60, '7', '26'),
(61, '12', '12'),
(62, '18', '8'),
(63, '11', '51'),
(64, '2', '26'),
(65, '8', '49'),
(66, '7', '65'),
(67, '18', '47'),
(68, '1', '37'),
(69, '14', '12'),
(70, '2', '22'),
(71, '9', '48'),
(72, '10', '88'),
(73, '10', '32'),
(74, '5', '25'),
(75, '14', '27'),
(76, '11', '7'),
(77, '9', '12'),
(78, '18', '77'),
(79, '3', '27'),
(80, '5', '37'),
(81, '11', '16'),
(82, '18', '66'),
(83, '1', '12'),
(84, '1', '50'),
(85, '12', '82'),
(86, '3', '47'),
(87, '4', '43'),
(88, '12', '89'),
(89, '12', '71'),
(90, '16', '79'),
(91, '5', '86'),
(92, '19', '24'),
(93, '8', '71'),
(94, '1', '69'),
(95, '20', '78'),
(96, '11', '71'),
(97, '14', '58'),
(98, '18', '7'),
(99, '11', '71'),
(100, '10', '40'),
(101, '1', '7'),
(102, '19', '38'),
(103, '14', '27'),
(104, '20', '17'),
(105, '3', '10'),
(106, '8', '45'),
(107, '16', '39'),
(108, '7', '79'),
(109, '19', '84'),
(110, '18', '50'),
(111, '20', '8'),
(112, '7', '89'),
(113, '19', '11'),
(114, '16', '11'),
(115, '3', '77'),
(116, '12', '39'),
(117, '8', '10'),
(118, '6', '37'),
(119, '20', '76'),
(120, '3', '34'),
(121, '8', '28'),
(122, '14', '58'),
(123, '20', '19'),
(124, '3', '63'),
(125, '8', '56'),
(126, '10', '7'),
(127, '4', '5'),
(128, '10', '26'),
(129, '14', '44'),
(130, '5', '22'),
(131, '7', '17'),
(132, '19', '28'),
(133, '14', '16'),
(134, '5', '7'),
(135, '18', '82'),
(136, '12', '1'),
(137, '13', '48'),
(138, '5', '19'),
(139, '11', '42'),
(140, '8', '83'),
(141, '8', '53'),
(142, '19', '9'),
(143, '7', '57'),
(144, '10', '60'),
(145, '1', '72'),
(146, '2', '34'),
(147, '7', '40'),
(148, '17', '25'),
(149, '3', '9'),
(150, '1', '80'),
(151, '20', '6'),
(152, '16', '50'),
(153, '19', '55'),
(154, '15', '33'),
(155, '20', '61'),
(156, '18', '50'),
(157, '18', '1'),
(158, '12', '30'),
(159, '5', '5'),
(160, '7', '26'),
(161, '19', '83'),
(162, '2', '6'),
(163, '13', '49'),
(164, '14', '39'),
(165, '14', '54'),
(166, '15', '36'),
(167, '1', '40'),
(168, '15', '67'),
(169, '8', '11'),
(170, '3', '17'),
(171, '5', '56'),
(172, '5', '59'),
(173, '9', '12'),
(174, '7', '7'),
(175, '10', '43'),
(176, '6', '23'),
(177, '19', '53'),
(178, '9', '46'),
(179, '19', '89'),
(180, '15', '89'),
(181, '2', '45'),
(182, '19', '3'),
(183, '6', '84'),
(184, '14', '23'),
(185, '1', '62'),
(186, '6', '49'),
(187, '3', '87'),
(188, '2', '65'),
(189, '17', '29'),
(190, '13', '3'),
(191, '8', '2'),
(192, '6', '77'),
(193, '5', '65'),
(194, '19', '12'),
(195, '11', '31'),
(196, '8', '48'),
(197, '20', '26'),
(198, '11', '73'),
(199, '7', '61'),
(200, '9', '48'),
(201, '5', '90'),
(202, '11', '40'),
(203, '3', '36'),
(204, '12', '27'),
(205, '14', '66'),
(206, '7', '45'),
(207, '5', '48'),
(208, '17', '17'),
(209, '20', '70'),
(210, '15', '15'),
(211, '13', '77'),
(212, '4', '82'),
(213, '20', '78'),
(214, '4', '33'),
(215, '5', '24'),
(216, '20', '34'),
(217, '1', '59'),
(218, '2', '35'),
(219, '18', '79'),
(220, '3', '45'),
(221, '20', '71'),
(222, '14', '46'),
(223, '12', '33'),
(224, '7', '51'),
(225, '10', '90'),
(226, '16', '53'),
(227, '20', '58'),
(228, '20', '40'),
(229, '20', '43'),
(230, '18', '22'),
(231, '20', '55'),
(232, '6', '76'),
(233, '3', '78'),
(234, '17', '85'),
(235, '20', '2'),
(236, '7', '43'),
(237, '18', '77'),
(238, '5', '50'),
(239, '18', '53'),
(240, '20', '88'),
(241, '1', '68'),
(242, '20', '53'),
(243, '17', '27'),
(244, '6', '3'),
(245, '6', '74'),
(246, '11', '83'),
(247, '12', '58'),
(248, '9', '31'),
(249, '4', '68'),
(250, '8', '53'),
(251, '15', '2'),
(252, '18', '58'),
(253, '4', '60'),
(254, '17', '1'),
(255, '19', '18'),
(256, '12', '59'),
(257, '16', '47'),
(258, '7', '84'),
(259, '10', '28'),
(260, '6', '47'),
(261, '5', '19'),
(262, '6', '32'),
(263, '8', '50'),
(264, '14', '2'),
(265, '19', '32'),
(266, '15', '24'),
(267, '8', '53'),
(268, '7', '90'),
(269, '19', '22'),
(270, '3', '22'),
(271, '7', '59'),
(272, '10', '66'),
(273, '20', '85'),
(274, '11', '28'),
(275, '6', '37'),
(276, '9', '72'),
(277, '10', '86'),
(278, '12', '17'),
(279, '8', '87'),
(280, '14', '77'),
(281, '4', '38'),
(282, '9', '30'),
(283, '5', '35'),
(284, '20', '88'),
(285, '19', '66'),
(286, '19', '15'),
(287, '16', '41'),
(288, '5', '52'),
(289, '19', '26'),
(290, '5', '58'),
(291, '15', '57'),
(292, '1', '44'),
(293, '9', '27'),
(294, '12', '74'),
(295, '16', '86'),
(296, '15', '16'),
(297, '5', '70'),
(298, '10', '28'),
(299, '13', '36'),
(300, '13', '68'),
(301, '17', '41'),
(302, '8', '67'),
(303, '1', '31'),
(304, '11', '70'),
(305, '14', '46'),
(306, '18', '24'),
(307, '19', '30'),
(308, '13', '51'),
(309, '19', '46'),
(310, '14', '66'),
(311, '3', '89'),
(312, '13', '61'),
(313, '18', '11'),
(314, '3', '6'),
(315, '6', '49'),
(316, '12', '39'),
(317, '10', '69'),
(318, '20', '84'),
(319, '7', '48'),
(320, '11', '53'),
(321, '6', '85'),
(322, '15', '90'),
(323, '8', '70'),
(324, '5', '76'),
(325, '10', '2'),
(326, '10', '39'),
(327, '3', '61'),
(328, '11', '84'),
(329, '7', '25'),
(330, '19', '37'),
(331, '11', '32'),
(332, '13', '70'),
(333, '9', '47'),
(334, '4', '25'),
(335, '12', '64'),
(336, '17', '76'),
(337, '18', '82'),
(338, '12', '23'),
(339, '5', '68'),
(340, '14', '78'),
(341, '4', '64'),
(342, '12', '80'),
(343, '3', '32'),
(344, '15', '41'),
(345, '20', '15'),
(346, '8', '84'),
(347, '18', '73'),
(348, '13', '17'),
(349, '8', '21'),
(350, '15', '45'),
(351, '18', '35'),
(352, '6', '55'),
(353, '5', '65'),
(354, '14', '75'),
(355, '9', '13'),
(356, '7', '51'),
(357, '20', '70'),
(358, '2', '81'),
(359, '9', '89'),
(360, '2', '67'),
(361, '3', '37'),
(362, '4', '69'),
(363, '16', '22'),
(364, '2', '61'),
(365, '20', '32'),
(366, '19', '64'),
(367, '20', '83'),
(368, '13', '8'),
(369, '3', '30'),
(370, '8', '6'),
(371, '1', '55'),
(372, '13', '86'),
(373, '9', '35'),
(374, '7', '81'),
(375, '14', '20'),
(376, '2', '7'),
(377, '2', '15'),
(378, '10', '82'),
(379, '5', '60'),
(380, '4', '80'),
(381, '10', '37'),
(382, '17', '30'),
(383, '5', '4'),
(384, '19', '60'),
(385, '12', '2'),
(386, '4', '14'),
(387, '4', '4'),
(388, '4', '64'),
(389, '16', '30'),
(390, '17', '86'),
(391, '2', '87'),
(392, '14', '5'),
(393, '19', '13'),
(394, '12', '82'),
(395, '2', '47'),
(396, '18', '2'),
(397, '10', '27'),
(398, '18', '53'),
(399, '16', '80'),
(400, '14', '19'),
(401, '18', '85'),
(402, '10', '67'),
(403, '20', '9'),
(404, '9', '50'),
(405, '19', '30'),
(406, '12', '73'),
(407, '11', '22'),
(408, '2', '83'),
(409, '6', '32'),
(410, '12', '37'),
(411, '1', '20'),
(412, '3', '71'),
(413, '18', '43'),
(414, '20', '29'),
(415, '4', '61'),
(416, '1', '29'),
(417, '6', '13'),
(418, '5', '78'),
(419, '20', '70'),
(420, '20', '65'),
(421, '8', '18'),
(422, '3', '63'),
(423, '9', '89'),
(424, '12', '39'),
(425, '1', '34'),
(426, '2', '79'),
(427, '14', '6'),
(428, '16', '53'),
(429, '3', '54'),
(430, '20', '56'),
(431, '18', '10'),
(432, '3', '67'),
(433, '6', '32'),
(434, '16', '45'),
(435, '8', '64'),
(436, '3', '43'),
(437, '15', '61'),
(438, '15', '19'),
(439, '8', '46'),
(440, '6', '30'),
(441, '7', '62'),
(442, '20', '46'),
(443, '17', '22'),
(444, '15', '76'),
(445, '5', '30'),
(446, '14', '88'),
(447, '10', '64'),
(448, '10', '23'),
(449, '11', '31'),
(450, '9', '53'),
(451, '11', '27'),
(452, '7', '19'),
(453, '18', '63'),
(454, '8', '67'),
(455, '18', '70'),
(456, '14', '42'),
(457, '16', '42'),
(458, '2', '48'),
(459, '18', '2'),
(460, '13', '24'),
(461, '20', '4'),
(462, '16', '78'),
(463, '14', '11'),
(464, '20', '87'),
(465, '17', '38'),
(466, '19', '2'),
(467, '7', '2'),
(468, '12', '72'),
(469, '16', '13'),
(470, '13', '87'),
(471, '19', '23'),
(472, '9', '34'),
(473, '19', '59'),
(474, '17', '72'),
(475, '15', '2'),
(476, '6', '33'),
(477, '11', '27'),
(478, '8', '7'),
(479, '12', '70'),
(480, '17', '62'),
(481, '20', '33'),
(482, '10', '89'),
(483, '10', '63'),
(484, '2', '32'),
(485, '3', '14'),
(486, '18', '7'),
(487, '7', '32'),
(488, '12', '53'),
(489, '4', '78'),
(490, '4', '40'),
(491, '1', '42'),
(492, '17', '32'),
(493, '12', '52'),
(494, '1', '67'),
(495, '19', '15'),
(496, '8', '23'),
(497, '13', '52'),
(498, '3', '37'),
(499, '2', '61'),
(500, '3', '25'),
(501, '4', '57'),
(502, '15', '51'),
(503, '19', '39'),
(504, '20', '8'),
(505, '16', '28'),
(506, '5', '54'),
(507, '19', '84'),
(508, '18', '83'),
(509, '15', '73'),
(510, '3', '83'),
(511, '6', '55'),
(512, '9', '12'),
(513, '5', '55'),
(514, '10', '16'),
(515, '8', '54'),
(516, '14', '80'),
(517, '17', '45'),
(518, '14', '23'),
(519, '16', '69'),
(520, '6', '40'),
(521, '6', '36'),
(522, '9', '15'),
(523, '3', '86'),
(524, '14', '60'),
(525, '14', '75'),
(526, '3', '56'),
(527, '17', '4'),
(528, '11', '20'),
(529, '7', '82'),
(530, '12', '89'),
(531, '9', '56'),
(532, '4', '32'),
(533, '17', '73'),
(534, '13', '61'),
(535, '18', '58'),
(536, '6', '42'),
(537, '10', '80'),
(538, '15', '17'),
(539, '16', '19'),
(540, '11', '27'),
(541, '8', '23'),
(542, '7', '9'),
(543, '6', '22'),
(544, '12', '17'),
(545, '17', '14'),
(546, '12', '25'),
(547, '5', '28'),
(548, '15', '70'),
(549, '3', '89'),
(550, '14', '23'),
(551, '20', '67'),
(552, '8', '37'),
(553, '8', '19'),
(554, '3', '38'),
(555, '6', '61'),
(556, '17', '66'),
(557, '4', '7'),
(558, '2', '25'),
(559, '1', '53'),
(560, '5', '5'),
(561, '20', '84'),
(562, '19', '90'),
(563, '7', '63'),
(564, '15', '57'),
(565, '2', '15'),
(566, '2', '24'),
(567, '15', '20'),
(568, '10', '11'),
(569, '10', '69'),
(570, '4', '34'),
(571, '2', '80'),
(572, '20', '72'),
(573, '19', '67'),
(574, '12', '21'),
(575, '7', '72'),
(576, '7', '79'),
(577, '11', '15'),
(578, '17', '23'),
(579, '3', '60'),
(580, '2', '13'),
(581, '16', '7'),
(582, '12', '68'),
(583, '3', '20'),
(584, '4', '37'),
(585, '20', '13'),
(586, '14', '15'),
(587, '17', '31'),
(588, '6', '62'),
(589, '17', '77'),
(590, '5', '66'),
(591, '16', '42'),
(592, '10', '12'),
(593, '15', '22'),
(594, '20', '27'),
(595, '15', '75'),
(596, '9', '63'),
(597, '3', '64'),
(598, '1', '63'),
(599, '5', '51'),
(600, '11', '13');COMMIT;
